"workload","precision","memory_profile","matrix_count","mapping","recurrence_matrix_penalty","dedicated_recurrence_count","valid","errors","dsp","cost_proxy","prefill_latency_ms","prefill_throughput","prefill_gdn_compute_ms","prefill_gdn_matrix_ms","prefill_gdn_tail_ms","prefill_gdn_l1_ms","prefill_gdn_hbm_ms","prefill_gdn_pools","decode_latency_ms","decode_throughput","decode_gdn_compute_ms","decode_gdn_matrix_ms","decode_gdn_tail_ms","decode_gdn_l1_ms","decode_gdn_hbm_ms","decode_gdn_pools"
"captured-pp128","w8a16","bandwidth-constrained","1","vector","","0","true","","320","3144","3327.060637250087","38.472397697505066","157.82399999999998","0","0","170.1233901553434","0.24164264442127215","Vector","42.75313729672136","23.390096335145152","1.2329999999999999","0","0","1.8541764645330332","0.4832852888425443","Vector"
"captured-pp128","w8a16","bandwidth-constrained","1","matrix","1","0","true","","320","3144","3278.6648218654736","39.040282235123804","54.464365714285734","31.45728000000002","23.00708571428572","121.72757477072801","0.24164264442127215","Matrix;Vector","42.37504498902907","23.598795004439538","0.4255028571428573","0.24576000000000015","0.17974285714285718","1.4760841568407264","0.4832852888425443","Matrix;Vector"
"captured-pp128","w8a16","bandwidth-constrained","1","matrix","2","0","true","","320","3144","3278.6648218654736","39.040282235123804","85.92164571428569","62.91456000000004","23.00708571428572","121.72757477072801","0.24164264442127215","Matrix;Vector","42.37504498902907","23.598795004439538","0.6712628571428569","0.4915200000000003","0.17974285714285718","1.4760841568407264","0.4832852888425443","Matrix;Vector"
"captured-pp128","w8a16","bandwidth-constrained","1","matrix","4","0","true","","320","3144","3305.7734528090286","38.72013670242104","148.8362057142857","125.82912000000007","23.00708571428572","121.72757477072801","0.24164264442127215","Matrix;Vector","42.37504498902907","23.598795004439538","1.1627828571428571","0.9830400000000006","0.17974285714285718","1.4760841568407264","0.4832852888425443","Matrix;Vector"
"captured-pp128","w8a16","bandwidth-constrained","1","matrix","8","0","true","","320","3144","3431.602572809027","37.30035669463387","274.66532571428576","251.65824000000015","23.00708571428572","121.72757477072801","0.24164264442127215","Matrix;Vector","43.04478368933119","23.231618660633522","2.1458228571428575","1.9660800000000012","0.17974285714285718","1.4760841568407264","0.4832852888425443","Matrix;Vector"
"captured-pp128","w8a16","bandwidth-constrained","1","matrix","16","0","true","","320","3144","3683.2608128090246","34.75181544431042","526.3235657142857","503.3164800000003","23.00708571428572","121.72757477072801","0.24164264442127215","Matrix;Vector","44.07059948832375","22.69086446770356","4.111902857142857","3.9321600000000023","0.17974285714285718","1.4760841568407264","0.4832852888425443","Matrix;Vector"
"captured-pp128","w8a16","bandwidth-constrained","1","matrix","32","0","true","","320","3144","4186.577292809035","30.573901076627884","1029.6400457142856","1006.6329600000006","23.00708571428572","121.72757477072801","0.24164264442127215","Matrix;Vector","48.002759488323754","20.832135707599083","8.044062857142857","7.864320000000005","0.17974285714285718","1.4760841568407264","0.4832852888425443","Matrix;Vector"
"captured-pp128","w8a16","bandwidth-constrained","1","dedicated","","1","true","","448","4432","3156.7546987885517","40.54797163971016","157.82399999999998","0","0","0.9270824630357476","0.24164264442127215","Recurrent","42.13196083218835","23.73495038559922","1.2329999999999999","0","0","0.7198995414561107","0.4832852888425443","Recurrent"
"captured-pp128","w8a16","bandwidth-constrained","1","dedicated","","2","true","","576","5720","3156.7546987885517","40.54797163971016","78.91199999999999","0","0","0.9270824630357476","0.24164264442127215","Recurrent","41.61886037364447","24.027568055017174","0.6164999999999999","0","0","0.7198995414561107","0.4832852888425443","Recurrent"
"captured-pp128","w8a16","bandwidth-constrained","1","dedicated","","4","true","","832","8296","3156.7546987885517","40.54797163971016","39.455999999999996","0","0","0.9270824630357476","0.24164264442127215","Recurrent","41.61886037364447","24.027568055017174","0.30824999999999997","0","0","0.7198995414561107","0.4832852888425443","Recurrent"
"captured-pp128","w8a16","bandwidth-constrained","1","dedicated","","8","true","","1344","13448","3156.7546987885517","40.54797163971016","19.727999999999998","0","0","0.9270824630357476","0.24164264442127215","Recurrent","41.61886037364447","24.027568055017174","0.15412499999999998","0","0","0.7198995414561107","0.4832852888425443","Recurrent"
"captured-pp128","w8a16","bandwidth-constrained","1","dedicated","","16","true","","2368","23752","3156.7546987885517","40.54797163971016","9.863999999999999","0","0","0.9270824630357476","0.24164264442127215","Recurrent","41.61886037364447","24.027568055017174","0.07706249999999999","0","0","0.7198995414561107","0.4832852888425443","Recurrent"
"captured-pp128","w8a16","bandwidth-constrained","2","vector","","0","true","","576","3400","1769.2684848691554","72.3462838425374","157.82399999999998","0","0","170.1233901553434","0.24164264442127215","Vector","42.69297729672136","23.423056046194176","1.2329999999999999","0","0","1.8541764645330332","0.4832852888425443","Vector"
"captured-pp128","w8a16","bandwidth-constrained","2","matrix","1","0","true","","576","3400","1720.8726694845404","74.3808663300698","38.735725714285714","15.72864000000001","23.00708571428572","121.72757477072801","0.24164264442127215","Matrix;Vector","42.31488498902908","23.632345928844387","0.30262285714285714","0.12288000000000007","0.17974285714285718","1.4760841568407264","0.4832852888425443","Matrix;Vector"
"captured-pp128","w8a16","bandwidth-constrained","2","matrix","2","0","true","","576","3400","1720.8726694845404","74.3808663300698","54.464365714285734","31.45728000000002","23.00708571428572","121.72757477072801","0.24164264442127215","Matrix;Vector","42.31488498902908","23.632345928844387","0.4255028571428573","0.24576000000000015","0.17974285714285718","1.4760841568407264","0.4832852888425443","Matrix;Vector"
"captured-pp128","w8a16","bandwidth-constrained","2","matrix","4","0","true","","576","3400","1720.8726694845404","74.3808663300698","85.92164571428569","62.91456000000004","23.00708571428572","121.72757477072801","0.24164264442127215","Matrix;Vector","42.31488498902908","23.632345928844387","0.6712628571428569","0.4915200000000003","0.17974285714285718","1.4760841568407264","0.4832852888425443","Matrix;Vector"
"captured-pp128","w8a16","bandwidth-constrained","2","matrix","8","0","true","","576","3400","1747.981300428098","73.22732798608975","148.8362057142857","125.82912000000007","23.00708571428572","121.72757477072801","0.24164264442127215","Matrix;Vector","42.31488498902908","23.632345928844387","1.1627828571428571","0.9830400000000006","0.17974285714285718","1.4760841568407264","0.4832852888425443","Matrix;Vector"
"captured-pp128","w8a16","bandwidth-constrained","2","matrix","16","0","true","","576","3400","1873.8104204280949","68.3100054330773","274.66532571428576","251.65824000000015","23.00708571428572","121.72757477072801","0.24164264442127215","Matrix;Vector","42.98462368933119","23.26413294268761","2.1458228571428575","1.9660800000000012","0.17974285714285718","1.4760841568407264","0.4832852888425443","Matrix;Vector"
"captured-pp128","w8a16","bandwidth-constrained","2","matrix","32","0","true","","576","3400","2125.4686604280914","60.22201238865572","526.3235657142857","503.3164800000003","23.00708571428572","121.72757477072801","0.24164264442127215","Matrix;Vector","44.010439488323755","22.721881708663833","4.111902857142857","3.9321600000000023","0.17974285714285718","1.4760841568407264","0.4832852888425443","Matrix;Vector"
"captured-pp128","w8a16","bandwidth-constrained","2","dedicated","","1","true","","704","4688","1669.9208432852442","76.65033975394003","157.82399999999998","0","0","0.9270824630357476","0.24164264442127215","Recurrent","42.07180083218836","23.76888985543301","1.2329999999999999","0","0","0.7198995414561107","0.4832852888425443","Recurrent"
"captured-pp128","w8a16","bandwidth-constrained","2","dedicated","","2","true","","832","5976","1598.9625464076203","80.05190633612828","78.91199999999999","0","0","0.9270824630357476","0.24164264442127215","Recurrent","41.55870037364448","24.062350145919762","0.6164999999999999","0","0","0.7198995414561107","0.4832852888425443","Recurrent"
"captured-pp128","w8a16","bandwidth-constrained","2","dedicated","","4","true","","1088","8552","1598.9625464076203","80.05190633612828","39.455999999999996","0","0","0.9270824630357476","0.24164264442127215","Recurrent","41.55870037364448","24.062350145919762","0.30824999999999997","0","0","0.7198995414561107","0.4832852888425443","Recurrent"
"captured-pp128","w8a16","bandwidth-constrained","2","dedicated","","8","true","","1600","13704","1598.9625464076203","80.05190633612828","19.727999999999998","0","0","0.9270824630357476","0.24164264442127215","Recurrent","41.55870037364448","24.062350145919762","0.15412499999999998","0","0","0.7198995414561107","0.4832852888425443","Recurrent"
"captured-pp128","w8a16","bandwidth-constrained","2","dedicated","","16","true","","2624","24008","1598.9625464076203","80.05190633612828","9.863999999999999","0","0","0.9270824630357476","0.24164264442127215","Recurrent","41.55870037364448","24.062350145919762","0.07706249999999999","0","0","0.7198995414561107","0.4832852888425443","Recurrent"
"captured-pp128","w8a16","bandwidth-constrained","4","vector","","0","true","","1088","3912","990.3799515358455","129.24332707008276","157.82399999999998","0","0","170.1233901553434","0.24164264442127215","Vector","42.69297729672136","23.423056046194176","1.2329999999999999","0","0","1.8541764645330332","0.4832852888425443","Vector"
"captured-pp128","w8a16","bandwidth-constrained","4","matrix","1","0","true","","1088","3912","941.9841361512299","135.88339239234318","30.871405714285725","7.864320000000005","23.00708571428572","121.72757477072801","0.24164264442127215","Matrix;Vector","42.31488498902908","23.632345928844387","0.24118285714285723","0.061440000000000036","0.17974285714285718","1.4760841568407264","0.4832852888425443","Matrix;Vector"
"captured-pp128","w8a16","bandwidth-constrained","4","matrix","2","0","true","","1088","3912","941.9841361512299","135.88339239234318","38.735725714285714","15.72864000000001","23.00708571428572","121.72757477072801","0.24164264442127215","Matrix;Vector","42.31488498902908","23.632345928844387","0.30262285714285714","0.12288000000000007","0.17974285714285718","1.4760841568407264","0.4832852888425443","Matrix;Vector"
"captured-pp128","w8a16","bandwidth-constrained","4","matrix","4","0","true","","1088","3912","941.9841361512299","135.88339239234318","54.464365714285734","31.45728000000002","23.00708571428572","121.72757477072801","0.24164264442127215","Matrix;Vector","42.31488498902908","23.632345928844387","0.4255028571428573","0.24576000000000015","0.17974285714285718","1.4760841568407264","0.4832852888425443","Matrix;Vector"
"captured-pp128","w8a16","bandwidth-constrained","4","matrix","8","0","true","","1088","3912","941.9841361512299","135.88339239234318","85.92164571428569","62.91456000000004","23.00708571428572","121.72757477072801","0.24164264442127215","Matrix;Vector","42.31488498902908","23.632345928844387","0.6712628571428569","0.4915200000000003","0.17974285714285718","1.4760841568407264","0.4832852888425443","Matrix;Vector"
"captured-pp128","w8a16","bandwidth-constrained","4","matrix","16","0","true","","1088","3912","969.0927670947875","132.08229835800665","148.8362057142857","125.82912000000007","23.00708571428572","121.72757477072801","0.24164264442127215","Matrix;Vector","42.31488498902908","23.632345928844387","1.1627828571428571","0.9830400000000006","0.17974285714285718","1.4760841568407264","0.4832852888425443","Matrix;Vector"
"captured-pp128","w8a16","bandwidth-constrained","4","matrix","32","0","true","","1088","3912","1094.9218870947834","116.90331658236319","274.66532571428576","251.65824000000015","23.00708571428572","121.72757477072801","0.24164264442127215","Matrix;Vector","42.98462368933119","23.26413294268761","2.1458228571428575","1.9660800000000012","0.17974285714285718","1.4760841568407264","0.4832852888425443","Matrix;Vector"
"captured-pp128","w8a16","bandwidth-constrained","4","dedicated","","1","true","","1216","5200","933.5897499519299","137.1051899472875","157.82399999999998","0","0","0.9270824630357476","0.24164264442127215","Recurrent","42.07180083218836","23.76888985543301","1.2329999999999999","0","0","0.7198995414561107","0.4832852888425443","Recurrent"
"captured-pp128","w8a16","bandwidth-constrained","4","dedicated","","2","true","","1344","6488","854.6777499519294","149.76404850506435","78.91199999999999","0","0","0.9270824630357476","0.24164264442127215","Recurrent","41.55870037364448","24.062350145919762","0.6164999999999999","0","0","0.7198995414561107","0.4832852888425443","Recurrent"
"captured-pp128","w8a16","bandwidth-constrained","4","dedicated","","4","true","","1600","9064","820.0740130743047","156.0834729052709","39.455999999999996","0","0","0.9270824630357476","0.24164264442127215","Recurrent","41.55870037364448","24.062350145919762","0.30824999999999997","0","0","0.7198995414561107","0.4832852888425443","Recurrent"
"captured-pp128","w8a16","bandwidth-constrained","4","dedicated","","8","true","","2112","14216","820.0740130743047","156.08347290527087","19.727999999999998","0","0","0.9270824630357476","0.24164264442127215","Recurrent","41.55870037364448","24.062350145919762","0.15412499999999998","0","0","0.7198995414561107","0.4832852888425443","Recurrent"
"captured-pp128","w8a16","bandwidth-constrained","4","dedicated","","16","true","","3136","24520","820.0740130743047","156.0834729052709","9.863999999999999","0","0","0.9270824630357476","0.24164264442127215","Recurrent","41.55870037364448","24.062350145919762","0.07706249999999999","0","0","0.7198995414561107","0.4832852888425443","Recurrent"
"captured-pp128","w8a16","bandwidth-constrained","8","vector","","0","true","","2112","4936","600.9356848691715","213.0011633904993","157.82399999999998","0","0","170.1233901553434","0.24164264442127215","Vector","42.69297729672136","23.423056046194176","1.2329999999999999","0","0","1.8541764645330332","0.4832852888425443","Vector"
"captured-pp128","w8a16","bandwidth-constrained","8","matrix","1","0","true","","2112","4936","552.5398694845542","231.65749128548296","26.939245714285725","3.9321600000000023","23.00708571428572","121.72757477072801","0.24164264442127215","Matrix;Vector","42.31488498902908","23.632345928844387","0.21046285714285723","0.030720000000000018","0.17974285714285718","1.4760841568407264","0.4832852888425443","Matrix;Vector"
"captured-pp128","w8a16","bandwidth-constrained","8","matrix","2","0","true","","2112","4936","552.5398694845542","231.65749128548296","30.871405714285725","7.864320000000005","23.00708571428572","121.72757477072801","0.24164264442127215","Matrix;Vector","42.31488498902908","23.632345928844387","0.24118285714285723","0.061440000000000036","0.17974285714285718","1.4760841568407264","0.4832852888425443","Matrix;Vector"
"captured-pp128","w8a16","bandwidth-constrained","8","matrix","4","0","true","","2112","4936","552.5398694845542","231.65749128548296","38.735725714285714","15.72864000000001","23.00708571428572","121.72757477072801","0.24164264442127215","Matrix;Vector","42.31488498902908","23.632345928844387","0.30262285714285714","0.12288000000000007","0.17974285714285718","1.4760841568407264","0.4832852888425443","Matrix;Vector"
"captured-pp128","w8a16","bandwidth-constrained","8","matrix","8","0","true","","2112","4936","552.5398694845542","231.65749128548296","54.464365714285734","31.45728000000002","23.00708571428572","121.72757477072801","0.24164264442127215","Matrix;Vector","42.31488498902908","23.632345928844387","0.4255028571428573","0.24576000000000015","0.17974285714285718","1.4760841568407264","0.4832852888425443","Matrix;Vector"
"captured-pp128","w8a16","bandwidth-constrained","8","matrix","16","0","true","","2112","4936","552.5398694845542","231.65749128548296","85.92164571428569","62.91456000000004","23.00708571428572","121.72757477072801","0.24164264442127215","Matrix;Vector","42.31488498902908","23.632345928844387","0.6712628571428569","0.4915200000000003","0.17974285714285718","1.4760841568407264","0.4832852888425443","Matrix;Vector"
"captured-pp128","w8a16","bandwidth-constrained","8","matrix","32","0","true","","2112","4936","579.6485004281129","220.8234816539034","148.8362057142857","125.82912000000007","23.00708571428572","121.72757477072801","0.24164264442127215","Matrix;Vector","42.31488498902908","23.632345928844387","1.1627828571428571","0.9830400000000006","0.17974285714285718","1.4760841568407264","0.4832852888425443","Matrix;Vector"
"captured-pp128","w8a16","bandwidth-constrained","8","dedicated","","1","true","","2240","6224","565.4242032852555","226.37870691825376","157.82399999999998","0","0","0.9270824630357476","0.24164264442127215","Recurrent","42.07180083218836","23.76888985543301","1.2329999999999999","0","0","0.7198995414561107","0.4832852888425443","Recurrent"
"captured-pp128","w8a16","bandwidth-constrained","8","dedicated","","2","true","","2368","7512","486.5122032852535","263.09720318557066","78.91199999999999","0","0","0.9270824630357476","0.24164264442127215","Recurrent","41.55870037364448","24.062350145919762","0.6164999999999999","0","0","0.7198995414561107","0.4832852888425443","Recurrent"
"captured-pp128","w8a16","bandwidth-constrained","8","dedicated","","4","true","","2624","10088","447.0562032852543","286.31746760110764","39.455999999999996","0","0","0.9270824630357476","0.24164264442127215","Recurrent","41.55870037364448","24.062350145919762","0.30824999999999997","0","0","0.7198995414561107","0.4832852888425443","Recurrent"
"captured-pp128","w8a16","bandwidth-constrained","8","dedicated","","8","true","","3136","15240","430.62974640763053","297.23910405120097","19.727999999999998","0","0","0.9270824630357476","0.24164264442127215","Recurrent","41.55870037364448","24.062350145919762","0.15412499999999998","0","0","0.7198995414561107","0.4832852888425443","Recurrent"
"captured-pp128","w8a16","bandwidth-constrained","8","dedicated","","16","true","","4160","25544","430.62974640763053","297.239104051201","9.863999999999999","0","0","0.9270824630357476","0.24164264442127215","Recurrent","41.55870037364448","24.062350145919762","0.07706249999999999","0","0","0.7198995414561107","0.4832852888425443","Recurrent"
"captured-pp128","w8a16","bandwidth-constrained","16","vector","","0","true","","4160","6984","406.2135515358363","315.10519409322995","157.82399999999998","0","0","170.1233901553434","0.24164264442127215","Vector","42.69297729672136","23.423056046194176","1.2329999999999999","0","0","1.8541764645330332","0.4832852888425443","Vector"
"captured-pp128","w8a16","bandwidth-constrained","16","matrix","1","0","true","","4160","6984","357.81773615122205","357.7240227854559","24.973165714285724","1.9660800000000012","23.00708571428572","121.72757477072801","0.24164264442127215","Matrix;Vector","42.31488498902908","23.632345928844387","0.19510285714285722","0.015360000000000009","0.17974285714285718","1.4760841568407264","0.4832852888425443","Matrix;Vector"
"captured-pp128","w8a16","bandwidth-constrained","16","matrix","2","0","true","","4160","6984","357.81773615122205","357.7240227854559","26.939245714285725","3.9321600000000023","23.00708571428572","121.72757477072801","0.24164264442127215","Matrix;Vector","42.31488498902908","23.632345928844387","0.21046285714285723","0.030720000000000018","0.17974285714285718","1.4760841568407264","0.4832852888425443","Matrix;Vector"
"captured-pp128","w8a16","bandwidth-constrained","16","matrix","4","0","true","","4160","6984","357.81773615122205","357.7240227854559","30.871405714285725","7.864320000000005","23.00708571428572","121.72757477072801","0.24164264442127215","Matrix;Vector","42.31488498902908","23.632345928844387","0.24118285714285723","0.061440000000000036","0.17974285714285718","1.4760841568407264","0.4832852888425443","Matrix;Vector"
"captured-pp128","w8a16","bandwidth-constrained","16","matrix","8","0","true","","4160","6984","357.81773615122205","357.7240227854559","38.735725714285714","15.72864000000001","23.00708571428572","121.72757477072801","0.24164264442127215","Matrix;Vector","42.31488498902908","23.632345928844387","0.30262285714285714","0.12288000000000007","0.17974285714285718","1.4760841568407264","0.4832852888425443","Matrix;Vector"
"captured-pp128","w8a16","bandwidth-constrained","16","matrix","16","0","true","","4160","6984","357.81773615122205","357.7240227854559","54.464365714285734","31.45728000000002","23.00708571428572","121.72757477072801","0.24164264442127215","Matrix;Vector","42.31488498902908","23.632345928844387","0.4255028571428573","0.24576000000000015","0.17974285714285718","1.4760841568407264","0.4832852888425443","Matrix;Vector"
"captured-pp128","w8a16","bandwidth-constrained","16","matrix","32","0","true","","4160","6984","357.81773615122205","357.7240227854559","85.92164571428569","62.91456000000004","23.00708571428572","121.72757477072801","0.24164264442127215","Matrix;Vector","42.31488498902908","23.632345928844387","0.6712628571428569","0.4915200000000003","0.17974285714285718","1.4760841568407264","0.4832852888425443","Matrix;Vector"
"captured-pp128","w8a16","bandwidth-constrained","16","dedicated","","1","true","","4288","8272","381.3414299519224","335.6572088590993","157.82399999999998","0","0","0.9270824630357476","0.24164264442127215","Recurrent","42.07180083218836","23.76888985543301","1.2329999999999999","0","0","0.7198995414561107","0.4832852888425443","Recurrent"
"captured-pp128","w8a16","bandwidth-constrained","16","dedicated","","2","true","","4416","9560","302.4294299519245","423.239233100917","78.91199999999999","0","0","0.9270824630357476","0.24164264442127215","Recurrent","41.55870037364448","24.062350145919762","0.6164999999999999","0","0","0.7198995414561107","0.4832852888425443","Recurrent"
"captured-pp128","w8a16","bandwidth-constrained","16","dedicated","","4","true","","4672","12136","262.97342995192605","486.74118911328634","39.455999999999996","0","0","0.9270824630357476","0.24164264442127215","Recurrent","41.55870037364448","24.062350145919762","0.30824999999999997","0","0","0.7198995414561107","0.4832852888425443","Recurrent"
"captured-pp128","w8a16","bandwidth-constrained","16","dedicated","","8","true","","5184","17288","243.2454299519261","526.2174916309725","19.727999999999998","0","0","0.9270824630357476","0.24164264442127215","Recurrent","41.55870037364448","24.062350145919762","0.15412499999999998","0","0","0.7198995414561107","0.4832852888425443","Recurrent"
"captured-pp128","w8a16","bandwidth-constrained","16","dedicated","","16","true","","6208","27592","235.9076130743019","542.5852872314251","9.863999999999999","0","0","0.9270824630357476","0.24164264442127215","Recurrent","41.55870037364448","24.062350145919762","0.07706249999999999","0","0","0.7198995414561107","0.4832852888425443","Recurrent"
"captured-pp128","w8a16","middle","1","vector","","0","true","","320","3144","3142.017085898183","40.7381616651552","157.82399999999998","0","0","42.53084753883585","0.08054754814042406","Vector","33.750267821967114","29.629394506586042","1.2329999999999999","0","0","0.4635441161332583","0.16109509628084812","Vector"
"captured-pp128","w8a16","middle","1","matrix","1","0","true","","320","3144","3208.464157106968","39.894477149283794","54.464365714285734","31.45728000000002","23.00708571428572","30.431893692682003","0.08054754814042406","Matrix;Vector","33.81614194759207","29.571676199780274","0.4255028571428573","0.24576000000000015","0.17974285714285718","0.3690210392101816","0.16109509628084812","Matrix;Vector"
"captured-pp128","w8a16","middle","1","matrix","2","0","true","","320","3144","3239.921437106969","39.50713080076885","85.92164571428569","62.91456000000004","23.00708571428572","30.431893692682003","0.08054754814042406","Matrix;Vector","34.06190194759208","29.358313623784372","0.6712628571428569","0.4915200000000003","0.17974285714285718","0.3690210392101816","0.16109509628084812","Matrix;Vector"
"captured-pp128","w8a16","middle","1","matrix","4","0","true","","320","3144","3302.835997106966","38.75457337637058","148.8362057142857","125.82912000000007","23.00708571428572","30.431893692682003","0.08054754814042406","Matrix;Vector","34.553421947592064","28.94069367476026","1.1627828571428571","0.9830400000000006","0.17974285714285718","0.3690210392101816","0.16109509628084812","Matrix;Vector"
"captured-pp128","w8a16","middle","1","matrix","8","0","true","","320","3144","3428.665117106966","37.33231319715576","274.66532571428576","251.65824000000015","23.00708571428572","30.431893692682003","0.08054754814042406","Matrix;Vector","35.53646194759207","28.14011145720598","2.1458228571428575","1.9660800000000012","0.17974285714285718","0.3690210392101816","0.16109509628084812","Matrix;Vector"
"captured-pp128","w8a16","middle","1","matrix","16","0","true","","320","3144","3680.3233571069654","34.779552658823555","526.3235657142857","503.3164800000003","23.00708571428572","30.431893692682003","0.08054754814042406","Matrix;Vector","37.502541947592064","26.664859182010918","4.111902857142857","3.9321600000000023","0.17974285714285718","0.3690210392101816","0.16109509628084812","Matrix;Vector"
"captured-pp128","w8a16","middle","1","matrix","32","0","true","","320","3144","4183.6398371069745","30.59536790540583","1029.6400457142856","1006.6329600000006","23.00708571428572","30.431893692682003","0.08054754814042406","Matrix;Vector","41.43470194759207","24.134359679112258","8.044062857142857","7.864320000000005","0.17974285714285718","0.3690210392101816","0.16109509628084812","Matrix;Vector"
"captured-pp128","w8a16","middle","1","dedicated","","1","true","","448","4432","3142.017085898183","40.7381616651552","157.82399999999998","0","0","0.2317706157589369","0.08054754814042406","Recurrent","33.466698591197854","29.880449584083323","1.2329999999999999","0","0","0.17997488536402767","0.16109509628084812","Recurrent"
"captured-pp128","w8a16","middle","1","dedicated","","2","true","","576","5720","3142.017085898183","40.7381616651552","78.91199999999999","0","0","0.2317706157589369","0.08054754814042406","Recurrent","33.466698591197854","29.880449584083323","0.6164999999999999","0","0","0.17997488536402767","0.16109509628084812","Recurrent"
"captured-pp128","w8a16","middle","1","dedicated","","4","true","","832","8296","3142.017085898183","40.7381616651552","39.455999999999996","0","0","0.2317706157589369","0.08054754814042406","Recurrent","33.698889090449214","29.674568716967453","0.30824999999999997","0","0","0.17997488536402767","0.16109509628084812","Recurrent"
"captured-pp128","w8a16","middle","1","dedicated","","8","true","","1344","13448","3142.017085898183","40.7381616651552","19.727999999999998","0","0","0.2317706157589369","0.08054754814042406","Recurrent","33.57061397581324","29.787956833928458","0.15412499999999998","0","0","0.17997488536402767","0.16109509628084812","Recurrent"
"captured-pp128","w8a16","middle","1","dedicated","","16","true","","2368","23752","3142.017085898183","40.7381616651552","9.863999999999999","0","0","0.2317706157589369","0.08054754814042406","Recurrent","33.57061397581324","29.787956833928458","0.07706249999999999","0","0","0.17997488536402767","0.16109509628084812","Recurrent"
"captured-pp128","w8a16","middle","2","vector","","0","true","","576","3400","1664.6431251900049","76.89335813968528","157.82399999999998","0","0","42.53084753883585","0.08054754814042406","Vector","17.576130458733775","56.89534464641441","1.2329999999999999","0","0","0.4635441161332583","0.16109509628084812","Vector"
"captured-pp128","w8a16","middle","2","matrix","1","0","true","","576","3400","1630.5438726625307","78.50141424958261","38.735725714285714","15.72864000000001","23.00708571428572","30.431893692682003","0.08054754814042406","Matrix;Vector","17.3491099472724","57.639844524543946","0.30262285714285714","0.12288000000000007","0.17974285714285718","0.3690210392101816","0.16109509628084812","Matrix;Vector"
"captured-pp128","w8a16","middle","2","matrix","2","0","true","","576","3400","1646.2725126625312","77.75140447008039","54.464365714285734","31.45728000000002","23.00708571428572","30.431893692682003","0.08054754814042406","Matrix;Vector","17.405591765205077","57.4528010015187","0.4255028571428573","0.24576000000000015","0.17974285714285718","0.3690210392101816","0.16109509628084812","Matrix;Vector"
"captured-pp128","w8a16","middle","2","matrix","4","0","true","","576","3400","1677.7297926625297","76.29357275516107","85.92164571428569","62.91456000000004","23.00708571428572","30.431893692682003","0.08054754814042406","Matrix;Vector","17.65135176520506","56.65288490659586","0.6712628571428569","0.4915200000000003","0.17974285714285718","0.3690210392101816","0.16109509628084812","Matrix;Vector"
"captured-pp128","w8a16","middle","2","matrix","8","0","true","","576","3400","1740.644352662529","73.53598671906084","148.8362057142857","125.82912000000007","23.00708571428572","30.431893692682003","0.08054754814042406","Matrix;Vector","18.14287176520506","55.11806581347446","1.1627828571428571","0.9830400000000006","0.17974285714285718","0.3690210392101816","0.16109509628084812","Matrix;Vector"
"captured-pp128","w8a16","middle","2","matrix","16","0","true","","576","3400","1866.473472662526","68.57852622861438","274.66532571428576","251.65824000000015","23.00708571428572","30.431893692682003","0.08054754814042406","Matrix;Vector","19.125911765205036","52.28508906013347","2.1458228571428575","1.9660800000000012","0.17974285714285718","0.3690210392101816","0.16109509628084812","Matrix;Vector"
"captured-pp128","w8a16","middle","2","matrix","32","0","true","","576","3400","2118.131712662525","60.43061403348802","526.3235657142857","503.3164800000003","23.00708571428572","30.431893692682003","0.08054754814042406","Matrix;Vector","21.091991765205027","47.41135930318715","4.111902857142857","3.9321600000000023","0.17974285714285718","0.3690210392101816","0.16109509628084812","Matrix;Vector"
"captured-pp128","w8a16","middle","2","dedicated","","1","true","","704","4688","1662.7121537614335","76.98265734717512","157.82399999999998","0","0","0.2317706157589369","0.08054754814042406","Recurrent","17.576130458733775","56.89534464641441","1.2329999999999999","0","0","0.17997488536402767","0.16109509628084812","Recurrent"
"captured-pp128","w8a16","middle","2","dedicated","","2","true","","832","5976","1583.8001537614336","80.8182772908611","78.91199999999999","0","0","0.2317706157589369","0.08054754814042406","Recurrent","17.086172880991505","58.526857182424244","0.6164999999999999","0","0","0.17997488536402767","0.16109509628084812","Recurrent"
"captured-pp128","w8a16","middle","2","dedicated","","4","true","","1088","8552","1579.8254414537414","81.02160950276604","39.455999999999996","0","0","0.2317706157589369","0.08054754814042406","Recurrent","17.288338908062222","57.842457006303896","0.30824999999999997","0","0","0.17997488536402767","0.16109509628084812","Recurrent"
"captured-pp128","w8a16","middle","2","dedicated","","8","true","","1600","13704","1579.8254414537414","81.02160950276604","19.727999999999998","0","0","0.2317706157589369","0.08054754814042406","Recurrent","17.160063793426254","58.27484163450977","0.15412499999999998","0","0","0.17997488536402767","0.16109509628084812","Recurrent"
"captured-pp128","w8a16","middle","2","dedicated","","16","true","","2624","24008","1579.8254414537414","81.02160950276603","9.863999999999999","0","0","0.2317706157589369","0.08054754814042406","Recurrent","17.160063793426254","58.27484163450977","0.07706249999999999","0","0","0.17997488536402767","0.16109509628084812","Recurrent"
"captured-pp128","w8a16","middle","4","vector","","0","true","","1088","3912","926.5262605746392","138.15042859186025","157.82399999999998","0","0","42.53084753883585","0.08054754814042406","Vector","11.162718151041634","89.58391553644005","1.2329999999999999","0","0","0.4635441161332583","0.16109509628084812","Vector"
"captured-pp128","w8a16","middle","4","matrix","1","0","true","","1088","3912","842.0052480471654","152.01805487182665","30.871405714285725","7.864320000000005","23.00708571428572","30.431893692682003","0.08054754814042406","Matrix;Vector","11.08883220307233","90.18082172105865","0.24118285714285723","0.061440000000000036","0.17974285714285718","0.3690210392101816","0.16109509628084812","Matrix;Vector"
"captured-pp128","w8a16","middle","4","matrix","2","0","true","","1088","3912","849.8695680471662","150.61134650828706","38.735725714285714","15.72864000000001","23.00708571428572","30.431893692682003","0.08054754814042406","Matrix;Vector","11.08883220307233","90.18082172105865","0.30262285714285714","0.12288000000000007","0.17974285714285718","0.3690210392101816","0.16109509628084812","Matrix;Vector"
"captured-pp128","w8a16","middle","4","matrix","4","0","true","","1088","3912","865.598208047166","147.87461296711157","54.464365714285734","31.45728000000002","23.00708571428572","30.431893692682003","0.08054754814042406","Matrix;Vector","11.145314021005001","89.72380662539892","0.4255028571428573","0.24576000000000015","0.17974285714285718","0.3690210392101816","0.16109509628084812","Matrix;Vector"
"captured-pp128","w8a16","middle","4","matrix","8","0","true","","1088","3912","897.0554880471668","142.68905514267342","85.92164571428569","62.91456000000004","23.00708571428572","30.431893692682003","0.08054754814042406","Matrix;Vector","10.984991081444582","91.03330103646248","0.6712628571428569","0.4915200000000003","0.17974285714285718","0.3690210392101816","0.16109509628084812","Matrix;Vector"
"captured-pp128","w8a16","middle","4","matrix","16","0","true","","1088","3912","959.970048047167","133.337493456578","148.8362057142857","125.82912000000007","23.00708571428572","30.431893692682003","0.08054754814042406","Matrix;Vector","11.47651108144455","87.13449522275282","1.1627828571428571","0.9830400000000006","0.17974285714285718","0.3690210392101816","0.16109509628084812","Matrix;Vector"
"captured-pp128","w8a16","middle","4","matrix","32","0","true","","1088","3912","1085.7991680471632","117.88552042290765","274.66532571428576","251.65824000000015","23.00708571428572","30.431893692682003","0.08054754814042406","Matrix;Vector","12.459551081444499","80.2597134891368","2.1458228571428575","1.9660800000000012","0.17974285714285718","0.3690210392101816","0.16109509628084812","Matrix;Vector"
"captured-pp128","w8a16","middle","4","dedicated","","1","true","","1216","5200","924.5952891460674","138.43894891376476","157.82399999999998","0","0","0.2317706157589369","0.08054754814042406","Recurrent","11.162718151041634","89.58391553644005","1.2329999999999999","0","0","0.17997488536402767","0.16109509628084812","Recurrent"
"captured-pp128","w8a16","middle","4","dedicated","","2","true","","1344","6488","845.6832891460671","151.35689878565373","78.91199999999999","0","0","0.2317706157589369","0.08054754814042406","Recurrent","10.715505369448255","93.32270999099786","0.6164999999999999","0","0","0.17997488536402767","0.16109509628084812","Recurrent"
"captured-pp128","w8a16","middle","4","dedicated","","4","true","","1600","9064","806.2272891460663","158.76416207093916","39.455999999999996","0","0","0.2317706157589369","0.08054754814042406","Recurrent","11.028061163862153","90.67777056559129","0.30824999999999997","0","0","0.17997488536402767","0.16109509628084812","Recurrent"
"captured-pp128","w8a16","middle","4","dedicated","","8","true","","2112","14216","796.7916876350761","160.6442461516026","19.727999999999998","0","0","0.2317706157589369","0.08054754814042406","Recurrent","10.899786049226192","91.74492008226096","0.15412499999999998","0","0","0.17997488536402767","0.16109509628084812","Recurrent"
"captured-pp128","w8a16","middle","4","dedicated","","16","true","","3136","24520","796.7916876350761","160.6442461516026","9.863999999999999","0","0","0.2317706157589369","0.08054754814042406","Recurrent","10.899786049226192","91.74492008226096","0.07706249999999999","0","0","0.17997488536402767","0.16109509628084812","Recurrent"
"captured-pp128","w8a16","middle","8","vector","","0","true","","2112","4936","558.3607139079645","229.24248932939514","157.82399999999998","0","0","42.53084753883585","0.08054754814042406","Vector","11.146398151041634","89.71507983559242","1.2329999999999999","0","0","0.4635441161332583","0.16109509628084812","Vector"
"captured-pp128","w8a16","middle","8","matrix","1","0","true","","2112","4936","452.12146935888654","283.1097584936753","26.939245714285725","3.9321600000000023","23.00708571428572","30.431893692682003","0.08054754814042406","Matrix;Vector","11.072512203072334","90.31374106072566","0.21046285714285723","0.030720000000000018","0.17974285714285718","0.3690210392101816","0.16109509628084812","Matrix;Vector"
"captured-pp128","w8a16","middle","8","matrix","2","0","true","","2112","4936","452.56098138049","282.8348118071279","30.871405714285725","7.864320000000005","23.00708571428572","30.431893692682003","0.08054754814042406","Matrix;Vector","11.072512203072334","90.31374106072566","0.24118285714285723","0.061440000000000036","0.17974285714285718","0.3690210392101816","0.16109509628084812","Matrix;Vector"
"captured-pp128","w8a16","middle","8","matrix","4","0","true","","2112","4936","460.4253013804898","278.0038360537932","38.735725714285714","15.72864000000001","23.00708571428572","30.431893692682003","0.08054754814042406","Matrix;Vector","11.072512203072334","90.31374106072566","0.30262285714285714","0.12288000000000007","0.17974285714285718","0.3690210392101816","0.16109509628084812","Matrix;Vector"
"captured-pp128","w8a16","middle","8","matrix","8","0","true","","2112","4936","476.15394138048987","268.820624751936","54.464365714285734","31.45728000000002","23.00708571428572","30.431893692682003","0.08054754814042406","Matrix;Vector","11.128994021005004","89.8553811883255","0.4255028571428573","0.24576000000000015","0.17974285714285718","0.3690210392101816","0.16109509628084812","Matrix;Vector"
"captured-pp128","w8a16","middle","8","matrix","16","0","true","","2112","4936","507.61122138048955","252.16148620965018","85.92164571428569","62.91456000000004","23.00708571428572","30.431893692682003","0.08054754814042406","Matrix;Vector","10.968671081444585","91.16874711392103","0.6712628571428569","0.4915200000000003","0.17974285714285718","0.3690210392101816","0.16109509628084812","Matrix;Vector"
"captured-pp128","w8a16","middle","8","matrix","32","0","true","","2112","4936","570.525781380492","224.35445369406526","148.8362057142857","125.82912000000007","23.00708571428572","30.431893692682003","0.08054754814042406","Matrix;Vector","11.460191081444549","87.25857997421372","1.1627828571428571","0.9830400000000006","0.17974285714285718","0.3690210392101816","0.16109509628084812","Matrix;Vector"
"captured-pp128","w8a16","middle","8","dedicated","","1","true","","2240","6224","556.4297424793932","230.038026777011","157.82399999999998","0","0","0.2317706157589369","0.08054754814042406","Recurrent","11.146398151041634","89.71507983559242","1.2329999999999999","0","0","0.17997488536402767","0.16109509628084812","Recurrent"
"captured-pp128","w8a16","middle","8","dedicated","","2","true","","2368","7512","477.5177424793912","268.05286717806985","78.91199999999999","0","0","0.2317706157589369","0.08054754814042406","Recurrent","10.699185369448255","93.46505976572016","0.6164999999999999","0","0","0.17997488536402767","0.16109509628084812","Recurrent"
"captured-pp128","w8a16","middle","8","dedicated","","4","true","","2624","10088","438.06174247939225","292.1962536046423","39.455999999999996","0","0","0.2317706157589369","0.08054754814042406","Recurrent","11.011741163862153","90.81215995902228","0.30824999999999997","0","0","0.17997488536402767","0.16109509628084812","Recurrent"
"captured-pp128","w8a16","middle","8","dedicated","","8","true","","3136","15240","418.33374247939264","305.975796361455","19.727999999999998","0","0","0.2317706157589369","0.08054754814042406","Recurrent","10.883466049226191","91.88249363548108","0.15412499999999998","0","0","0.17997488536402767","0.16109509628084812","Recurrent"
"captured-pp128","w8a16","middle","8","dedicated","","16","true","","4160","25544","408.46974247939255","313.3647041346218","9.863999999999999","0","0","0.2317706157589369","0.08054754814042406","Recurrent","10.883466049226191","91.88249363548108","0.07706249999999999","0","0","0.17997488536402767","0.16109509628084812","Recurrent"
"captured-pp128","w8a16","middle","16","vector","","0","true","","4160","6984","374.27794057463166","341.9918358091868","157.82399999999998","0","0","42.53084753883585","0.08054754814042406","Vector","11.146398151041634","89.71507983559242","1.2329999999999999","0","0","0.4635441161332583","0.16109509628084812","Vector"
"captured-pp128","w8a16","middle","16","matrix","1","0","true","","4160","6984","246.88583426731878","518.4582597858019","24.973165714285724","1.9660800000000012","23.00708571428572","30.431893692682003","0.08054754814042406","Matrix;Vector","11.072512203072334","90.31374106072566","0.19510285714285722","0.015360000000000009","0.17974285714285718","0.3690210392101816","0.16109509628084812","Matrix;Vector"
"captured-pp128","w8a16","middle","16","matrix","2","0","true","","4160","6984","246.88583426731878","518.4582597858019","26.939245714285725","3.9321600000000023","23.00708571428572","30.431893692682003","0.08054754814042406","Matrix;Vector","11.072512203072334","90.31374106072566","0.21046285714285723","0.030720000000000018","0.17974285714285718","0.3690210392101816","0.16109509628084812","Matrix;Vector"
"captured-pp128","w8a16","middle","16","matrix","4","0","true","","4160","6984","247.32534628892247","517.5369282631953","30.871405714285725","7.864320000000005","23.00708571428572","30.431893692682003","0.08054754814042406","Matrix;Vector","11.072512203072334","90.31374106072566","0.24118285714285723","0.061440000000000036","0.17974285714285718","0.3690210392101816","0.16109509628084812","Matrix;Vector"
"captured-pp128","w8a16","middle","16","matrix","8","0","true","","4160","6984","253.25869486035097","505.41206520305377","38.735725714285714","15.72864000000001","23.00708571428572","30.431893692682003","0.08054754814042406","Matrix;Vector","11.072512203072334","90.31374106072566","0.30262285714285714","0.12288000000000007","0.17974285714285718","0.3690210392101816","0.16109509628084812","Matrix;Vector"
"captured-pp128","w8a16","middle","16","matrix","16","0","true","","4160","6984","268.9873348603501","475.85883575690895","54.464365714285734","31.45728000000002","23.00708571428572","30.431893692682003","0.08054754814042406","Matrix;Vector","11.128994021005004","89.8553811883255","0.4255028571428573","0.24576000000000015","0.17974285714285718","0.3690210392101816","0.16109509628084812","Matrix;Vector"
"captured-pp128","w8a16","middle","16","matrix","32","0","true","","4160","6984","300.4446148603488","426.0352613059693","85.92164571428569","62.91456000000004","23.00708571428572","30.431893692682003","0.08054754814042406","Matrix;Vector","10.968671081444585","91.16874711392103","0.6712628571428569","0.4915200000000003","0.17974285714285718","0.3690210392101816","0.16109509628084812","Matrix;Vector"
"captured-pp128","w8a16","middle","16","dedicated","","1","true","","4288","8272","372.3469691460605","343.7653871429512","157.82399999999998","0","0","0.2317706157589369","0.08054754814042406","Recurrent","11.146398151041634","89.71507983559242","1.2329999999999999","0","0","0.17997488536402767","0.16109509628084812","Recurrent"
"captured-pp128","w8a16","middle","16","dedicated","","2","true","","4416","9560","293.43496914606345","436.2124949609714","78.91199999999999","0","0","0.2317706157589369","0.08054754814042406","Recurrent","10.699185369448255","93.46505976572016","0.6164999999999999","0","0","0.17997488536402767","0.16109509628084812","Recurrent"
"captured-pp128","w8a16","middle","16","dedicated","","4","true","","4672","12136","253.97896914606528","503.9787366267567","39.455999999999996","0","0","0.2317706157589369","0.08054754814042406","Recurrent","11.011741163862153","90.81215995902228","0.30824999999999997","0","0","0.17997488536402767","0.16109509628084812","Recurrent"
"captured-pp128","w8a16","middle","16","dedicated","","8","true","","5184","17288","234.25096914606536","546.4224991965203","19.727999999999998","0","0","0.2317706157589369","0.08054754814042406","Recurrent","10.883466049226191","91.88249363548108","0.15412499999999998","0","0","0.17997488536402767","0.16109509628084812","Recurrent"
"captured-pp128","w8a16","middle","16","dedicated","","16","true","","6208","27592","224.386969146065","570.4431076685127","9.863999999999999","0","0","0.2317706157589369","0.08054754814042406","Recurrent","10.883466049226191","91.88249363548108","0.07706249999999999","0","0","0.17997488536402767","0.16109509628084812","Recurrent"
"captured-pp128","w8a16","f2-ceiling","1","vector","","0","true","","320","3144","3141.9330205135684","40.73925165313601","157.82399999999998","0","0","21.265423769417925","0.05253100965679828","Vector","33.51491028570678","29.837466115088283","1.2329999999999999","0","0","0.23177205806662915","0.10506201931359656","Vector"
"captured-pp128","w8a16","f2-ceiling","1","matrix","1","0","true","","320","3144","3208.3820532608156","39.89549806573321","54.464365714285734","31.45728000000002","23.00708571428572","15.215946846341001","0.05253100965679828","Matrix;Vector","33.76509877709071","29.616380114915888","0.4255028571428573","0.24576000000000015","0.17974285714285718","0.1845105196050908","0.10506201931359656","Matrix;Vector"
"captured-pp128","w8a16","f2-ceiling","1","matrix","2","0","true","","320","3144","3239.8393332608166","39.50813198849933","85.92164571428569","62.91456000000004","23.00708571428572","15.215946846341001","0.05253100965679828","Matrix;Vector","34.01085877709071","29.40237429916317","0.6712628571428569","0.4915200000000003","0.17974285714285718","0.1845105196050908","0.10506201931359656","Matrix;Vector"
"captured-pp128","w8a16","f2-ceiling","1","matrix","4","0","true","","320","3144","3302.753893260814","38.755536784372815","148.8362057142857","125.82912000000007","23.00708571428572","15.215946846341001","0.05253100965679828","Matrix;Vector","34.50237877709069","28.983508831686475","1.1627828571428571","0.9830400000000006","0.17974285714285718","0.1845105196050908","0.10506201931359656","Matrix;Vector"
"captured-pp128","w8a16","f2-ceiling","1","matrix","8","0","true","","320","3144","3428.5830132608144","37.333207189364025","274.66532571428576","251.65824000000015","23.00708571428572","15.215946846341001","0.05253100965679828","Matrix;Vector","35.48541877709069","28.180588942227665","2.1458228571428575","1.9660800000000012","0.17974285714285718","0.1845105196050908","0.10506201931359656","Matrix;Vector"
"captured-pp128","w8a16","f2-ceiling","1","matrix","16","0","true","","320","3144","3680.2412532608137","34.780328568565395","526.3235657142857","503.3164800000003","23.00708571428572","15.215946846341001","0.05253100965679828","Matrix;Vector","37.45149877709069","26.701201090828068","4.111902857142857","3.9321600000000023","0.17974285714285718","0.1845105196050908","0.10506201931359656","Matrix;Vector"
"captured-pp128","w8a16","f2-ceiling","1","matrix","32","0","true","","320","3144","4183.557733260823","30.595968350658318","1029.6400457142856","1006.6329600000006","23.00708571428572","15.215946846341001","0.05253100965679828","Matrix;Vector","41.38365877709069","24.16412732828697","8.044062857142857","7.864320000000005","0.17974285714285718","0.1845105196050908","0.10506201931359656","Matrix;Vector"
"captured-pp128","w8a16","f2-ceiling","1","dedicated","","1","true","","448","4432","3141.9330205135684","40.73925165313601","157.82399999999998","0","0","0.11588530787946845","0.05253100965679828","Recurrent","33.38820024695377","29.950700924385306","1.2329999999999999","0","0","0.08998744268201384","0.10506201931359656","Recurrent"
"captured-pp128","w8a16","f2-ceiling","1","dedicated","","2","true","","576","5720","3141.9330205135684","40.73925165313601","78.91199999999999","0","0","0.11588530787946845","0.05253100965679828","Recurrent","33.38820024695377","29.950700924385306","0.6164999999999999","0","0","0.08998744268201384","0.10506201931359656","Recurrent"
"captured-pp128","w8a16","f2-ceiling","1","dedicated","","4","true","","832","8296","3141.9330205135684","40.739251653136","39.455999999999996","0","0","0.11588530787946845","0.05253100965679828","Recurrent","33.38820024695377","29.950700924385306","0.30824999999999997","0","0","0.08998744268201384","0.10506201931359656","Recurrent"
"captured-pp128","w8a16","f2-ceiling","1","dedicated","","8","true","","1344","13448","3141.9330205135684","40.73925165313601","19.727999999999998","0","0","0.11588530787946845","0.05253100965679828","Recurrent","33.49372091994785","29.856342398924998","0.15412499999999998","0","0","0.08998744268201384","0.10506201931359656","Recurrent"
"captured-pp128","w8a16","f2-ceiling","1","dedicated","","16","true","","2368","23752","3141.9330205135684","40.73925165313601","9.863999999999999","0","0","0.11588530787946845","0.05253100965679828","Recurrent","33.44465793926145","29.90014135638915","0.07706249999999999","0","0","0.08998744268201384","0.10506201931359656","Recurrent"
"captured-pp128","w8a16","f2-ceiling","2","vector","","0","true","","576","3400","1664.5846636515432","76.89605869563326","157.82399999999998","0","0","21.265423769417925","0.05253100965679828","Vector","17.468854369276364","57.24473848489838","1.2329999999999999","0","0","0.23177205806662915","0.10506201931359656","Vector"
"captured-pp128","w8a16","f2-ceiling","2","matrix","1","0","true","","576","3400","1630.4617688163764","78.50536728188408","38.735725714285714","15.72864000000001","23.00708571428572","15.215946846341001","0.05253100965679828","Matrix;Vector","17.212707665979664","58.09661207321067","0.30262285714285714","0.12288000000000007","0.17974285714285718","0.1845105196050908","0.10506201931359656","Matrix;Vector"
"captured-pp128","w8a16","f2-ceiling","2","matrix","2","0","true","","576","3400","1646.1904088163772","77.7552823260785","54.464365714285734","31.45728000000002","23.00708571428572","15.215946846341001","0.05253100965679828","Matrix;Vector","17.335587665979666","57.684805341930016","0.4255028571428573","0.24576000000000015","0.17974285714285718","0.1845105196050908","0.10506201931359656","Matrix;Vector"
"captured-pp128","w8a16","f2-ceiling","2","matrix","4","0","true","","576","3400","1677.6476888163759","76.29730655207312","85.92164571428569","62.91456000000004","23.00708571428572","15.215946846341001","0.05253100965679828","Matrix;Vector","17.581347665979646","56.87846113953058","0.6712628571428569","0.4915200000000003","0.17974285714285718","0.1845105196050908","0.10506201931359656","Matrix;Vector"
"captured-pp128","w8a16","f2-ceiling","2","matrix","8","0","true","","576","3400","1740.562248816375","73.53945547597803","148.8362057142857","125.82912000000007","23.00708571428572","15.215946846341001","0.05253100965679828","Matrix;Vector","18.072867665979643","55.33156212294961","1.1627828571428571","0.9830400000000006","0.17974285714285718","0.1845105196050908","0.10506201931359656","Matrix;Vector"
"captured-pp128","w8a16","f2-ceiling","2","matrix","16","0","true","","576","3400","1866.391368816372","68.58154304537693","274.66532571428576","251.65824000000015","23.00708571428572","15.215946846341001","0.05253100965679828","Matrix;Vector","19.055907665979618","52.47716443259709","2.1458228571428575","1.9660800000000012","0.17974285714285718","0.1845105196050908","0.10506201931359656","Matrix;Vector"
"captured-pp128","w8a16","f2-ceiling","2","matrix","32","0","true","","576","3400","2118.0496088163713","60.432956559280115","526.3235657142857","503.3164800000003","23.00708571428572","15.215946846341001","0.05253100965679828","Matrix;Vector","21.02198766597961","47.56924111502188","4.111902857142857","3.9321600000000023","0.17974285714285718","0.1845105196050908","0.10506201931359656","Matrix;Vector"
"captured-pp128","w8a16","f2-ceiling","2","dedicated","","1","true","","704","4688","1662.653692222972","76.98536417939427","157.82399999999998","0","0","0.11588530787946845","0.05253100965679828","Recurrent","17.468854369276364","57.24473848489838","1.2329999999999999","0","0","0.08998744268201384","0.10506201931359656","Recurrent"
"captured-pp128","w8a16","f2-ceiling","2","dedicated","","2","true","","832","5976","1583.741692222972","80.82126058090736","78.91199999999999","0","0","0.11588530787946845","0.05253100965679828","Recurrent","16.95868913584271","58.966821786152636","0.6164999999999999","0","0","0.08998744268201384","0.10506201931359656","Recurrent"
"captured-pp128","w8a16","f2-ceiling","2","dedicated","","4","true","","1088","8552","1578.02223288231","81.11419302768869","39.455999999999996","0","0","0.11588530787946845","0.05253100965679828","Recurrent","16.95868913584271","58.966821786152636","0.30824999999999997","0","0","0.08998744268201384","0.10506201931359656","Recurrent"
"captured-pp128","w8a16","f2-ceiling","2","dedicated","","8","true","","1600","13704","1578.02223288231","81.11419302768869","19.727999999999998","0","0","0.11588530787946845","0.05253100965679828","Recurrent","17.064209808836807","58.60218616640214","0.15412499999999998","0","0","0.08998744268201384","0.10506201931359656","Recurrent"
"captured-pp128","w8a16","f2-ceiling","2","dedicated","","16","true","","2624","24008","1578.02223288231","81.11419302768869","9.863999999999999","0","0","0.11588530787946845","0.05253100965679828","Recurrent","17.015146828150403","58.77116489794657","0.07706249999999999","0","0","0.08998744268201384","0.10506201931359656","Recurrent"
"captured-pp128","w8a16","f2-ceiling","4","vector","","0","true","","1088","3912","926.0462814293404","138.22203335499998","157.82399999999998","0","0","21.265423769417925","0.05253100965679828","Vector","9.638392501907838","103.75174073913867","1.2329999999999999","0","0","0.23177205806662915","0.10506201931359656","Vector"
"captured-pp128","w8a16","f2-ceiling","4","matrix","1","0","true","","1088","3912","841.5016265941737","152.10903455773098","30.871405714285725","7.864320000000005","23.00708571428572","15.215946846341001","0.05253100965679828","Matrix;Vector","8.97387299641333","111.43460581620434","0.24118285714285723","0.061440000000000036","0.17974285714285718","0.1845105196050908","0.10506201931359656","Matrix;Vector"
"captured-pp128","w8a16","f2-ceiling","4","matrix","2","0","true","","1088","3912","849.3659465941747","150.70064971789847","38.735725714285714","15.72864000000001","23.00708571428572","15.215946846341001","0.05253100965679828","Matrix;Vector","9.035312996413335","110.67685207994019","0.30262285714285714","0.12288000000000007","0.17974285714285718","0.1845105196050908","0.10506201931359656","Matrix;Vector"
"captured-pp128","w8a16","f2-ceiling","4","matrix","4","0","true","","1088","3912","865.0945865941745","147.96069930795466","54.464365714285734","31.45728000000002","23.00708571428572","15.215946846341001","0.05253100965679828","Matrix;Vector","9.158192996413336","109.19184607614564","0.4255028571428573","0.24576000000000015","0.17974285714285718","0.1845105196050908","0.10506201931359656","Matrix;Vector"
"captured-pp128","w8a16","f2-ceiling","4","matrix","8","0","true","","1088","3912","896.5518665941753","142.76920808413115","85.92164571428569","62.91456000000004","23.00708571428572","15.215946846341001","0.05253100965679828","Matrix;Vector","9.403952996413341","106.33826013181893","0.6712628571428569","0.4915200000000003","0.17974285714285718","0.1845105196050908","0.10506201931359656","Matrix;Vector"
"captured-pp128","w8a16","f2-ceiling","4","matrix","16","0","true","","1088","3912","959.4664265941755","133.40748196303488","148.8362057142857","125.82912000000007","23.00708571428572","15.215946846341001","0.05253100965679828","Matrix;Vector","9.89547299641334","101.05631134180798","1.1627828571428571","0.9830400000000006","0.17974285714285718","0.1845105196050908","0.10506201931359656","Matrix;Vector"
"captured-pp128","w8a16","f2-ceiling","4","matrix","32","0","true","","1088","3912","1085.2955465941716","117.94022411838338","274.66532571428576","251.65824000000015","23.00708571428572","15.215946846341001","0.05253100965679828","Matrix;Vector","10.878512996413276","91.92432829098122","2.1458228571428575","1.9660800000000012","0.17974285714285718","0.1845105196050908","0.10506201931359656","Matrix;Vector"
"captured-pp128","w8a16","f2-ceiling","4","dedicated","","1","true","","1216","5200","924.1153100007687","138.51085315304812","157.82399999999998","0","0","0.11588530787946845","0.05253100965679828","Recurrent","9.638392501907838","103.75174073913867","1.2329999999999999","0","0","0.08998744268201384","0.10506201931359656","Recurrent"
"captured-pp128","w8a16","f2-ceiling","4","dedicated","","2","true","","1344","6488","845.203310000768","151.4428522527718","78.91199999999999","0","0","0.11588530787946845","0.05253100965679828","Recurrent","9.021892501907839","110.8414891652203","0.6164999999999999","0","0","0.08998744268201384","0.10506201931359656","Recurrent"
"captured-pp128","w8a16","f2-ceiling","4","dedicated","","4","true","","1600","9064","805.7473100007672","158.85873699023347","39.455999999999996","0","0","0.11588530787946845","0.05253100965679828","Recurrent","8.795719225887156","113.69166913114346","0.30824999999999997","0","0","0.08998744268201384","0.10506201931359656","Recurrent"
"captured-pp128","w8a16","f2-ceiling","4","dedicated","","8","true","","2112","14216","796.2614506601066","160.75122046142891","19.727999999999998","0","0","0.11588530787946845","0.05253100965679828","Recurrent","8.886815139270475","112.52625201812072","0.15412499999999998","0","0","0.08998744268201384","0.10506201931359656","Recurrent"
"captured-pp128","w8a16","f2-ceiling","4","dedicated","","16","true","","3136","24520","796.2614506601066","160.75122046142891","9.863999999999999","0","0","0.11588530787946845","0.05253100965679828","Recurrent","8.83775215858407","113.15094404731687","0.07706249999999999","0","0","0.08998744268201384","0.10506201931359656","Recurrent"
"captured-pp128","w8a16","f2-ceiling","8","vector","","0","true","","2112","4936","557.3020360739143","229.67796942163602","157.82399999999998","0","0","21.265423769417925","0.05253100965679828","Vector","7.709030563017609","129.71799655293646","1.2329999999999999","0","0","0.23177205806662915","0.10506201931359656","Vector"
"captured-pp128","w8a16","f2-ceiling","8","matrix","1","0","true","","2112","4936","447.5465012387482","286.0037999307632","26.939245714285725","3.9321600000000023","23.00708571428572","15.215946846341001","0.05253100965679828","Matrix;Vector","6.844964435748142","146.09279703156002","0.21046285714285723","0.030720000000000018","0.17974285714285718","0.1845105196050908","0.10506201931359656","Matrix;Vector"
"captured-pp128","w8a16","f2-ceiling","8","matrix","2","0","true","","2112","4936","451.47866123874786","283.5128456543197","30.871405714285725","7.864320000000005","23.00708571428572","15.215946846341001","0.05253100965679828","Matrix;Vector","6.875684435748142","145.4400662719173","0.24118285714285723","0.061440000000000036","0.17974285714285718","0.1845105196050908","0.10506201931359656","Matrix;Vector"
"captured-pp128","w8a16","f2-ceiling","8","matrix","4","0","true","","2112","4936","459.34298123874765","278.6588785025341","38.735725714285714","15.72864000000001","23.00708571428572","15.215946846341001","0.05253100965679828","Matrix;Vector","6.937124435748143","144.1519478657231","0.30262285714285714","0.12288000000000007","0.17974285714285718","0.1845105196050908","0.10506201931359656","Matrix;Vector"
"captured-pp128","w8a16","f2-ceiling","8","matrix","8","0","true","","2112","4936","475.0716212387477","269.4330586749013","54.464365714285734","31.45728000000002","23.00708571428572","15.215946846341001","0.05253100965679828","Matrix;Vector","7.0600044357481435","141.6429704968069","0.4255028571428573","0.24576000000000015","0.17974285714285718","0.1845105196050908","0.10506201931359656","Matrix;Vector"
"captured-pp128","w8a16","f2-ceiling","8","matrix","16","0","true","","2112","4936","506.5289012387475","252.70028953326877","85.92164571428569","62.91456000000004","23.00708571428572","15.215946846341001","0.05253100965679828","Matrix;Vector","7.305764435748143","136.87821566034322","0.6712628571428569","0.4915200000000003","0.17974285714285718","0.1845105196050908","0.10506201931359656","Matrix;Vector"
"captured-pp128","w8a16","f2-ceiling","8","matrix","32","0","true","","2112","4936","569.44346123875","224.7808759126897","148.8362057142857","125.82912000000007","23.00708571428572","15.215946846341001","0.05253100965679828","Matrix;Vector","7.79728443574814","128.2497782709207","1.1627828571428571","0.9830400000000006","0.17974285714285718","0.1845105196050908","0.10506201931359656","Matrix;Vector"
"captured-pp128","w8a16","f2-ceiling","8","dedicated","","1","true","","2240","6224","555.3710646453432","230.47653748713049","157.82399999999998","0","0","0.11588530787946845","0.05253100965679828","Recurrent","7.709030563017609","129.71799655293646","1.2329999999999999","0","0","0.08998744268201384","0.10506201931359656","Recurrent"
"captured-pp128","w8a16","f2-ceiling","8","dedicated","","2","true","","2368","7512","476.4590646453411","268.6484726558379","78.91199999999999","0","0","0.11588530787946845","0.05253100965679828","Recurrent","7.318985315764864","136.63096137739632","0.6164999999999999","0","0","0.08998744268201384","0.10506201931359656","Recurrent"
"captured-pp128","w8a16","f2-ceiling","8","dedicated","","4","true","","2624","10088","437.00306464534214","292.9041243769783","39.455999999999996","0","0","0.11588530787946845","0.05253100965679828","Recurrent","7.019116268145817","142.46807743279652","0.30824999999999997","0","0","0.08998744268201384","0.10506201931359656","Recurrent"
"captured-pp128","w8a16","f2-ceiling","8","dedicated","","8","true","","3136","15240","417.27506464534247","306.7520943500229","19.727999999999998","0","0","0.11588530787946845","0.05253100965679828","Recurrent","6.788626578605286","147.30520060590055","0.15412499999999998","0","0","0.08998744268201384","0.10506201931359656","Recurrent"
"captured-pp128","w8a16","f2-ceiling","8","dedicated","","16","true","","4160","25544","407.4110646453424","314.17899784196084","9.863999999999999","0","0","0.11588530787946845","0.05253100965679828","Recurrent","6.739563597918885","148.37755968484234","0.07706249999999999","0","0","0.08998744268201384","0.10506201931359656","Recurrent"
"captured-pp128","w8a16","f2-ceiling","16","vector","","0","true","","4160","6984","373.21926274058166","342.9619335831833","157.82399999999998","0","0","21.265423769417925","0.05253100965679828","Vector","7.7000172296842715","129.8698392706069","1.2329999999999999","0","0","0.23177205806662915","0.10506201931359656","Vector"
"captured-pp128","w8a16","f2-ceiling","16","matrix","1","0","true","","4160","6984","238.43745702630096","536.8284060582013","24.973165714285724","1.9660800000000012","23.00708571428572","15.215946846341001","0.05253100965679828","Matrix;Vector","6.820591102414809","146.61485859282095","0.19510285714285722","0.015360000000000009","0.17974285714285718","0.1845105196050908","0.10506201931359656","Matrix;Vector"
"captured-pp128","w8a16","f2-ceiling","16","matrix","2","0","true","","4160","6984","240.40353702630088","532.4380896525512","26.939245714285725","3.9321600000000023","23.00708571428572","15.215946846341001","0.05253100965679828","Matrix;Vector","6.835951102414806","146.28542320127906","0.21046285714285723","0.030720000000000018","0.17974285714285718","0.1845105196050908","0.10506201931359656","Matrix;Vector"
"captured-pp128","w8a16","f2-ceiling","16","matrix","4","0","true","","4160","6984","244.33569702630098","523.8694204646721","30.871405714285725","7.864320000000005","23.00708571428572","15.215946846341001","0.05253100965679828","Matrix;Vector","6.8666711024148075","145.63097388606968","0.24118285714285723","0.061440000000000036","0.17974285714285718","0.1845105196050908","0.10506201931359656","Matrix;Vector"
"captured-pp128","w8a16","f2-ceiling","16","matrix","8","0","true","","4160","6984","252.2000170263008","507.533669145833","38.735725714285714","15.72864000000001","23.00708571428572","15.215946846341001","0.05253100965679828","Matrix;Vector","6.9281111024148085","144.33948665336035","0.30262285714285714","0.12288000000000007","0.17974285714285718","0.1845105196050908","0.10506201931359656","Matrix;Vector"
"captured-pp128","w8a16","f2-ceiling","16","matrix","16","0","true","","4160","6984","267.92865702629996","477.7391169001958","54.464365714285734","31.45728000000002","23.00708571428572","15.215946846341001","0.05253100965679828","Matrix;Vector","7.050991102414808","141.82403373867857","0.4255028571428573","0.24576000000000015","0.17974285714285718","0.1845105196050908","0.10506201931359656","Matrix;Vector"
"captured-pp128","w8a16","f2-ceiling","16","matrix","32","0","true","","4160","6984","299.3859370262987","427.54179194714885","85.92164571428569","62.91456000000004","23.00708571428572","15.215946846341001","0.05253100965679828","Matrix;Vector","7.296751102414808","137.04729488019086","0.6712628571428569","0.4915200000000003","0.17974285714285718","0.1845105196050908","0.10506201931359656","Matrix;Vector"
"captured-pp128","w8a16","f2-ceiling","16","dedicated","","1","true","","4288","8272","371.2882913120105","344.745587176181","157.82399999999998","0","0","0.11588530787946845","0.05253100965679828","Recurrent","7.7000172296842715","129.8698392706069","1.2329999999999999","0","0","0.08998744268201384","0.10506201931359656","Recurrent"
"captured-pp128","w8a16","f2-ceiling","16","dedicated","","2","true","","4416","9560","292.3762913120134","437.7919954645127","78.91199999999999","0","0","0.11588530787946845","0.05253100965679828","Recurrent","7.309971982431529","136.7994299298762","0.6164999999999999","0","0","0.08998744268201384","0.10506201931359656","Recurrent"
"captured-pp128","w8a16","f2-ceiling","16","dedicated","","4","true","","4672","12136","252.92029131201517","506.08829894985683","39.455999999999996","0","0","0.11588530787946845","0.05253100965679828","Recurrent","7.010102934812481","142.6512576632728","0.30824999999999997","0","0","0.08998744268201384","0.10506201931359656","Recurrent"
"captured-pp128","w8a16","f2-ceiling","16","dedicated","","8","true","","5184","17288","233.19229131201524","548.903221799617","19.727999999999998","0","0","0.11588530787946845","0.05253100965679828","Recurrent","6.779613245271951","147.50103933987563","0.15412499999999998","0","0","0.08998744268201384","0.10506201931359656","Recurrent"
"captured-pp128","w8a16","f2-ceiling","16","dedicated","","16","true","","6208","27592","223.32829131201493","573.1472678540736","9.863999999999999","0","0","0.11588530787946845","0.05253100965679828","Recurrent","6.730550264585548","148.57626207202506","0.07706249999999999","0","0","0.08998744268201384","0.10506201931359656","Recurrent"
"captured-pp128","w4a8","bandwidth-constrained","1","vector","","0","true","","320","3144","1695.165068312384","75.50887072456607","157.82399999999998","0","0","169.9336055399588","0.24164264442127215","Vector","22.982495923095122","43.51137506327585","1.2329999999999999","0","0","1.8526937722253412","0.4832852888425443","Vector"
"captured-pp128","w4a8","bandwidth-constrained","1","matrix","1","0","true","","320","3144","1733.0344054552388","73.8588914317466","54.464365714285734","31.45728000000002","23.00708571428572","121.53779015534342","0.24164264442127215","Matrix;Vector","22.604403615402816","44.23916759823702","0.4255028571428573","0.24576000000000015","0.17974285714285718","1.474601464533034","0.4832852888425443","Matrix;Vector"
"captured-pp128","w4a8","bandwidth-constrained","1","matrix","2","0","true","","320","3144","1733.0344054552388","73.8588914317466","85.92164571428569","62.91456000000004","23.00708571428572","121.53779015534342","0.24164264442127215","Matrix;Vector","22.604403615402816","44.23916759823702","0.6712628571428569","0.4915200000000003","0.17974285714285718","1.474601464533034","0.4832852888425443","Matrix;Vector"
"captured-pp128","w4a8","bandwidth-constrained","1","matrix","4","0","true","","320","3144","1760.332821014182","72.71352239302978","148.8362057142857","125.82912000000007","23.00708571428572","121.53779015534342","0.24164264442127215","Matrix;Vector","22.604403615402816","44.23916759823702","1.1627828571428571","0.9830400000000006","0.17974285714285718","1.474601464533034","0.4832852888425443","Matrix;Vector"
"captured-pp128","w4a8","bandwidth-constrained","1","matrix","8","0","true","","320","3144","1886.161941014179","67.86267775670157","274.66532571428576","251.65824000000015","23.00708571428572","121.53779015534342","0.24164264442127215","Matrix;Vector","22.799374872939357","43.86085169321475","2.1458228571428575","1.9660800000000012","0.17974285714285718","1.474601464533034","0.4832852888425443","Matrix;Vector"
"captured-pp128","w4a8","bandwidth-constrained","1","matrix","16","0","true","","320","3144","2137.820181014177","59.87407226143647","526.3235657142857","503.3164800000003","23.00708571428572","121.53779015534342","0.24164264442127215","Matrix;Vector","24.76545487293933","40.378826277593554","4.111902857142857","3.9321600000000023","0.17974285714285718","1.474601464533034","0.4832852888425443","Matrix;Vector"
"captured-pp128","w4a8","bandwidth-constrained","1","matrix","32","0","true","","320","3144","2641.1366610141727","48.46398215185471","1029.6400457142856","1006.6329600000006","23.00708571428572","121.53779015534342","0.24164264442127215","Matrix;Vector","28.697614872939305","34.846101476640825","8.044062857142857","7.864320000000005","0.17974285714285718","1.474601464533034","0.4832852888425443","Matrix;Vector"
"captured-pp128","w4a8","bandwidth-constrained","1","dedicated","","1","true","","448","4432","1681.1244913438545","76.13951296235032","157.82399999999998","0","0","0.7372978476511326","0.24164264442127215","Recurrent","21.914566729624347","45.631748614413134","1.2329999999999999","0","0","0.7184168491484182","0.4832852888425443","Recurrent"
"captured-pp128","w4a8","bandwidth-constrained","1","dedicated","","2","true","","576","5720","1602.2124913438543","79.88952819400384","78.91199999999999","0","0","0.7372978476511326","0.24164264442127215","Recurrent","21.848219000018215","45.770321141469985","0.6164999999999999","0","0","0.7184168491484182","0.4832852888425443","Recurrent"
"captured-pp128","w4a8","bandwidth-constrained","1","dedicated","","4","true","","832","8296","1599.3137933218766","80.03432505520749","39.455999999999996","0","0","0.7372978476511326","0.24164264442127215","Recurrent","21.848219000018215","45.770321141469985","0.30824999999999997","0","0","0.7184168491484182","0.4832852888425443","Recurrent"
"captured-pp128","w4a8","bandwidth-constrained","1","dedicated","","8","true","","1344","13448","1599.3137933218766","80.03432505520749","19.727999999999998","0","0","0.7372978476511326","0.24164264442127215","Recurrent","21.848219000018215","45.770321141469985","0.15412499999999998","0","0","0.7184168491484182","0.4832852888425443","Recurrent"
"captured-pp128","w4a8","bandwidth-constrained","1","dedicated","","16","true","","2368","23752","1599.3137933218766","80.03432505520749","9.863999999999999","0","0","0.7372978476511326","0.24164264442127215","Recurrent","21.848219000018215","45.770321141469985","0.07706249999999999","0","0","0.7184168491484182","0.4832852888425443","Recurrent"
"captured-pp128","w4a8","bandwidth-constrained","2","vector","","0","true","","576","3400","949.5004892647836","134.80772411093","157.82399999999998","0","0","169.9336055399588","0.24164264442127215","Vector","22.96731643591563","43.54013246563837","1.2329999999999999","0","0","1.8526937722253412","0.4832852888425443","Vector"
"captured-pp128","w4a8","bandwidth-constrained","2","matrix","1","0","true","","576","3400","944.1979864076412","135.56478815105015","38.735725714285714","15.72864000000001","23.00708571428572","121.53779015534342","0.24164264442127215","Matrix;Vector","22.589224128223325","44.26889539559637","0.30262285714285714","0.12288000000000007","0.17974285714285718","1.474601464533034","0.4832852888425443","Matrix;Vector"
"captured-pp128","w4a8","bandwidth-constrained","2","matrix","2","0","true","","576","3400","944.1979864076412","135.56478815105015","54.464365714285734","31.45728000000002","23.00708571428572","121.53779015534342","0.24164264442127215","Matrix;Vector","22.589224128223325","44.26889539559637","0.4255028571428573","0.24576000000000015","0.17974285714285718","1.474601464533034","0.4832852888425443","Matrix;Vector"
"captured-pp128","w4a8","bandwidth-constrained","2","matrix","4","0","true","","576","3400","944.1979864076412","135.56478815105015","85.92164571428569","62.91456000000004","23.00708571428572","121.53779015534342","0.24164264442127215","Matrix;Vector","22.589224128223325","44.26889539559637","0.6712628571428569","0.4915200000000003","0.17974285714285718","1.474601464533034","0.4832852888425443","Matrix;Vector"
"captured-pp128","w4a8","bandwidth-constrained","2","matrix","8","0","true","","576","3400","971.4964019665836","131.75550598117687","148.8362057142857","125.82912000000007","23.00708571428572","121.53779015534342","0.24164264442127215","Matrix;Vector","22.589224128223325","44.26889539559637","1.1627828571428571","0.9830400000000006","0.17974285714285718","1.474601464533034","0.4832852888425443","Matrix;Vector"
"captured-pp128","w4a8","bandwidth-constrained","2","matrix","16","0","true","","576","3400","1097.3255219665782","116.64724590621393","274.66532571428576","251.65824000000015","23.00708571428572","121.53779015534342","0.24164264442127215","Matrix;Vector","22.784195385759865","43.89007305586049","2.1458228571428575","1.9660800000000012","0.17974285714285718","1.474601464533034","0.4832852888425443","Matrix;Vector"
"captured-pp128","w4a8","bandwidth-constrained","2","matrix","32","0","true","","576","3400","1348.9837619665677","94.88624222829768","526.3235657142857","503.3164800000003","23.00708571428572","121.53779015534342","0.24164264442127215","Matrix;Vector","24.750275385759835","40.40359084551252","4.111902857142857","3.9321600000000023","0.17974285714285718","1.474601464533034","0.4832852888425443","Matrix;Vector"
"captured-pp128","w4a8","bandwidth-constrained","2","dedicated","","1","true","","704","4688","935.459912296253","136.83109058709013","157.82399999999998","0","0","0.7372978476511326","0.24164264442127215","Recurrent","21.899387242444856","45.66337810867258","1.2329999999999999","0","0","0.7184168491484182","0.4832852888425443","Recurrent"
"captured-pp128","w4a8","bandwidth-constrained","2","dedicated","","2","true","","832","5976","856.547912296252","149.43705794210024","78.91199999999999","0","0","0.7372978476511326","0.24164264442127215","Recurrent","21.833039512838724","45.80214309656513","0.6164999999999999","0","0","0.7184168491484182","0.4832852888425443","Recurrent"
"captured-pp128","w4a8","bandwidth-constrained","2","dedicated","","4","true","","1088","8552","817.0919122962512","156.65312319673444","39.455999999999996","0","0","0.7372978476511326","0.24164264442127215","Recurrent","21.833039512838724","45.80214309656513","0.30824999999999997","0","0","0.7184168491484182","0.4832852888425443","Recurrent"
"captured-pp128","w4a8","bandwidth-constrained","2","dedicated","","8","true","","1600","13704","810.492459988558","157.92867462555668","19.727999999999998","0","0","0.7372978476511326","0.24164264442127215","Recurrent","21.833039512838724","45.80214309656513","0.15412499999999998","0","0","0.7184168491484182","0.4832852888425443","Recurrent"
"captured-pp128","w4a8","bandwidth-constrained","2","dedicated","","16","true","","2624","24008","810.492459988558","157.92867462555668","9.863999999999999","0","0","0.7372978476511326","0.24164264442127215","Recurrent","21.833039512838724","45.80214309656513","0.07706249999999999","0","0","0.7184168491484182","0.4832852888425443","Recurrent"
"captured-pp128","w4a8","bandwidth-constrained","4","vector","","0","true","","1088","3912","576.6757425981076","221.96182454860906","157.82399999999998","0","0","169.9336055399588","0.24164264442127215","Vector","22.96731643591563","43.54013246563837","1.2329999999999999","0","0","1.8526937722253412","0.4832852888425443","Vector"
"captured-pp128","w4a8","bandwidth-constrained","4","matrix","1","0","true","","1088","3912","549.7873197409641","232.81730117076555","30.871405714285725","7.864320000000005","23.00708571428572","121.53779015534342","0.24164264442127215","Matrix;Vector","22.589224128223325","44.26889539559637","0.24118285714285723","0.061440000000000036","0.17974285714285718","1.474601464533034","0.4832852888425443","Matrix;Vector"
"captured-pp128","w4a8","bandwidth-constrained","4","matrix","2","0","true","","1088","3912","549.7873197409641","232.81730117076555","38.735725714285714","15.72864000000001","23.00708571428572","121.53779015534342","0.24164264442127215","Matrix;Vector","22.589224128223325","44.26889539559637","0.30262285714285714","0.12288000000000007","0.17974285714285718","1.474601464533034","0.4832852888425443","Matrix;Vector"
"captured-pp128","w4a8","bandwidth-constrained","4","matrix","4","0","true","","1088","3912","549.7873197409641","232.81730117076555","54.464365714285734","31.45728000000002","23.00708571428572","121.53779015534342","0.24164264442127215","Matrix;Vector","22.589224128223325","44.26889539559637","0.4255028571428573","0.24576000000000015","0.17974285714285718","1.474601464533034","0.4832852888425443","Matrix;Vector"
"captured-pp128","w4a8","bandwidth-constrained","4","matrix","8","0","true","","1088","3912","549.7873197409641","232.81730117076555","85.92164571428569","62.91456000000004","23.00708571428572","121.53779015534342","0.24164264442127215","Matrix;Vector","22.589224128223325","44.26889539559637","0.6712628571428569","0.4915200000000003","0.17974285714285718","1.474601464533034","0.4832852888425443","Matrix;Vector"
"captured-pp128","w4a8","bandwidth-constrained","4","matrix","16","0","true","","1088","3912","577.085735299907","221.8041309468157","148.8362057142857","125.82912000000007","23.00708571428572","121.53779015534342","0.24164264442127215","Matrix;Vector","22.589224128223325","44.26889539559637","1.1627828571428571","0.9830400000000006","0.17974285714285718","1.474601464533034","0.4832852888425443","Matrix;Vector"
"captured-pp128","w4a8","bandwidth-constrained","4","matrix","32","0","true","","1088","3912","702.9148552999103","182.09886878174837","274.66532571428576","251.65824000000015","23.00708571428572","121.53779015534342","0.24164264442127215","Matrix;Vector","22.784195385759865","43.89007305586049","2.1458228571428575","1.9660800000000012","0.17974285714285718","1.474601464533034","0.4832852888425443","Matrix;Vector"
"captured-pp128","w4a8","bandwidth-constrained","4","dedicated","","1","true","","1216","5200","562.6351656295767","227.50088835412686","157.82399999999998","0","0","0.7372978476511326","0.24164264442127215","Recurrent","21.899387242444856","45.66337810867258","1.2329999999999999","0","0","0.7184168491484182","0.4832852888425443","Recurrent"
"captured-pp128","w4a8","bandwidth-constrained","4","dedicated","","2","true","","1344","6488","483.72316562957576","264.61416176627665","78.91199999999999","0","0","0.7372978476511326","0.24164264442127215","Recurrent","21.833039512838724","45.80214309656513","0.6164999999999999","0","0","0.7184168491484182","0.4832852888425443","Recurrent"
"captured-pp128","w4a8","bandwidth-constrained","4","dedicated","","4","true","","1600","9064","444.2671656295766","288.1149225120195","39.455999999999996","0","0","0.7372978476511326","0.24164264442127215","Recurrent","21.833039512838724","45.80214309656513","0.30824999999999997","0","0","0.7184168491484182","0.4832852888425443","Recurrent"
"captured-pp128","w4a8","bandwidth-constrained","4","dedicated","","8","true","","2112","14216","424.5391656295767","301.50339559409196","19.727999999999998","0","0","0.7372978476511326","0.24164264442127215","Recurrent","21.833039512838724","45.80214309656513","0.15412499999999998","0","0","0.7184168491484182","0.4832852888425443","Recurrent"
"captured-pp128","w4a8","bandwidth-constrained","4","dedicated","","16","true","","3136","24520","416.6061370581481","307.2446337537613","9.863999999999999","0","0","0.7372978476511326","0.24164264442127215","Recurrent","21.833039512838724","45.80214309656513","0.07706249999999999","0","0","0.7184168491484182","0.4832852888425443","Recurrent"
"captured-pp128","w4a8","bandwidth-constrained","8","vector","","0","true","","2112","4936","390.26336926477296","327.98363894910875","157.82399999999998","0","0","169.9336055399588","0.24164264442127215","Vector","22.96731643591563","43.54013246563837","1.2329999999999999","0","0","1.8526937722253412","0.4832852888425443","Vector"
"captured-pp128","w4a8","bandwidth-constrained","8","matrix","1","0","true","","2112","4936","341.8675538801594","374.4140049186124","26.939245714285725","3.9321600000000023","23.00708571428572","121.53779015534342","0.24164264442127215","Matrix;Vector","22.589224128223325","44.26889539559637","0.21046285714285723","0.030720000000000018","0.17974285714285718","1.474601464533034","0.4832852888425443","Matrix;Vector"
"captured-pp128","w4a8","bandwidth-constrained","8","matrix","2","0","true","","2112","4936","341.8675538801594","374.4140049186124","30.871405714285725","7.864320000000005","23.00708571428572","121.53779015534342","0.24164264442127215","Matrix;Vector","22.589224128223325","44.26889539559637","0.24118285714285723","0.061440000000000036","0.17974285714285718","1.474601464533034","0.4832852888425443","Matrix;Vector"
"captured-pp128","w4a8","bandwidth-constrained","8","matrix","4","0","true","","2112","4936","341.8675538801594","374.4140049186124","38.735725714285714","15.72864000000001","23.00708571428572","121.53779015534342","0.24164264442127215","Matrix;Vector","22.589224128223325","44.26889539559637","0.30262285714285714","0.12288000000000007","0.17974285714285718","1.474601464533034","0.4832852888425443","Matrix;Vector"
"captured-pp128","w4a8","bandwidth-constrained","8","matrix","8","0","true","","2112","4936","341.8675538801594","374.4140049186124","54.464365714285734","31.45728000000002","23.00708571428572","121.53779015534342","0.24164264442127215","Matrix;Vector","22.589224128223325","44.26889539559637","0.4255028571428573","0.24576000000000015","0.17974285714285718","1.474601464533034","0.4832852888425443","Matrix;Vector"
"captured-pp128","w4a8","bandwidth-constrained","8","matrix","16","0","true","","2112","4936","341.8675538801594","374.4140049186124","85.92164571428569","62.91456000000004","23.00708571428572","121.53779015534342","0.24164264442127215","Matrix;Vector","22.589224128223325","44.26889539559637","0.6712628571428569","0.4915200000000003","0.17974285714285718","1.474601464533034","0.4832852888425443","Matrix;Vector"
"captured-pp128","w4a8","bandwidth-constrained","8","matrix","32","0","true","","2112","4936","367.234998010529","348.550657463018","148.8362057142857","125.82912000000007","23.00708571428572","121.53779015534342","0.24164264442127215","Matrix;Vector","22.589224128223325","44.26889539559637","1.1627828571428571","0.9830400000000006","0.17974285714285718","1.474601464533034","0.4832852888425443","Matrix;Vector"
"captured-pp128","w4a8","bandwidth-constrained","8","dedicated","","1","true","","2240","6224","376.2227922962436","340.2239381052991","157.82399999999998","0","0","0.7372978476511326","0.24164264442127215","Recurrent","21.899387242444856","45.66337810867258","1.2329999999999999","0","0","0.7184168491484182","0.4832852888425443","Recurrent"
"captured-pp128","w4a8","bandwidth-constrained","8","dedicated","","2","true","","2368","7512","297.31079229624663","430.5259119973625","78.91199999999999","0","0","0.7372978476511326","0.24164264442127215","Recurrent","21.833039512838724","45.80214309656513","0.6164999999999999","0","0","0.7184168491484182","0.4832852888425443","Recurrent"
"captured-pp128","w4a8","bandwidth-constrained","8","dedicated","","4","true","","2624","10088","257.8547922962491","496.40341705552214","39.455999999999996","0","0","0.7372978476511326","0.24164264442127215","Recurrent","21.833039512838724","45.80214309656513","0.30824999999999997","0","0","0.7184168491484182","0.4832852888425443","Recurrent"
"captured-pp128","w4a8","bandwidth-constrained","8","dedicated","","8","true","","3136","15240","238.12679229624922","537.5287625793804","19.727999999999998","0","0","0.7372978476511326","0.24164264442127215","Recurrent","21.833039512838724","45.80214309656513","0.15412499999999998","0","0","0.7184168491484182","0.4832852888425443","Recurrent"
"captured-pp128","w4a8","bandwidth-constrained","8","dedicated","","16","true","","4160","25544","228.26279229624882","560.7571812837388","9.863999999999999","0","0","0.7372978476511326","0.24164264442127215","Recurrent","21.833039512838724","45.80214309656513","0.07706249999999999","0","0","0.7184168491484182","0.4832852888425443","Recurrent"
"captured-pp128","w4a8","bandwidth-constrained","16","vector","","0","true","","4160","6984","297.20563153583845","430.6782456932185","157.82399999999998","0","0","169.9336055399588","0.24164264442127215","Vector","22.96731643591563","43.54013246563837","1.2329999999999999","0","0","1.8526937722253412","0.4832852888425443","Vector"
"captured-pp128","w4a8","bandwidth-constrained","16","matrix","1","0","true","","4160","6984","248.80981615122565","514.4491563074107","24.973165714285724","1.9660800000000012","23.00708571428572","121.53779015534342","0.24164264442127215","Matrix;Vector","22.589224128223325","44.26889539559637","0.19510285714285722","0.015360000000000009","0.17974285714285718","1.474601464533034","0.4832852888425443","Matrix;Vector"
"captured-pp128","w4a8","bandwidth-constrained","16","matrix","2","0","true","","4160","6984","248.80981615122565","514.4491563074107","26.939245714285725","3.9321600000000023","23.00708571428572","121.53779015534342","0.24164264442127215","Matrix;Vector","22.589224128223325","44.26889539559637","0.21046285714285723","0.030720000000000018","0.17974285714285718","1.474601464533034","0.4832852888425443","Matrix;Vector"
"captured-pp128","w4a8","bandwidth-constrained","16","matrix","4","0","true","","4160","6984","248.80981615122565","514.4491563074107","30.871405714285725","7.864320000000005","23.00708571428572","121.53779015534342","0.24164264442127215","Matrix;Vector","22.589224128223325","44.26889539559637","0.24118285714285723","0.061440000000000036","0.17974285714285718","1.474601464533034","0.4832852888425443","Matrix;Vector"
"captured-pp128","w4a8","bandwidth-constrained","16","matrix","8","0","true","","4160","6984","248.80981615122565","514.4491563074107","38.735725714285714","15.72864000000001","23.00708571428572","121.53779015534342","0.24164264442127215","Matrix;Vector","22.589224128223325","44.26889539559637","0.30262285714285714","0.12288000000000007","0.17974285714285718","1.474601464533034","0.4832852888425443","Matrix;Vector"
"captured-pp128","w4a8","bandwidth-constrained","16","matrix","16","0","true","","4160","6984","248.80981615122565","514.4491563074107","54.464365714285734","31.45728000000002","23.00708571428572","121.53779015534342","0.24164264442127215","Matrix;Vector","22.589224128223325","44.26889539559637","0.4255028571428573","0.24576000000000015","0.17974285714285718","1.474601464533034","0.4832852888425443","Matrix;Vector"
"captured-pp128","w4a8","bandwidth-constrained","16","matrix","32","0","true","","4160","6984","248.80981615122565","514.4491563074107","85.92164571428569","62.91456000000004","23.00708571428572","121.53779015534342","0.24164264442127215","Matrix;Vector","22.589224128223325","44.26889539559637","0.6712628571428569","0.4915200000000003","0.17974285714285718","1.474601464533034","0.4832852888425443","Matrix;Vector"
"captured-pp128","w4a8","bandwidth-constrained","16","dedicated","","1","true","","4288","8272","283.165054567309","452.0331797141801","157.82399999999998","0","0","0.7372978476511326","0.24164264442127215","Recurrent","21.899387242444856","45.66337810867258","1.2329999999999999","0","0","0.7184168491484182","0.4832852888425443","Recurrent"
"captured-pp128","w4a8","bandwidth-constrained","16","dedicated","","2","true","","4416","9560","204.25305456731016","626.6736146059372","78.91199999999999","0","0","0.7372978476511326","0.24164264442127215","Recurrent","21.833039512838724","45.80214309656513","0.6164999999999999","0","0","0.7184168491484182","0.4832852888425443","Recurrent"
"captured-pp128","w4a8","bandwidth-constrained","16","dedicated","","4","true","","4672","12136","164.79705456730917","776.7129111383487","39.455999999999996","0","0","0.7372978476511326","0.24164264442127215","Recurrent","21.833039512838724","45.80214309656513","0.30824999999999997","0","0","0.7184168491484182","0.4832852888425443","Recurrent"
"captured-pp128","w4a8","bandwidth-constrained","16","dedicated","","8","true","","5184","17288","145.06905456730843","882.3384172577701","19.727999999999998","0","0","0.7372978476511326","0.24164264442127215","Recurrent","21.833039512838724","45.80214309656513","0.15412499999999998","0","0","0.7184168491484182","0.4832852888425443","Recurrent"
"captured-pp128","w4a8","bandwidth-constrained","16","dedicated","","16","true","","6208","27592","135.20505456730808","946.7101685631047","9.863999999999999","0","0","0.7372978476511326","0.24164264442127215","Recurrent","21.833039512838724","45.80214309656513","0.07706249999999999","0","0","0.7184168491484182","0.4832852888425443","Recurrent"
"captured-pp128","w4a8","middle","1","vector","","0","true","","320","3144","1681.5478882669315","76.12034179527397","157.82399999999998","0","0","42.4834013849897","0.08054754814042406","Vector","17.488802924393134","57.17944243086039","1.2329999999999999","0","0","0.4631734430563353","0.16109509628084812","Vector"
"captured-pp128","w4a8","middle","1","matrix","1","0","true","","320","3144","1664.3824449702286","76.90540139185954","54.464365714285734","31.45728000000002","23.00708571428572","30.384447538835854","0.08054754814042406","Matrix;Vector","17.35554775955797","57.61846378195032","0.4255028571428573","0.24576000000000015","0.17974285714285718","0.3686503661332585","0.16109509628084812","Matrix;Vector"
"captured-pp128","w4a8","middle","1","matrix","2","0","true","","320","3144","1695.8397249702264","75.47883099757394","85.92164571428569","62.91456000000004","23.00708571428572","30.384447538835854","0.08054754814042406","Matrix;Vector","17.601307759557947","56.81396028411441","0.6712628571428569","0.4915200000000003","0.17974285714285718","0.3686503661332585","0.16109509628084812","Matrix;Vector"
"captured-pp128","w4a8","middle","1","matrix","4","0","true","","320","3144","1758.7542849702265","72.77878501496693","148.8362057142857","125.82912000000007","23.00708571428572","30.384447538835854","0.08054754814042406","Matrix;Vector","18.09282775955794","55.2705200806285","1.1627828571428571","0.9830400000000006","0.17974285714285718","0.3686503661332585","0.16109509628084812","Matrix;Vector"
"captured-pp128","w4a8","middle","1","matrix","8","0","true","","320","3144","1884.5834049702237","67.91951985909714","274.66532571428576","251.65824000000015","23.00708571428572","30.384447538835854","0.08054754814042406","Matrix;Vector","19.075867759557923","52.42225478832815","2.1458228571428575","1.9660800000000012","0.17974285714285718","0.3686503661332585","0.16109509628084812","Matrix;Vector"
"captured-pp128","w4a8","middle","1","matrix","16","0","true","","320","3144","2136.241644970222","59.918315093882676","526.3235657142857","503.3164800000003","23.00708571428572","30.384447538835854","0.08054754814042406","Matrix;Vector","21.041947759557907","47.524117606734805","4.111902857142857","3.9321600000000023","0.17974285714285718","0.3686503661332585","0.16109509628084812","Matrix;Vector"
"captured-pp128","w4a8","middle","1","matrix","32","0","true","","320","3144","2639.5581249702177","48.49296508726976","1029.6400457142856","1006.6329600000006","23.00708571428572","30.384447538835854","0.08054754814042406","Matrix;Vector","24.9741077595579","40.041470535310225","8.044062857142857","7.864320000000005","0.17974285714285718","0.3686503661332585","0.16109509628084812","Matrix;Vector"
"captured-pp128","w4a8","middle","1","dedicated","","1","true","","448","4432","1679.6169168383603","76.2078535389735","157.82399999999998","0","0","0.18432446191278315","0.08054754814042406","Recurrent","17.488802924393134","57.17944243086039","1.2329999999999999","0","0","0.17960421228710455","0.16109509628084812","Recurrent"
"captured-pp128","w4a8","middle","1","dedicated","","2","true","","576","5720","1600.7049168383598","79.9647696796108","78.91199999999999","0","0","0.18432446191278315","0.08054754814042406","Recurrent","17.00591834547145","58.80305783464453","0.6164999999999999","0","0","0.17960421228710455","0.16109509628084812","Recurrent"
"captured-pp128","w4a8","middle","1","dedicated","","4","true","","832","8296","1597.886173761438","80.10583112981502","39.455999999999996","0","0","0.18432446191278315","0.08054754814042406","Recurrent","17.23829490241511","58.01037780481982","0.30824999999999997","0","0","0.17960421228710455","0.16109509628084812","Recurrent"
"captured-pp128","w4a8","middle","1","dedicated","","8","true","","1344","13448","1597.886173761438","80.10583112981502","19.727999999999998","0","0","0.18432446191278315","0.08054754814042406","Recurrent","17.109649114702222","58.44655219379723","0.15412499999999998","0","0","0.17960421228710455","0.16109509628084812","Recurrent"
"captured-pp128","w4a8","middle","1","dedicated","","16","true","","2368","23752","1597.886173761438","80.10583112981502","9.863999999999999","0","0","0.18432446191278315","0.08054754814042406","Recurrent","17.109649114702222","58.44655219379723","0.07706249999999999","0","0","0.17960421228710455","0.16109509628084812","Recurrent"
"captured-pp128","w4a8","middle","2","vector","","0","true","","576","3400","933.6911060447266","137.09030660282247","157.82399999999998","0","0","42.4834013849897","0.08054754814042406","Vector","9.630849774973308","103.83299743690286","1.2329999999999999","0","0","0.4631734430563353","0.16109509628084812","Vector"
"captured-pp128","w4a8","middle","2","matrix","1","0","true","","576","3400","857.6251827480229","149.24934875379867","38.735725714285714","15.72864000000001","23.00708571428572","30.384447538835854","0.08054754814042406","Matrix;Vector","9.09380867590511","109.9649262084865","0.30262285714285714","0.12288000000000007","0.17974285714285718","0.3686503661332585","0.16109509628084812","Matrix;Vector"
"captured-pp128","w4a8","middle","2","matrix","2","0","true","","576","3400","873.3538227480224","146.56144699435316","54.464365714285734","31.45728000000002","23.00708571428572","30.384447538835854","0.08054754814042406","Matrix;Vector","9.150661166914709","109.28172093352309","0.4255028571428573","0.24576000000000015","0.17974285714285718","0.3686503661332585","0.16109509628084812","Matrix;Vector"
"captured-pp128","w4a8","middle","2","matrix","4","0","true","","576","3400","904.8111027480235","141.46599175369107","85.92164571428569","62.91456000000004","23.00708571428572","30.384447538835854","0.08054754814042406","Matrix;Vector","9.396421166914717","106.42349701406016","0.6712628571428569","0.4915200000000003","0.17974285714285718","0.3686503661332585","0.16109509628084812","Matrix;Vector"
"captured-pp128","w4a8","middle","2","matrix","8","0","true","","576","3400","967.7256627480241","132.26889078927792","148.8362057142857","125.82912000000007","23.00708571428572","30.384447538835854","0.08054754814042406","Matrix;Vector","9.887941166914715","101.13328782194048","1.1627828571428571","0.9830400000000006","0.17974285714285718","0.3686503661332585","0.16109509628084812","Matrix;Vector"
"captured-pp128","w4a8","middle","2","matrix","16","0","true","","576","3400","1093.554782748019","117.04946292525543","274.66532571428576","251.65824000000015","23.00708571428572","30.384447538835854","0.08054754814042406","Matrix;Vector","10.870981166914651","91.98801696423277","2.1458228571428575","1.9660800000000012","0.17974285714285718","0.3686503661332585","0.16109509628084812","Matrix;Vector"
"captured-pp128","w4a8","middle","2","matrix","32","0","true","","576","3400","1345.2130227480088","95.15221592080701","526.3235657142857","503.3164800000003","23.00708571428572","30.384447538835854","0.08054754814042406","Matrix;Vector","12.837061166914564","77.89944964797218","4.111902857142857","3.9321600000000023","0.17974285714285718","0.3686503661332585","0.16109509628084812","Matrix;Vector"
"captured-pp128","w4a8","middle","2","dedicated","","1","true","","704","4688","931.7601346161549","137.3744113368088","157.82399999999998","0","0","0.18432446191278315","0.08054754814042406","Recurrent","9.630849774973308","103.83299743690286","1.2329999999999999","0","0","0.17960421228710455","0.16109509628084812","Recurrent"
"captured-pp128","w4a8","middle","2","dedicated","","2","true","","832","5976","852.848134616154","150.08533735916495","78.91199999999999","0","0","0.18432446191278315","0.08054754814042406","Recurrent","9.01434977497331","110.9342354094487","0.6164999999999999","0","0","0.17960421228710455","0.16109509628084812","Recurrent"
"captured-pp128","w4a8","middle","2","dedicated","","4","true","","1088","8552","813.3921346161532","157.36567216795663","39.455999999999996","0","0","0.18432446191278315","0.08054754814042406","Recurrent","9.03340830977185","110.70018820230392","0.30824999999999997","0","0","0.17960421228710455","0.16109509628084812","Recurrent"
"captured-pp128","w4a8","middle","2","dedicated","","8","true","","1600","13704","805.973192198571","158.81421521085048","19.727999999999998","0","0","0.18432446191278315","0.08054754814042406","Recurrent","8.90476252205896","112.29945745580422","0.15412499999999998","0","0","0.17960421228710455","0.16109509628084812","Recurrent"
"captured-pp128","w4a8","middle","2","dedicated","","16","true","","2624","24008","805.973192198571","158.81421521085048","9.863999999999999","0","0","0.18432446191278315","0.08054754814042406","Recurrent","8.90476252205896","112.29945745580422","0.07706249999999999","0","0","0.17960421228710455","0.16109509628084812","Recurrent"
"captured-pp128","w4a8","middle","4","vector","","0","true","","1088","3912","559.9945436515544","228.57365567412648","157.82399999999998","0","0","42.4834013849897","0.08054754814042406","Vector","6.515656967433623","153.476465228015","1.2329999999999999","0","0","0.4631734430563353","0.16109509628084812","Vector"
"captured-pp128","w4a8","middle","4","matrix","1","0","true","","1088","3912","454.47838035485","281.6415599352812","30.871405714285725","7.864320000000005","23.00708571428572","30.384447538835854","0.08054754814042406","Matrix;Vector","6.119551666213399","163.4106638107316","0.24118285714285723","0.061440000000000036","0.17974285714285718","0.3686503661332585","0.16109509628084812","Matrix;Vector"
"captured-pp128","w4a8","middle","4","matrix","2","0","true","","1088","3912","462.3427003548499","276.8509157855406","38.735725714285714","15.72864000000001","23.00708571428572","30.384447538835854","0.08054754814042406","Matrix;Vector","6.119551666213399","163.4106638107316","0.30262285714285714","0.12288000000000007","0.17974285714285718","0.3686503661332585","0.16109509628084812","Matrix;Vector"
"captured-pp128","w4a8","middle","4","matrix","4","0","true","","1088","3912","478.07134035485024","267.74246685649786","54.464365714285734","31.45728000000002","23.00708571428572","30.384447538835854","0.08054754814042406","Matrix;Vector","6.176404157222997","161.9065032897094","0.4255028571428573","0.24576000000000015","0.17974285714285718","0.3686503661332585","0.16109509628084812","Matrix;Vector"
"captured-pp128","w4a8","middle","4","matrix","8","0","true","","1088","3912","509.5286203548497","251.21258136757322","85.92164571428569","62.91456000000004","23.00708571428572","30.384447538835854","0.08054754814042406","Matrix;Vector","6.333800174851206","157.8830989917506","0.6712628571428569","0.4915200000000003","0.17974285714285718","0.3686503661332585","0.16109509628084812","Matrix;Vector"
"captured-pp128","w4a8","middle","4","matrix","16","0","true","","1088","3912","572.4431803548517","223.60297823908755","148.8362057142857","125.82912000000007","23.00708571428572","30.384447538835854","0.08054754814042406","Matrix;Vector","6.6187326199061545","151.08632685847624","1.1627828571428571","0.9830400000000006","0.17974285714285718","0.3686503661332585","0.16109509628084812","Matrix;Vector"
"captured-pp128","w4a8","middle","4","matrix","32","0","true","","1088","3912","698.272300354855","183.30957698730376","274.66532571428576","251.65824000000015","23.00708571428572","30.384447538835854","0.08054754814042406","Matrix;Vector","7.601772619906157","131.54826512192426","2.1458228571428575","1.9660800000000012","0.17974285714285718","0.3686503661332585","0.16109509628084812","Matrix;Vector"
"captured-pp128","w4a8","middle","4","dedicated","","1","true","","1216","5200","558.0635722229832","229.3645497951541","157.82399999999998","0","0","0.18432446191278315","0.08054754814042406","Recurrent","6.486534561298091","154.16552406372733","1.2329999999999999","0","0","0.17960421228710455","0.16109509628084812","Recurrent"
"captured-pp128","w4a8","middle","4","dedicated","","2","true","","1344","6488","479.15157222298205","267.1388500431192","78.91199999999999","0","0","0.18432446191278315","0.08054754814042406","Recurrent","6.219503434924464","160.78454019089148","0.6164999999999999","0","0","0.17960421228710455","0.16109509628084812","Recurrent"
"captured-pp128","w4a8","middle","4","dedicated","","4","true","","1600","9064","439.69557222298295","291.1105048269336","39.455999999999996","0","0","0.18432446191278315","0.08054754814042406","Recurrent","6.059151300080141","165.03961536441145","0.30824999999999997","0","0","0.17960421228710455","0.16109509628084812","Recurrent"
"captured-pp128","w4a8","middle","4","dedicated","","8","true","","2112","14216","419.96757222298316","304.78543693854056","19.727999999999998","0","0","0.18432446191278315","0.08054754814042406","Recurrent","5.930505512367246","168.61968982486212","0.15412499999999998","0","0","0.17960421228710455","0.16109509628084812","Recurrent"
"captured-pp128","w4a8","middle","4","dedicated","","16","true","","3136","24520","412.03454365155454","310.65356527059976","9.863999999999999","0","0","0.18432446191278315","0.08054754814042406","Recurrent","5.930505512367246","168.61968982486212","0.07706249999999999","0","0","0.17960421228710455","0.16109509628084812","Recurrent"
"captured-pp128","w4a8","middle","8","vector","","0","true","","2112","4936","373.5821703182211","342.62877131145825","157.82399999999998","0","0","42.4834013849897","0.08054754814042406","Vector","6.510582095638749","153.59609714005006","1.2329999999999999","0","0","0.4631734430563353","0.16109509628084812","Vector"
"captured-pp128","w4a8","middle","8","matrix","1","0","true","","2112","4936","246.142617857063","520.0237208589804","26.939245714285725","3.9321600000000023","23.00708571428572","30.384447538835854","0.08054754814042406","Matrix;Vector","6.114476794418526","163.54629081474792","0.21046285714285723","0.030720000000000018","0.17974285714285718","0.3686503661332585","0.16109509628084812","Matrix;Vector"
"captured-pp128","w4a8","middle","8","matrix","2","0","true","","2112","4936","246.62957603251292","518.9969591608343","30.871405714285725","7.864320000000005","23.00708571428572","30.384447538835854","0.08054754814042406","Matrix;Vector","6.114476794418526","163.54629081474792","0.24118285714285723","0.061440000000000036","0.17974285714285718","0.3686503661332585","0.16109509628084812","Matrix;Vector"
"captured-pp128","w4a8","middle","8","matrix","4","0","true","","2112","4936","252.5629246039414","506.80439419492876","38.735725714285714","15.72864000000001","23.00708571428572","30.384447538835854","0.08054754814042406","Matrix;Vector","6.114476794418526","163.54629081474792","0.30262285714285714","0.12288000000000007","0.17974285714285718","0.3686503661332585","0.16109509628084812","Matrix;Vector"
"captured-pp128","w4a8","middle","8","matrix","8","0","true","","2112","4936","268.2915646039405","477.09289775456483","54.464365714285734","31.45728000000002","23.00708571428572","30.384447538835854","0.08054754814042406","Matrix;Vector","6.171329285428124","162.03964393234074","0.4255028571428573","0.24576000000000015","0.17974285714285718","0.3686503661332585","0.16109509628084812","Matrix;Vector"
"captured-pp128","w4a8","middle","8","matrix","16","0","true","","2112","4936","299.74884460393866","427.02416474408017","85.92164571428569","62.91456000000004","23.00708571428572","30.384447538835854","0.08054754814042406","Matrix;Vector","6.328725303056332","158.00970213023305","0.6712628571428569","0.4915200000000003","0.17974285714285718","0.3686503661332585","0.16109509628084812","Matrix;Vector"
"captured-pp128","w4a8","middle","8","matrix","32","0","true","","2112","4936","362.6634046039354","352.94435108441326","148.8362057142857","125.82912000000007","23.00708571428572","30.384447538835854","0.08054754814042406","Matrix;Vector","6.61365774811128","151.20226024480607","1.1627828571428571","0.9830400000000006","0.17974285714285718","0.3686503661332585","0.16109509628084812","Matrix;Vector"
"captured-pp128","w4a8","middle","8","dedicated","","1","true","","2240","6224","371.65119888965","344.4089522176021","157.82399999999998","0","0","0.18432446191278315","0.08054754814042406","Recurrent","6.481459689503218","154.28623302548792","1.2329999999999999","0","0","0.17960421228710455","0.16109509628084812","Recurrent"
"captured-pp128","w4a8","middle","8","dedicated","","2","true","","2368","7512","292.7391988896533","437.2492665331403","78.91199999999999","0","0","0.18432446191278315","0.08054754814042406","Recurrent","6.21442856312959","160.91584123004213","0.6164999999999999","0","0","0.17960421228710455","0.16109509628084812","Recurrent"
"captured-pp128","w4a8","middle","8","dedicated","","4","true","","2624","10088","253.28319888965572","505.3631688210158","39.455999999999996","0","0","0.18432446191278315","0.08054754814042406","Recurrent","6.05407642828527","165.17796097318774","0.30824999999999997","0","0","0.17960421228710455","0.16109509628084812","Recurrent"
"captured-pp128","w4a8","middle","8","dedicated","","8","true","","3136","15240","233.55519888965574","548.0503136240363","19.727999999999998","0","0","0.18432446191278315","0.08054754814042406","Recurrent","5.925430640572373","168.76410520323023","0.15412499999999998","0","0","0.17960421228710455","0.16109509628084812","Recurrent"
"captured-pp128","w4a8","middle","8","dedicated","","16","true","","4160","25544","223.69119888965534","572.2174168467895","9.863999999999999","0","0","0.18432446191278315","0.08054754814042406","Recurrent","5.925430640572373","168.76410520323023","0.07706249999999999","0","0","0.17960421228710455","0.16109509628084812","Recurrent"
"captured-pp128","w4a8","middle","16","vector","","0","true","","4160","6984","280.40627874313304","456.48050597773795","157.82399999999998","0","0","42.4834013849897","0.08054754814042406","Vector","6.510582095638749","153.59609714005006","1.2329999999999999","0","0","0.4631734430563353","0.16109509628084812","Vector"
"captured-pp128","w4a8","middle","16","matrix","1","0","true","","4160","6984","152.9667262819689","836.7832868701992","24.973165714285724","1.9660800000000012","23.00708571428572","30.384447538835854","0.08054754814042406","Matrix;Vector","6.114476794418526","163.54629081474792","0.19510285714285722","0.015360000000000009","0.17974285714285718","0.3686503661332585","0.16109509628084812","Matrix;Vector"
"captured-pp128","w4a8","middle","16","matrix","2","0","true","","4160","6984","152.9667262819689","836.7832868701992","26.939245714285725","3.9321600000000023","23.00708571428572","30.384447538835854","0.08054754814042406","Matrix;Vector","6.114476794418526","163.54629081474792","0.21046285714285723","0.030720000000000018","0.17974285714285718","0.3686503661332585","0.16109509628084812","Matrix;Vector"
"captured-pp128","w4a8","middle","16","matrix","4","0","true","","4160","6984","153.45368445741872","834.1279028430121","30.871405714285725","7.864320000000005","23.00708571428572","30.384447538835854","0.08054754814042406","Matrix;Vector","6.114476794418526","163.54629081474792","0.24118285714285723","0.061440000000000036","0.17974285714285718","0.3686503661332585","0.16109509628084812","Matrix;Vector"
"captured-pp128","w4a8","middle","16","matrix","8","0","true","","4160","6984","159.3870330288475","803.0766215268795","38.735725714285714","15.72864000000001","23.00708571428572","30.384447538835854","0.08054754814042406","Matrix;Vector","6.114476794418526","163.54629081474792","0.30262285714285714","0.12288000000000007","0.17974285714285718","0.3686503661332585","0.16109509628084812","Matrix;Vector"
"captured-pp128","w4a8","middle","16","matrix","16","0","true","","4160","6984","175.1156730288479","730.9454247359902","54.464365714285734","31.45728000000002","23.00708571428572","30.384447538835854","0.08054754814042406","Matrix;Vector","6.171329285428124","162.03964393234074","0.4255028571428573","0.24576000000000015","0.17974285714285718","0.3686503661332585","0.16109509628084812","Matrix;Vector"
"captured-pp128","w4a8","middle","16","matrix","32","0","true","","4160","6984","206.57295302884862","619.6358144820845","85.92164571428569","62.91456000000004","23.00708571428572","30.384447538835854","0.08054754814042406","Matrix;Vector","6.328725303056332","158.00970213023305","0.6712628571428569","0.4915200000000003","0.17974285714285718","0.3686503661332585","0.16109509628084812","Matrix;Vector"
"captured-pp128","w4a8","middle","16","dedicated","","1","true","","4288","8272","278.4753073145617","459.64578056974017","157.82399999999998","0","0","0.18432446191278315","0.08054754814042406","Recurrent","6.481459689503218","154.28623302548792","1.2329999999999999","0","0","0.17960421228710455","0.16109509628084812","Recurrent"
"captured-pp128","w4a8","middle","16","dedicated","","2","true","","4416","9560","199.56330731456285","641.4004744782028","78.91199999999999","0","0","0.18432446191278315","0.08054754814042406","Recurrent","6.21442856312959","160.91584123004213","0.6164999999999999","0","0","0.17960421228710455","0.16109509628084812","Recurrent"
"captured-pp128","w4a8","middle","16","dedicated","","4","true","","4672","12136","160.1073073145618","799.4638230253864","39.455999999999996","0","0","0.18432446191278315","0.08054754814042406","Recurrent","6.05407642828527","165.17796097318774","0.30824999999999997","0","0","0.17960421228710455","0.16109509628084812","Recurrent"
"captured-pp128","w4a8","middle","16","dedicated","","8","true","","5184","17288","140.37930731456112","911.8152984839736","19.727999999999998","0","0","0.18432446191278315","0.08054754814042406","Recurrent","5.925430640572373","168.76410520323023","0.15412499999999998","0","0","0.17960421228710455","0.16109509628084812","Recurrent"
"captured-pp128","w4a8","middle","16","dedicated","","16","true","","6208","27592","130.51530731456077","980.7278750185332","9.863999999999999","0","0","0.18432446191278315","0.08054754814042406","Recurrent","5.925430640572373","168.76410520323023","0.07706249999999999","0","0","0.17960421228710455","0.16109509628084812","Recurrent"
"captured-pp128","w4a8","f2-ceiling","1","vector","","0","true","","320","3144","1681.4933651900085","76.12281002698813","157.82399999999998","0","0","21.24170069249485","0.05253100965679828","Vector","17.437996933378937","57.34603600519336","1.2329999999999999","0","0","0.23158672152816764","0.10506201931359656","Vector"
"captured-pp128","w4a8","f2-ceiling","1","matrix","1","0","true","","320","3144","1663.7760834317667","76.93342948889035","54.464365714285734","31.45728000000002","23.00708571428572","15.192223769417927","0.05253100965679828","Matrix;Vector","17.304637922389926","57.78797594523093","0.4255028571428573","0.24576000000000015","0.17974285714285718","0.18432518306662926","0.10506201931359656","Matrix;Vector"
"captured-pp128","w4a8","f2-ceiling","1","matrix","2","0","true","","320","3144","1695.2333634317645","75.50582873196984","85.92164571428569","62.91456000000004","23.00708571428572","15.192223769417927","0.05253100965679828","Matrix;Vector","17.5503979223899","56.978765064024614","0.6712628571428569","0.4915200000000003","0.17974285714285718","0.18432518306662926","0.10506201931359656","Matrix;Vector"
"captured-pp128","w4a8","f2-ceiling","1","matrix","4","0","true","","320","3144","1758.1479234317644","72.80388543766796","148.8362057142857","125.82912000000007","23.00708571428572","15.192223769417927","0.05253100965679828","Matrix;Vector","18.041917922389903","55.42647983998456","1.1627828571428571","0.9830400000000006","0.17974285714285718","0.18432518306662926","0.10506201931359656","Matrix;Vector"
"captured-pp128","w4a8","f2-ceiling","1","matrix","8","0","true","","320","3144","1883.9770434317618","67.94137988371736","274.66532571428576","251.65824000000015","23.00708571428572","15.192223769417927","0.05253100965679828","Matrix;Vector","19.024957922389877","52.56253412382748","2.1458228571428575","1.9660800000000012","0.17974285714285718","0.18432518306662926","0.10506201931359656","Matrix;Vector"
"captured-pp128","w4a8","f2-ceiling","1","matrix","16","0","true","","320","3144","2135.6352834317595","59.93532743770573","526.3235657142857","503.3164800000003","23.00708571428572","15.192223769417927","0.05253100965679828","Matrix;Vector","20.991037922389868","47.639378467005706","4.111902857142857","3.9321600000000023","0.17974285714285718","0.18432518306662926","0.10506201931359656","Matrix;Vector"
"captured-pp128","w4a8","f2-ceiling","1","matrix","32","0","true","","320","3144","2638.951763431757","48.504107492114855","1029.6400457142856","1006.6329600000006","23.00708571428572","15.192223769417927","0.05253100965679828","Matrix;Vector","24.92319792238986","40.1232619952693","8.044062857142857","7.864320000000005","0.17974285714285718","0.18432518306662926","0.10506201931359656","Matrix;Vector"
"captured-pp128","w4a8","f2-ceiling","1","dedicated","","1","true","","448","4432","1679.5623937614375","76.21032744924683","157.82399999999998","0","0","0.09216223095639157","0.05253100965679828","Recurrent","17.437996933378937","57.34603600519336","1.2329999999999999","0","0","0.08980210614355227","0.10506201931359656","Recurrent"
"captured-pp128","w4a8","f2-ceiling","1","dedicated","","2","true","","576","5720","1600.6503937614368","79.96749352568322","78.91199999999999","0","0","0.09216223095639157","0.05253100965679828","Recurrent","16.927831699945283","59.07431133092092","0.6164999999999999","0","0","0.08980210614355227","0.10506201931359656","Recurrent"
"captured-pp128","w4a8","f2-ceiling","1","dedicated","","4","true","","832","8296","1597.8424622229752","80.10802255306312","39.455999999999996","0","0","0.09216223095639157","0.05253100965679828","Recurrent","16.927831699945283","59.07431133092092","0.30824999999999997","0","0","0.08980210614355227","0.10506201931359656","Recurrent"
"captured-pp128","w4a8","f2-ceiling","1","dedicated","","8","true","","1344","13448","1597.8424622229752","80.10802255306312","19.727999999999998","0","0","0.09216223095639157","0.05253100965679828","Recurrent","17.033260065247067","58.708667405384034","0.15412499999999998","0","0","0.08980210614355227","0.10506201931359656","Recurrent"
"captured-pp128","w4a8","f2-ceiling","1","dedicated","","16","true","","2368","23752","1597.8424622229752","80.10802255306312","9.863999999999999","0","0","0.09216223095639157","0.05253100965679828","Recurrent","16.984197084560662","58.878261658247084","0.07706249999999999","0","0","0.08980210614355227","0.10506201931359656","Recurrent"
"captured-pp128","w4a8","f2-ceiling","2","vector","","0","true","","576","3400","933.6365829678035","137.09831248591303","157.82399999999998","0","0","21.24170069249485","0.05253100965679828","Vector","9.550921377823585","104.70194030933116","1.2329999999999999","0","0","0.23158672152816764","0.10506201931359656","Vector"
"captured-pp128","w4a8","f2-ceiling","2","matrix","1","0","true","","576","3400","857.0188212095607","149.35494627684622","38.735725714285714","15.72864000000001","23.00708571428572","15.192223769417927","0.05253100965679828","Matrix;Vector","8.967002366834581","111.51998840756495","0.30262285714285714","0.12288000000000007","0.17974285714285718","0.18432518306662926","0.10506201931359656","Matrix;Vector"
"captured-pp128","w4a8","f2-ceiling","2","matrix","2","0","true","","576","3400","872.7474612095601","146.6632739585423","54.464365714285734","31.45728000000002","23.00708571428572","15.192223769417927","0.05253100965679828","Matrix;Vector","9.089882366834578","110.01242476455013","0.4255028571428573","0.24576000000000015","0.17974285714285718","0.18432518306662926","0.10506201931359656","Matrix;Vector"
"captured-pp128","w4a8","f2-ceiling","2","matrix","4","0","true","","576","3400","904.204741209561","141.5608591354802","85.92164571428569","62.91456000000004","23.00708571428572","15.192223769417927","0.05253100965679828","Matrix;Vector","9.335642366834588","107.11635693678222","0.6712628571428569","0.4915200000000003","0.17974285714285718","0.18432518306662926","0.10506201931359656","Matrix;Vector"
"captured-pp128","w4a8","f2-ceiling","2","matrix","8","0","true","","576","3400","967.1193012095617","132.35182033893057","148.8362057142857","125.82912000000007","23.00708571428572","15.192223769417927","0.05253100965679828","Matrix;Vector","9.827162366834587","101.75877457513796","1.1627828571428571","0.9830400000000006","0.17974285714285718","0.18432518306662926","0.10506201931359656","Matrix;Vector"
"captured-pp128","w4a8","f2-ceiling","2","matrix","16","0","true","","576","3400","1092.9484212095565","117.11440129841031","274.66532571428576","251.65824000000015","23.00708571428572","15.192223769417927","0.05253100965679828","Matrix;Vector","10.810202366834531","92.5052062917877","2.1458228571428575","1.9660800000000012","0.17974285714285718","0.18432518306662926","0.10506201931359656","Matrix;Vector"
"captured-pp128","w4a8","f2-ceiling","2","matrix","32","0","true","","576","3400","1344.6066612095467","95.19512560264803","526.3235657142857","503.3164800000003","23.00708571428572","15.192223769417927","0.05253100965679828","Matrix;Vector","12.77628236683443","78.27002967591498","4.111902857142857","3.9321600000000023","0.17974285714285718","0.18432518306662926","0.10506201931359656","Matrix;Vector"
"captured-pp128","w4a8","f2-ceiling","2","dedicated","","1","true","","704","4688","931.7056115392317","137.38245043789806","157.82399999999998","0","0","0.09216223095639157","0.05253100965679828","Recurrent","9.550921377823585","104.70194030933116","1.2329999999999999","0","0","0.08980210614355227","0.10506201931359656","Recurrent"
"captured-pp128","w4a8","f2-ceiling","2","dedicated","","2","true","","832","5976","852.7936115392308","150.09493301546811","78.91199999999999","0","0","0.09216223095639157","0.05253100965679828","Recurrent","8.934421377823586","111.92666628441458","0.6164999999999999","0","0","0.08980210614355227","0.10506201931359656","Recurrent"
"captured-pp128","w4a8","f2-ceiling","2","dedicated","","4","true","","1088","8552","813.3376115392299","157.37622136736283","39.455999999999996","0","0","0.09216223095639157","0.05253100965679828","Recurrent","8.713076144389923","114.77002879676067","0.30824999999999997","0","0","0.08980210614355227","0.10506201931359656","Recurrent"
"captured-pp128","w4a8","f2-ceiling","2","dedicated","","8","true","","1600","13704","805.9315460447241","158.82242186471854","19.727999999999998","0","0","0.09216223095639157","0.05253100965679828","Recurrent","8.81850450969172","113.3979121857883","0.15412499999999998","0","0","0.08980210614355227","0.10506201931359656","Recurrent"
"captured-pp128","w4a8","f2-ceiling","2","dedicated","","16","true","","2624","24008","805.9315460447241","158.82242186471854","9.863999999999999","0","0","0.09216223095639157","0.05253100965679828","Recurrent","8.769441529005318","114.03234706479944","0.07706249999999999","0","0","0.08980210614355227","0.10506201931359656","Recurrent"
"captured-pp128","w4a8","f2-ceiling","4","vector","","0","true","","1088","3912","559.7081918566827","228.69059603254","157.82399999999998","0","0","21.24170069249485","0.05253100965679828","Vector","5.63669062156595","177.40906271740462","1.2329999999999999","0","0","0.23158672152816764","0.10506201931359656","Vector"
"captured-pp128","w4a8","f2-ceiling","4","matrix","1","0","true","","1088","3912","453.64019009844026","282.1619485968029","30.871405714285725","7.864320000000005","23.00708571428572","15.192223769417927","0.05253100965679828","Matrix;Vector","4.8556692983058785","205.94483243512806","0.24118285714285723","0.061440000000000036","0.17974285714285718","0.18432518306662926","0.10506201931359656","Matrix;Vector"
"captured-pp128","w4a8","f2-ceiling","4","matrix","2","0","true","","1088","3912","461.50451009844005","277.3537358772448","38.735725714285714","15.72864000000001","23.00708571428572","15.192223769417927","0.05253100965679828","Matrix;Vector","4.917109298305878","203.37152162644347","0.30262285714285714","0.12288000000000007","0.17974285714285718","0.18432518306662926","0.10506201931359656","Matrix;Vector"
"captured-pp128","w4a8","f2-ceiling","4","matrix","4","0","true","","1088","3912","477.2331500984404","268.21271735544155","54.464365714285734","31.45728000000002","23.00708571428572","15.192223769417927","0.05253100965679828","Matrix;Vector","5.03998929830588","198.41311971359454","0.4255028571428573","0.24576000000000015","0.17974285714285718","0.18432518306662926","0.10506201931359656","Matrix;Vector"
"captured-pp128","w4a8","f2-ceiling","4","matrix","8","0","true","","1088","3912","508.69043009843995","251.62651472572404","85.92164571428569","62.91456000000004","23.00708571428572","15.192223769417927","0.05253100965679828","Matrix;Vector","5.285749298305881","189.18793600757925","0.6712628571428569","0.4915200000000003","0.17974285714285718","0.18432518306662926","0.10506201931359656","Matrix;Vector"
"captured-pp128","w4a8","f2-ceiling","4","matrix","16","0","true","","1088","3912","571.6049900984418","223.93086522557448","148.8362057142857","125.82912000000007","23.00708571428572","15.192223769417927","0.05253100965679828","Matrix;Vector","5.73894615880649","174.2480191185426","1.1627828571428571","0.9830400000000006","0.17974285714285718","0.18432518306662926","0.10506201931359656","Matrix;Vector"
"captured-pp128","w4a8","f2-ceiling","4","matrix","32","0","true","","1088","3912","697.4341100984444","183.52988210159737","274.66532571428576","251.65824000000015","23.00708571428572","15.192223769417927","0.05253100965679828","Matrix;Vector","6.721986158806497","148.76555475942132","2.1458228571428575","1.9660800000000012","0.17974285714285718","0.18432518306662926","0.10506201931359656","Matrix;Vector"
"captured-pp128","w4a8","f2-ceiling","4","dedicated","","1","true","","1216","5200","557.7772204281114","229.48230101931378","157.82399999999998","0","0","0.09216223095639157","0.05253100965679828","Recurrent","5.63669062156595","177.40906271740462","1.2329999999999999","0","0","0.08980210614355227","0.10506201931359656","Recurrent"
"captured-pp128","w4a8","f2-ceiling","4","dedicated","","2","true","","1344","6488","478.8652204281103","267.29859371613315","78.91199999999999","0","0","0.09216223095639157","0.05253100965679828","Recurrent","5.020190621565947","199.19562331042923","0.6164999999999999","0","0","0.08980210614355227","0.10506201931359656","Recurrent"
"captured-pp128","w4a8","f2-ceiling","4","dedicated","","4","true","","1600","9064","439.40922042811115","291.3002141268022","39.455999999999996","0","0","0.09216223095639157","0.05253100965679828","Recurrent","4.770554664606243","209.61923095006375","0.30824999999999997","0","0","0.08980210614355227","0.10506201931359656","Recurrent"
"captured-pp128","w4a8","f2-ceiling","4","dedicated","","8","true","","2112","14216","419.6812204281114","304.99339443739905","19.727999999999998","0","0","0.09216223095639157","0.05253100965679828","Recurrent","4.768611441163021","209.70465141443964","0.15412499999999998","0","0","0.08980210614355227","0.10506201931359656","Recurrent"
"captured-pp128","w4a8","f2-ceiling","4","dedicated","","16","true","","3136","24520","411.7481918566828","310.86961043547933","9.863999999999999","0","0","0.09216223095639157","0.05253100965679828","Recurrent","4.719548460476619","211.8846767597364","0.07706249999999999","0","0","0.08980210614355227","0.10506201931359656","Recurrent"
"captured-pp128","w4a8","f2-ceiling","8","vector","","0","true","","2112","4936","373.03107583183777","343.1349511956005","157.82399999999998","0","0","21.24170069249485","0.05253100965679828","Vector","4.873935435917351","205.17300919309048","1.2329999999999999","0","0","0.23158672152816764","0.10506201931359656","Vector"
"captured-pp128","w4a8","f2-ceiling","8","matrix","1","0","true","","2112","4936","240.21535011755802","532.8552065359628","26.939245714285725","3.9321600000000023","23.00708571428572","15.192223769417927","0.05253100965679828","Matrix;Vector","4.111242235367901","243.23548522567495","0.21046285714285723","0.030720000000000018","0.17974285714285718","0.18432518306662926","0.10506201931359656","Matrix;Vector"
"captured-pp128","w4a8","f2-ceiling","8","matrix","2","0","true","","2112","4936","244.14751011755814","524.273214739595","30.871405714285725","7.864320000000005","23.00708571428572","15.192223769417927","0.05253100965679828","Matrix;Vector","4.1419622353679","241.43146247473632","0.24118285714285723","0.061440000000000036","0.17974285714285718","0.18432518306662926","0.10506201931359656","Matrix;Vector"
"captured-pp128","w4a8","f2-ceiling","8","matrix","4","0","true","","2112","4936","252.01183011755802","507.91266402172784","38.735725714285714","15.72864000000001","23.00708571428572","15.192223769417927","0.05253100965679828","Matrix;Vector","4.2034022353679","237.90252371897398","0.30262285714285714","0.12288000000000007","0.17974285714285718","0.18432518306662926","0.10506201931359656","Matrix;Vector"
"captured-pp128","w4a8","f2-ceiling","8","matrix","8","0","true","","2112","4936","267.74047011755715","478.074905686835","54.464365714285734","31.45728000000002","23.00708571428572","15.192223769417927","0.05253100965679828","Matrix;Vector","4.300894465221383","232.50977397524363","0.4255028571428573","0.24576000000000015","0.17974285714285718","0.18432518306662926","0.10506201931359656","Matrix;Vector"
"captured-pp128","w4a8","f2-ceiling","8","matrix","16","0","true","","2112","4936","299.1977501175554","427.81070362229843","85.92164571428569","62.91456000000004","23.00708571428572","15.192223769417927","0.05253100965679828","Matrix;Vector","4.517347443701236","221.36884808237411","0.6712628571428569","0.4915200000000003","0.17974285714285718","0.18432518306662926","0.10506201931359656","Matrix;Vector"
"captured-pp128","w4a8","f2-ceiling","8","matrix","32","0","true","","2112","4936","362.1123101175523","353.48149296125126","148.8362057142857","125.82912000000007","23.00708571428572","15.192223769417927","0.05253100965679828","Matrix;Vector","4.803718293060206","208.17207400456252","1.1627828571428571","0.9830400000000006","0.17974285714285718","0.18432518306662926","0.10506201931359656","Matrix;Vector"
"captured-pp128","w4a8","f2-ceiling","8","dedicated","","1","true","","2240","6224","371.10010440326676","344.9204095639517","157.82399999999998","0","0","0.09216223095639157","0.05253100965679828","Recurrent","4.873935435917351","205.17300919309048","1.2329999999999999","0","0","0.08980210614355227","0.10506201931359656","Recurrent"
"captured-pp128","w4a8","f2-ceiling","8","dedicated","","2","true","","2368","7512","292.18810440326996","438.07396013404406","78.91199999999999","0","0","0.09216223095639157","0.05253100965679828","Recurrent","4.286742457437498","233.27736852140487","0.6164999999999999","0","0","0.08980210614355227","0.10506201931359656","Recurrent"
"captured-pp128","w4a8","f2-ceiling","8","dedicated","","4","true","","2624","10088","252.73210440327233","506.46513747124357","39.455999999999996","0","0","0.09216223095639157","0.05253100965679828","Recurrent","4.183641608078525","239.02621057908516","0.30824999999999997","0","0","0.08980210614355227","0.10506201931359656","Recurrent"
"captured-pp128","w4a8","f2-ceiling","8","dedicated","","8","true","","3136","15240","233.00410440327238","549.3465461812798","19.727999999999998","0","0","0.09216223095639157","0.05253100965679828","Recurrent","4.054904378225043","246.6149400143761","0.15412499999999998","0","0","0.08980210614355227","0.10506201931359656","Recurrent"
"captured-pp128","w4a8","f2-ceiling","8","dedicated","","16","true","","4160","25544","223.140104403272","573.6306359733113","9.863999999999999","0","0","0.09216223095639157","0.05253100965679828","Recurrent","4.00584139753864","249.63544503145891","0.07706249999999999","0","0","0.08980210614355227","0.10506201931359656","Recurrent"
"captured-pp128","w4a8","f2-ceiling","16","vector","","0","true","","4160","6984","279.83549194905726","457.41159960975136","157.82399999999998","0","0","21.24170069249485","0.05253100965679828","Vector","4.8705446666865795","205.31584626248747","1.2329999999999999","0","0","0.23158672152816764","0.10506201931359656","Vector"
"captured-pp128","w4a8","f2-ceiling","16","matrix","1","0","true","","4160","6984","145.05368623477153","882.4319003712193","24.973165714285724","1.9660800000000012","23.00708571428572","15.192223769417927","0.05253100965679828","Matrix;Vector","4.092491466137129","244.34992919945955","0.19510285714285722","0.015360000000000009","0.17974285714285718","0.18432518306662926","0.10506201931359656","Matrix;Vector"
"captured-pp128","w4a8","f2-ceiling","16","matrix","2","0","true","","4160","6984","147.0197662347716","870.631230603377","26.939245714285725","3.9321600000000023","23.00708571428572","15.192223769417927","0.05253100965679828","Matrix;Vector","4.10785146613713","243.4362605959467","0.21046285714285723","0.030720000000000018","0.17974285714285718","0.18432518306662926","0.10506201931359656","Matrix;Vector"
"captured-pp128","w4a8","f2-ceiling","16","matrix","4","0","true","","4160","6984","150.95192623477175","847.9520811210108","30.871405714285725","7.864320000000005","23.00708571428572","15.192223769417927","0.05253100965679828","Matrix;Vector","4.138571466137129","241.629269467076","0.24118285714285723","0.061440000000000036","0.17974285714285718","0.18432518306662926","0.10506201931359656","Matrix;Vector"
"captured-pp128","w4a8","f2-ceiling","16","matrix","8","0","true","","4160","6984","158.8162462347719","805.9628849984438","38.735725714285714","15.72864000000001","23.00708571428572","15.192223769417927","0.05253100965679828","Matrix;Vector","4.200011466137129","238.0945880892389","0.30262285714285714","0.12288000000000007","0.17974285714285718","0.18432518306662926","0.10506201931359656","Matrix;Vector"
"captured-pp128","w4a8","f2-ceiling","16","matrix","16","0","true","","4160","6984","174.5448862347723","733.3357210352934","54.464365714285734","31.45728000000002","23.00708571428572","15.192223769417927","0.05253100965679828","Matrix;Vector","4.297503695990612","232.6932262869157","0.4255028571428573","0.24576000000000015","0.17974285714285718","0.18432518306662926","0.10506201931359656","Matrix;Vector"
"captured-pp128","w4a8","f2-ceiling","16","matrix","32","0","true","","4160","6984","206.002166234773","621.3526893407673","85.92164571428569","62.91456000000004","23.00708571428572","15.192223769417927","0.05253100965679828","Matrix;Vector","4.513956674470465","221.5351347202088","0.6712628571428569","0.4915200000000003","0.17974285714285718","0.18432518306662926","0.10506201931359656","Matrix;Vector"
"captured-pp128","w4a8","f2-ceiling","16","dedicated","","1","true","","4288","8272","277.9045205204859","460.58984488726367","157.82399999999998","0","0","0.09216223095639157","0.05253100965679828","Recurrent","4.8705446666865795","205.31584626248747","1.2329999999999999","0","0","0.08980210614355227","0.10506201931359656","Recurrent"
"captured-pp128","w4a8","f2-ceiling","16","dedicated","","2","true","","4416","9560","198.99252052048718","643.2402567955904","78.91199999999999","0","0","0.09216223095639157","0.05253100965679828","Recurrent","4.283351688206727","233.46203459157493","0.6164999999999999","0","0","0.08980210614355227","0.10506201931359656","Recurrent"
"captured-pp128","w4a8","f2-ceiling","16","dedicated","","4","true","","4672","12136","159.53652052048622","802.3241298130444","39.455999999999996","0","0","0.09216223095639157","0.05253100965679828","Recurrent","4.180250838847754","239.22009433186076","0.30824999999999997","0","0","0.08980210614355227","0.10506201931359656","Recurrent"
"captured-pp128","w4a8","f2-ceiling","16","dedicated","","8","true","","5184","17288","139.80852052048562","915.5379051539612","19.727999999999998","0","0","0.09216223095639157","0.05253100965679828","Recurrent","4.051513608994272","246.821335557166","0.15412499999999998","0","0","0.08980210614355227","0.10506201931359656","Recurrent"
"captured-pp128","w4a8","f2-ceiling","16","dedicated","","16","true","","6208","27592","129.94452052048524","985.0357636266879","9.863999999999999","0","0","0.09216223095639157","0.05253100965679828","Recurrent","4.002450628307869","249.84692951047683","0.07706249999999999","0","0","0.08980210614355227","0.10506201931359656","Recurrent"
"captured-pp512","w8a16","bandwidth-constrained","1","vector","","0","true","","320","3144","13392.032753587218","38.23168666182172","631.2959999999999","0","0","679.4181593861131","0.24164264442127215","Vector","42.9253813832598","23.29624030760467","1.2329999999999999","0","0","1.8541764645330332","0.4832852888425443","Vector"
"captured-pp512","w8a16","bandwidth-constrained","1","matrix","1","0","true","","320","3144","13198.449492048754","38.79243545300137","217.85746285714293","125.82912000000007","92.02834285714287","485.834897847651","0.24164264442127215","Matrix;Vector","42.54728907556751","23.503260060210113","0.4255028571428573","0.24576000000000015","0.17974285714285718","1.4760841568407264","0.4832852888425443","Matrix;Vector"
"captured-pp512","w8a16","bandwidth-constrained","1","matrix","2","0","true","","320","3144","13198.449492048754","38.79243545300137","343.68658285714275","251.65824000000015","92.02834285714287","485.834897847651","0.24164264442127215","Matrix;Vector","42.54728907556751","23.503260060210113","0.6712628571428569","0.4915200000000003","0.17974285714285718","1.4760841568407264","0.4832852888425443","Matrix;Vector"
"captured-pp512","w8a16","bandwidth-constrained","1","matrix","4","0","true","","320","3144","13307.959417058244","38.47321621252575","595.3448228571428","503.3164800000003","92.02834285714287","485.834897847651","0.24164264442127215","Matrix;Vector","42.54728907556751","23.503260060210113","1.1627828571428571","0.9830400000000006","0.17974285714285718","1.4760841568407264","0.4832852888425443","Matrix;Vector"
"captured-pp512","w8a16","bandwidth-constrained","1","matrix","8","0","true","","320","3144","13811.275897058245","37.07115865443353","1098.661302857143","1006.6329600000006","92.02834285714287","485.834897847651","0.24164264442127215","Matrix;Vector","43.217027775869624","23.139027634805405","2.1458228571428575","1.9660800000000012","0.17974285714285718","1.4760841568407264","0.4832852888425443","Matrix;Vector"
"captured-pp512","w8a16","bandwidth-constrained","1","matrix","16","0","true","","320","3144","14817.90885705824","34.55278372535799","2105.2942628571427","2013.2659200000012","92.02834285714287","485.834897847651","0.24164264442127215","Matrix;Vector","44.51939186927615","22.462121740933366","4.111902857142857","3.9321600000000023","0.17974285714285718","1.4760841568407264","0.4832852888425443","Matrix;Vector"
"captured-pp512","w8a16","bandwidth-constrained","1","matrix","32","0","true","","320","3144","16831.17477705823","30.419742340141504","4118.5601828571425","4026.5318400000024","92.02834285714287","485.834897847651","0.24164264442127215","Matrix;Vector","48.45155186927614","20.639173801863613","8.044062857142857","7.864320000000005","0.17974285714285718","1.4760841568407264","0.4832852888425443","Matrix;Vector"
"captured-pp512","w8a16","bandwidth-constrained","1","dedicated","","1","true","","448","4432","12711.390815125671","40.278833956608075","631.2959999999999","0","0","2.06579015534344","0.24164264442127215","Recurrent","42.30420491872679","23.638312123373115","1.2329999999999999","0","0","0.7198995414561107","0.4832852888425443","Recurrent"
"captured-pp512","w8a16","bandwidth-constrained","1","dedicated","","2","true","","576","5720","12711.390815125671","40.27883395660808","315.64799999999997","0","0","2.06579015534344","0.24164264442127215","Recurrent","41.7911044601829","23.928537254926223","0.6164999999999999","0","0","0.7198995414561107","0.4832852888425443","Recurrent"
"captured-pp512","w8a16","bandwidth-constrained","1","dedicated","","4","true","","832","8296","12711.390815125671","40.27883395660808","157.82399999999998","0","0","2.06579015534344","0.24164264442127215","Recurrent","41.7911044601829","23.928537254926223","0.30824999999999997","0","0","0.7198995414561107","0.4832852888425443","Recurrent"
"captured-pp512","w8a16","bandwidth-constrained","1","dedicated","","8","true","","1344","13448","12711.390815125671","40.27883395660808","78.91199999999999","0","0","2.06579015534344","0.24164264442127215","Recurrent","41.7911044601829","23.928537254926223","0.15412499999999998","0","0","0.7198995414561107","0.4832852888425443","Recurrent"
"captured-pp512","w8a16","bandwidth-constrained","1","dedicated","","16","true","","2368","23752","12711.390815125671","40.27883395660808","39.455999999999996","0","0","2.06579015534344","0.24164264442127215","Recurrent","41.7911044601829","23.928537254926223","0.07706249999999999","0","0","0.7198995414561107","0.4832852888425443","Recurrent"
"captured-pp512","w8a16","bandwidth-constrained","2","vector","","0","true","","576","3400","7103.301690730035","72.07915731189782","631.2959999999999","0","0","679.4181593861131","0.24164264442127215","Vector","43.024370703314766","23.242640941706","1.2329999999999999","0","0","1.8541764645330332","0.4832852888425443","Vector"
"captured-pp512","w8a16","bandwidth-constrained","2","matrix","1","0","true","","576","3400","6909.718429191575","74.09853313804324","154.94290285714285","62.91456000000004","92.02834285714287","485.834897847651","0.24164264442127215","Matrix;Vector","42.64627839562247","23.448704966073837","0.30262285714285714","0.12288000000000007","0.17974285714285718","1.4760841568407264","0.4832852888425443","Matrix;Vector"
"captured-pp512","w8a16","bandwidth-constrained","2","matrix","2","0","true","","576","3400","6909.718429191575","74.09853313804324","217.85746285714293","125.82912000000007","92.02834285714287","485.834897847651","0.24164264442127215","Matrix;Vector","42.64627839562247","23.448704966073837","0.4255028571428573","0.24576000000000015","0.17974285714285718","1.4760841568407264","0.4832852888425443","Matrix;Vector"
"captured-pp512","w8a16","bandwidth-constrained","2","matrix","4","0","true","","576","3400","6909.718429191575","74.09853313804324","343.68658285714275","251.65824000000015","92.02834285714287","485.834897847651","0.24164264442127215","Matrix;Vector","42.64627839562247","23.448704966073837","0.6712628571428569","0.4915200000000003","0.17974285714285718","1.4760841568407264","0.4832852888425443","Matrix;Vector"
"captured-pp512","w8a16","bandwidth-constrained","2","matrix","8","0","true","","576","3400","7019.228354201066","72.942490849947","595.3448228571428","503.3164800000003","92.02834285714287","485.834897847651","0.24164264442127215","Matrix;Vector","42.64627839562247","23.448704966073837","1.1627828571428571","0.9830400000000006","0.17974285714285718","1.4760841568407264","0.4832852888425443","Matrix;Vector"
"captured-pp512","w8a16","bandwidth-constrained","2","matrix","16","0","true","","576","3400","7522.544834201073","68.0620735781067","1098.661302857143","1006.6329600000006","92.02834285714287","485.834897847651","0.24164264442127215","Matrix;Vector","43.31601709592459","23.086148428316264","2.1458228571428575","1.9660800000000012","0.17974285714285718","1.4760841568407264","0.4832852888425443","Matrix;Vector"
"captured-pp512","w8a16","bandwidth-constrained","2","matrix","32","0","true","","576","3400","8529.177794201096","60.02923287026608","2105.2942628571427","2013.2659200000012","92.02834285714287","485.834897847651","0.24164264442127215","Matrix;Vector","44.34183289491718","22.552067307858806","4.111902857142857","3.9321600000000023","0.17974285714285718","1.4760841568407264","0.4832852888425443","Matrix;Vector"
"captured-pp512","w8a16","bandwidth-constrained","2","dedicated","","1","true","","704","4688","6706.993725629635","76.33822558137771","631.2959999999999","0","0","2.06579015534344","0.24164264442127215","Recurrent","42.40319423878176","23.583129006007873","1.2329999999999999","0","0","0.7198995414561107","0.4832852888425443","Recurrent"
"captured-pp512","w8a16","bandwidth-constrained","2","dedicated","","2","true","","832","5976","6422.659752268485","79.71775241856172","315.64799999999997","0","0","2.06579015534344","0.24164264442127215","Recurrent","41.890093780237876","23.871992391474695","0.6164999999999999","0","0","0.7198995414561107","0.4832852888425443","Recurrent"
"captured-pp512","w8a16","bandwidth-constrained","2","dedicated","","4","true","","1088","8552","6422.659752268485","79.71775241856172","157.82399999999998","0","0","2.06579015534344","0.24164264442127215","Recurrent","41.890093780237876","23.871992391474695","0.30824999999999997","0","0","0.7198995414561107","0.4832852888425443","Recurrent"
"captured-pp512","w8a16","bandwidth-constrained","2","dedicated","","8","true","","1600","13704","6422.659752268485","79.7177524185617","78.91199999999999","0","0","2.06579015534344","0.24164264442127215","Recurrent","41.890093780237876","23.871992391474695","0.15412499999999998","0","0","0.7198995414561107","0.4832852888425443","Recurrent"
"captured-pp512","w8a16","bandwidth-constrained","2","dedicated","","16","true","","2624","24008","6422.659752268485","79.71775241856172","39.455999999999996","0","0","2.06579015534344","0.24164264442127215","Recurrent","41.890093780237876","23.871992391474695","0.07706249999999999","0","0","0.7198995414561107","0.4832852888425443","Recurrent"
"captured-pp512","w8a16","bandwidth-constrained","4","vector","","0","true","","1088","3912","3958.966330729941","129.32668712683878","631.2959999999999","0","0","679.4181593861131","0.24164264442127215","Vector","43.024370703314766","23.242640941706","1.2329999999999999","0","0","1.8541764645330332","0.4832852888425443","Vector"
"captured-pp512","w8a16","bandwidth-constrained","4","matrix","1","0","true","","1088","3912","3765.383069191481","135.97554102508323","123.4856228571429","31.45728000000002","92.02834285714287","485.834897847651","0.24164264442127215","Matrix;Vector","42.64627839562247","23.448704966073837","0.24118285714285723","0.061440000000000036","0.17974285714285718","1.4760841568407264","0.4832852888425443","Matrix;Vector"
"captured-pp512","w8a16","bandwidth-constrained","4","matrix","2","0","true","","1088","3912","3765.383069191481","135.97554102508323","154.94290285714285","62.91456000000004","92.02834285714287","485.834897847651","0.24164264442127215","Matrix;Vector","42.64627839562247","23.448704966073837","0.30262285714285714","0.12288000000000007","0.17974285714285718","1.4760841568407264","0.4832852888425443","Matrix;Vector"
"captured-pp512","w8a16","bandwidth-constrained","4","matrix","4","0","true","","1088","3912","3765.383069191481","135.97554102508323","217.85746285714293","125.82912000000007","92.02834285714287","485.834897847651","0.24164264442127215","Matrix;Vector","42.64627839562247","23.448704966073837","0.4255028571428573","0.24576000000000015","0.17974285714285718","1.4760841568407264","0.4832852888425443","Matrix;Vector"
"captured-pp512","w8a16","bandwidth-constrained","4","matrix","8","0","true","","1088","3912","3765.383069191481","135.97554102508323","343.68658285714275","251.65824000000015","92.02834285714287","485.834897847651","0.24164264442127215","Matrix;Vector","42.64627839562247","23.448704966073837","0.6712628571428569","0.4915200000000003","0.17974285714285718","1.4760841568407264","0.4832852888425443","Matrix;Vector"
"captured-pp512","w8a16","bandwidth-constrained","4","matrix","16","0","true","","1088","3912","3874.892994200971","132.13268102273824","595.3448228571428","503.3164800000003","92.02834285714287","485.834897847651","0.24164264442127215","Matrix;Vector","42.64627839562247","23.448704966073837","1.1627828571428571","0.9830400000000006","0.17974285714285718","1.4760841568407264","0.4832852888425443","Matrix;Vector"
"captured-pp512","w8a16","bandwidth-constrained","4","matrix","32","0","true","","1088","3912","4378.209474200995","116.9427828926431","1098.661302857143","1006.6329600000006","92.02834285714287","485.834897847651","0.24164264442127215","Matrix;Vector","43.31601709592459","23.086148428316264","2.1458228571428575","1.9660800000000012","0.17974285714285718","1.4760841568407264","0.4832852888425443","Matrix;Vector"
"captured-pp512","w8a16","bandwidth-constrained","4","dedicated","","1","true","","1216","5200","3732.8881256295444","137.15921366211643","631.2959999999999","0","0","2.06579015534344","0.24164264442127215","Recurrent","42.40319423878176","23.583129006007873","1.2329999999999999","0","0","0.7198995414561107","0.4832852888425443","Recurrent"
"captured-pp512","w8a16","bandwidth-constrained","4","dedicated","","2","true","","1344","6488","3417.240125629547","149.82851107241868","315.64799999999997","0","0","2.06579015534344","0.24164264442127215","Recurrent","41.890093780237876","23.871992391474695","0.6164999999999999","0","0","0.7198995414561107","0.4832852888425443","Recurrent"
"captured-pp512","w8a16","bandwidth-constrained","4","dedicated","","4","true","","1600","9064","3278.3243922684073","156.1773451118808","157.82399999999998","0","0","2.06579015534344","0.24164264442127215","Recurrent","41.890093780237876","23.871992391474695","0.30824999999999997","0","0","0.7198995414561107","0.4832852888425443","Recurrent"
"captured-pp512","w8a16","bandwidth-constrained","4","dedicated","","8","true","","2112","14216","3278.3243922684073","156.17734511188078","78.91199999999999","0","0","2.06579015534344","0.24164264442127215","Recurrent","41.890093780237876","23.871992391474695","0.15412499999999998","0","0","0.7198995414561107","0.4832852888425443","Recurrent"
"captured-pp512","w8a16","bandwidth-constrained","4","dedicated","","16","true","","3136","24520","3278.3243922684073","156.1773451118808","39.455999999999996","0","0","2.06579015534344","0.24164264442127215","Recurrent","41.890093780237876","23.871992391474695","0.07706249999999999","0","0","0.7198995414561107","0.4832852888425443","Recurrent"
"captured-pp512","w8a16","bandwidth-constrained","8","vector","","0","true","","2112","4936","2386.798650729951","214.51327695506106","631.2959999999999","0","0","679.4181593861131","0.24164264442127215","Vector","43.024370703314766","23.242640941706","1.2329999999999999","0","0","1.8541764645330332","0.4832852888425443","Vector"
"captured-pp512","w8a16","bandwidth-constrained","8","matrix","1","0","true","","2112","4936","2193.21538919149","233.44720382832276","107.7569828571429","15.72864000000001","92.02834285714287","485.834897847651","0.24164264442127215","Matrix;Vector","42.64627839562247","23.448704966073837","0.21046285714285723","0.030720000000000018","0.17974285714285718","1.4760841568407264","0.4832852888425443","Matrix;Vector"
"captured-pp512","w8a16","bandwidth-constrained","8","matrix","2","0","true","","2112","4936","2193.21538919149","233.44720382832276","123.4856228571429","31.45728000000002","92.02834285714287","485.834897847651","0.24164264442127215","Matrix;Vector","42.64627839562247","23.448704966073837","0.24118285714285723","0.061440000000000036","0.17974285714285718","1.4760841568407264","0.4832852888425443","Matrix;Vector"
"captured-pp512","w8a16","bandwidth-constrained","8","matrix","4","0","true","","2112","4936","2193.21538919149","233.44720382832276","154.94290285714285","62.91456000000004","92.02834285714287","485.834897847651","0.24164264442127215","Matrix;Vector","42.64627839562247","23.448704966073837","0.30262285714285714","0.12288000000000007","0.17974285714285718","1.4760841568407264","0.4832852888425443","Matrix;Vector"
"captured-pp512","w8a16","bandwidth-constrained","8","matrix","8","0","true","","2112","4936","2193.21538919149","233.44720382832276","217.85746285714293","125.82912000000007","92.02834285714287","485.834897847651","0.24164264442127215","Matrix;Vector","42.64627839562247","23.448704966073837","0.4255028571428573","0.24576000000000015","0.17974285714285718","1.4760841568407264","0.4832852888425443","Matrix;Vector"
"captured-pp512","w8a16","bandwidth-constrained","8","matrix","16","0","true","","2112","4936","2193.21538919149","233.44720382832276","343.68658285714275","251.65824000000015","92.02834285714287","485.834897847651","0.24164264442127215","Matrix;Vector","42.64627839562247","23.448704966073837","0.6712628571428569","0.4915200000000003","0.17974285714285718","1.4760841568407264","0.4832852888425443","Matrix;Vector"
"captured-pp512","w8a16","bandwidth-constrained","8","matrix","32","0","true","","2112","4936","2302.7253142009804","222.34523451081188","595.3448228571428","503.3164800000003","92.02834285714287","485.834897847651","0.24164264442127215","Matrix;Vector","42.64627839562247","23.448704966073837","1.1627828571428571","0.9830400000000006","0.17974285714285718","1.4760841568407264","0.4832852888425443","Matrix;Vector"
"captured-pp512","w8a16","bandwidth-constrained","8","dedicated","","1","true","","2240","6224","2245.8353256295536","227.97753430852097","631.2959999999999","0","0","2.06579015534344","0.24164264442127215","Recurrent","42.40319423878176","23.583129006007873","1.2329999999999999","0","0","0.7198995414561107","0.4832852888425443","Recurrent"
"captured-pp512","w8a16","bandwidth-constrained","8","dedicated","","2","true","","2368","7512","1930.1873256295582","265.25922805601465","315.64799999999997","0","0","2.06579015534344","0.24164264442127215","Recurrent","41.890093780237876","23.871992391474695","0.6164999999999999","0","0","0.7198995414561107","0.4832852888425443","Recurrent"
"captured-pp512","w8a16","bandwidth-constrained","8","dedicated","","4","true","","2624","10088","1772.3633256295625","288.87982085621866","157.82399999999998","0","0","2.06579015534344","0.24164264442127215","Recurrent","41.890093780237876","23.871992391474695","0.30824999999999997","0","0","0.7198995414561107","0.4832852888425443","Recurrent"
"captured-pp512","w8a16","bandwidth-constrained","8","dedicated","","8","true","","3136","15240","1706.1567122684228","300.08966721425594","78.91199999999999","0","0","2.06579015534344","0.24164264442127215","Recurrent","41.890093780237876","23.871992391474695","0.15412499999999998","0","0","0.7198995414561107","0.4832852888425443","Recurrent"
"captured-pp512","w8a16","bandwidth-constrained","8","dedicated","","16","true","","4160","25544","1706.1567122684228","300.08966721425594","39.455999999999996","0","0","2.06579015534344","0.24164264442127215","Recurrent","41.890093780237876","23.871992391474695","0.07706249999999999","0","0","0.7198995414561107","0.4832852888425443","Recurrent"
"captured-pp512","w8a16","bandwidth-constrained","16","vector","","0","true","","4160","6984","1600.7148107299638","319.8571016947834","631.2959999999999","0","0","679.4181593861131","0.24164264442127215","Vector","43.024370703314766","23.242640941706","1.2329999999999999","0","0","1.8541764645330332","0.4832852888425443","Vector"
"captured-pp512","w8a16","bandwidth-constrained","16","matrix","1","0","true","","4160","6984","1407.1315491915075","363.8607920447656","99.8926628571429","7.864320000000005","92.02834285714287","485.834897847651","0.24164264442127215","Matrix;Vector","42.64627839562247","23.448704966073837","0.19510285714285722","0.015360000000000009","0.17974285714285718","1.4760841568407264","0.4832852888425443","Matrix;Vector"
"captured-pp512","w8a16","bandwidth-constrained","16","matrix","2","0","true","","4160","6984","1407.1315491915075","363.8607920447656","107.7569828571429","15.72864000000001","92.02834285714287","485.834897847651","0.24164264442127215","Matrix;Vector","42.64627839562247","23.448704966073837","0.21046285714285723","0.030720000000000018","0.17974285714285718","1.4760841568407264","0.4832852888425443","Matrix;Vector"
"captured-pp512","w8a16","bandwidth-constrained","16","matrix","4","0","true","","4160","6984","1407.1315491915075","363.8607920447656","123.4856228571429","31.45728000000002","92.02834285714287","485.834897847651","0.24164264442127215","Matrix;Vector","42.64627839562247","23.448704966073837","0.24118285714285723","0.061440000000000036","0.17974285714285718","1.4760841568407264","0.4832852888425443","Matrix;Vector"
"captured-pp512","w8a16","bandwidth-constrained","16","matrix","8","0","true","","4160","6984","1407.1315491915075","363.8607920447656","154.94290285714285","62.91456000000004","92.02834285714287","485.834897847651","0.24164264442127215","Matrix;Vector","42.64627839562247","23.448704966073837","0.30262285714285714","0.12288000000000007","0.17974285714285718","1.4760841568407264","0.4832852888425443","Matrix;Vector"
"captured-pp512","w8a16","bandwidth-constrained","16","matrix","16","0","true","","4160","6984","1407.1315491915075","363.8607920447656","217.85746285714293","125.82912000000007","92.02834285714287","485.834897847651","0.24164264442127215","Matrix;Vector","42.64627839562247","23.448704966073837","0.4255028571428573","0.24576000000000015","0.17974285714285718","1.4760841568407264","0.4832852888425443","Matrix;Vector"
"captured-pp512","w8a16","bandwidth-constrained","16","matrix","32","0","true","","4160","6984","1407.1315491915075","363.8607920447656","343.68658285714275","251.65824000000015","92.02834285714287","485.834897847651","0.24164264442127215","Matrix;Vector","42.64627839562247","23.448704966073837","0.6712628571428569","0.4915200000000003","0.17974285714285718","1.4760841568407264","0.4832852888425443","Matrix;Vector"
"captured-pp512","w8a16","bandwidth-constrained","16","dedicated","","1","true","","4288","8272","1502.308925629569","340.80873198928595","631.2959999999999","0","0","2.06579015534344","0.24164264442127215","Recurrent","42.40319423878176","23.583129006007873","1.2329999999999999","0","0","0.7198995414561107","0.4832852888425443","Recurrent"
"captured-pp512","w8a16","bandwidth-constrained","16","dedicated","","2","true","","4416","9560","1186.660925629579","431.46276155369327","315.64799999999997","0","0","2.06579015534344","0.24164264442127215","Recurrent","41.890093780237876","23.871992391474695","0.6164999999999999","0","0","0.7198995414561107","0.4832852888425443","Recurrent"
"captured-pp512","w8a16","bandwidth-constrained","16","dedicated","","4","true","","4672","12136","1028.8369256295864","497.64932346949615","157.82399999999998","0","0","2.06579015534344","0.24164264442127215","Recurrent","41.890093780237876","23.871992391474695","0.30824999999999997","0","0","0.7198995414561107","0.4832852888425443","Recurrent"
"captured-pp512","w8a16","bandwidth-constrained","16","dedicated","","8","true","","5184","17288","949.924925629587","538.9899624548318","78.91199999999999","0","0","2.06579015534344","0.24164264442127215","Recurrent","41.890093780237876","23.871992391474695","0.15412499999999998","0","0","0.7198995414561107","0.4832852888425443","Recurrent"
"captured-pp512","w8a16","bandwidth-constrained","16","dedicated","","16","true","","6208","27592","920.0728722684456","556.4776610983656","39.455999999999996","0","0","2.06579015534344","0.24164264442127215","Recurrent","41.890093780237876","23.871992391474695","0.07706249999999999","0","0","0.7198995414561107","0.4832852888425443","Recurrent"
"captured-pp512","w8a16","middle","1","vector","","0","true","","320","3144","12659.816348389153","40.44292475578821","631.2959999999999","0","0","169.85453984652827","0.08054754814042406","Vector","34.19906020291951","29.24056959654791","1.2329999999999999","0","0","0.4635441161332583","0.16109509628084812","Vector"
"captured-pp512","w8a16","middle","1","matrix","1","0","true","","320","3144","12924.770029927628","39.613857640364294","217.85746285714293","125.82912000000007","92.02834285714287","121.45872446191275","0.08054754814042406","Matrix;Vector","34.26493432854446","29.184354781236166","0.4255028571428573","0.24576000000000015","0.17974285714285718","0.3690210392101816","0.16109509628084812","Matrix;Vector"
"captured-pp512","w8a16","middle","1","matrix","2","0","true","","320","3144","13050.599149927633","39.231915264429766","343.68658285714275","251.65824000000015","92.02834285714287","121.45872446191275","0.08054754814042406","Matrix;Vector","34.510694328544474","28.97652508755468","0.6712628571428569","0.4915200000000003","0.17974285714285718","0.3690210392101816","0.16109509628084812","Matrix;Vector"
"captured-pp512","w8a16","middle","1","matrix","4","0","true","","320","3144","13302.25738992763","38.489707798593834","595.3448228571428","503.3164800000003","92.02834285714287","121.45872446191275","0.08054754814042406","Matrix;Vector","35.00221432854446","28.56962107064454","1.1627828571428571","0.9830400000000006","0.17974285714285718","0.3690210392101816","0.16109509628084812","Matrix;Vector"
"captured-pp512","w8a16","middle","1","matrix","8","0","true","","320","3144","13805.573869927637","37.086469915986456","1098.661302857143","1006.6329600000006","92.02834285714287","121.45872446191275","0.08054754814042406","Matrix;Vector","35.985254328544464","27.78916027298363","2.1458228571428575","1.9660800000000012","0.17974285714285718","0.3690210392101816","0.16109509628084812","Matrix;Vector"
"captured-pp512","w8a16","middle","1","matrix","16","0","true","","320","3144","14812.20682992764","34.56608497833818","2105.2942628571427","2013.2659200000012","92.02834285714287","121.45872446191275","0.08054754814042406","Matrix;Vector","37.95133432854447","26.34953467888655","4.111902857142857","3.9321600000000023","0.17974285714285718","0.3690210392101816","0.16109509628084812","Matrix;Vector"
"captured-pp512","w8a16","middle","1","matrix","32","0","true","","320","3144","16825.472749927638","30.430051363769376","4118.5601828571425","4026.5318400000024","92.02834285714287","121.45872446191275","0.08054754814042406","Matrix;Vector","41.88349432854445","23.875753826931287","8.044062857142857","7.864320000000005","0.17974285714285718","0.3690210392101816","0.16109509628084812","Matrix;Vector"
"captured-pp512","w8a16","middle","1","dedicated","","1","true","","448","4432","12659.816348389153","40.44292475578821","631.2959999999999","0","0","0.51644753883586","0.08054754814042406","Recurrent","33.91549097215026","29.485051560101276","1.2329999999999999","0","0","0.17997488536402767","0.16109509628084812","Recurrent"
"captured-pp512","w8a16","middle","1","dedicated","","2","true","","576","5720","12659.816348389153","40.44292475578821","315.64799999999997","0","0","0.51644753883586","0.08054754814042406","Recurrent","33.91549097215026","29.48505156010128","0.6164999999999999","0","0","0.17997488536402767","0.16109509628084812","Recurrent"
"captured-pp512","w8a16","middle","1","dedicated","","4","true","","832","8296","12659.816348389153","40.442924755788205","157.82399999999998","0","0","0.51644753883586","0.08054754814042406","Recurrent","34.14768147140162","29.284565068861006","0.30824999999999997","0","0","0.17997488536402767","0.16109509628084812","Recurrent"
"captured-pp512","w8a16","middle","1","dedicated","","8","true","","1344","13448","12659.816348389153","40.442924755788205","78.91199999999999","0","0","0.51644753883586","0.08054754814042406","Recurrent","34.01940635676564","29.39498677645573","0.15412499999999998","0","0","0.17997488536402767","0.16109509628084812","Recurrent"
"captured-pp512","w8a16","middle","1","dedicated","","16","true","","2368","23752","12659.816348389153","40.44292475578821","39.455999999999996","0","0","0.51644753883586","0.08054754814042406","Recurrent","34.01940635676564","29.39498677645573","0.07706249999999999","0","0","0.17997488536402767","0.16109509628084812","Recurrent"
"captured-pp512","w8a16","middle","2","vector","","0","true","","576","3400","6705.114108633283","76.35962516145187","631.2959999999999","0","0","169.85453984652827","0.08054754814042406","Vector","17.806469506352816","56.15936385611027","1.2329999999999999","0","0","0.4635441161332583","0.16109509628084812","Vector"
"captured-pp512","w8a16","middle","2","matrix","1","0","true","","576","3400","6568.709829292618","77.94529113111045","154.94290285714285","62.91456000000004","92.02834285714287","121.45872446191275","0.08054754814042406","Matrix;Vector","17.579448994891433","56.88460430646027","0.30262285714285714","0.12288000000000007","0.17974285714285718","0.3690210392101816","0.16109509628084812","Matrix;Vector"
"captured-pp512","w8a16","middle","2","matrix","2","0","true","","576","3400","6631.6243892926195","77.20582016476567","217.85746285714293","125.82912000000007","92.02834285714287","121.45872446191275","0.08054754814042406","Matrix;Vector","17.635930812824114","56.70242249265583","0.4255028571428573","0.24576000000000015","0.17974285714285718","0.3690210392101816","0.16109509628084812","Matrix;Vector"
"captured-pp512","w8a16","middle","2","matrix","4","0","true","","576","3400","6757.453509292623","75.76818683190567","343.68658285714275","251.65824000000015","92.02834285714287","121.45872446191275","0.08054754814042406","Matrix;Vector","17.8816908128241","55.9231232922804","0.6712628571428569","0.4915200000000003","0.17974285714285718","0.3690210392101816","0.16109509628084812","Matrix;Vector"
"captured-pp512","w8a16","middle","2","matrix","8","0","true","","576","3400","7009.111749292627","73.04777243017591","595.3448228571428","503.3164800000003","92.02834285714287","121.45872446191275","0.08054754814042406","Matrix;Vector","18.373210812824098","54.42706831089218","1.1627828571428571","0.9830400000000006","0.17974285714285718","0.3690210392101816","0.16109509628084812","Matrix;Vector"
"captured-pp512","w8a16","middle","2","matrix","16","0","true","","576","3400","7512.428229292632","68.15372930999831","1098.661302857143","1006.6329600000006","92.02834285714287","121.45872446191275","0.08054754814042406","Matrix;Vector","19.35625081282408","51.662897410766696","2.1458228571428575","1.9660800000000012","0.17974285714285718","0.3690210392101816","0.16109509628084812","Matrix;Vector"
"captured-pp512","w8a16","middle","2","matrix","32","0","true","","576","3400","8519.061189292659","60.100519132732224","2105.2942628571427","2013.2659200000012","92.02834285714287","121.45872446191275","0.08054754814042406","Matrix;Vector","21.322330812824067","46.89918793486506","4.111902857142857","3.9321600000000023","0.17974285714285718","0.3690210392101816","0.16109509628084812","Matrix;Vector"
"captured-pp512","w8a16","middle","2","dedicated","","1","true","","704","4688","6697.390222918998","76.44768827235056","631.2959999999999","0","0","0.51644753883586","0.08054754814042406","Recurrent","17.806469506352816","56.15936385611027","1.2329999999999999","0","0","0.17997488536402767","0.16109509628084812","Recurrent"
"captured-pp512","w8a16","middle","2","dedicated","","2","true","","832","5976","6381.7422229189915","80.22887514341069","315.64799999999997","0","0","0.51644753883586","0.08054754814042406","Recurrent","17.31651192861055","57.748350483204874","0.6164999999999999","0","0","0.17997488536402767","0.16109509628084812","Recurrent"
"captured-pp512","w8a16","middle","2","dedicated","","4","true","","1088","8552","6366.731050611285","80.41803492717689","157.82399999999998","0","0","0.51644753883586","0.08054754814042406","Recurrent","17.51867795568126","57.081932924950124","0.30824999999999997","0","0","0.17997488536402767","0.16109509628084812","Recurrent"
"captured-pp512","w8a16","middle","2","dedicated","","8","true","","1600","13704","6366.731050611285","80.41803492717689","78.91199999999999","0","0","0.51644753883586","0.08054754814042406","Recurrent","17.390402841045297","57.502980761306624","0.15412499999999998","0","0","0.17997488536402767","0.16109509628084812","Recurrent"
"captured-pp512","w8a16","middle","2","dedicated","","16","true","","2624","24008","6366.731050611285","80.41803492717689","39.455999999999996","0","0","0.51644753883586","0.08054754814042406","Recurrent","17.390402841045297","57.502980761306624","0.07706249999999999","0","0","0.17997488536402767","0.16109509628084812","Recurrent"
"captured-pp512","w8a16","middle","4","vector","","0","true","","1088","3912","3729.2227373511564","137.294025071742","631.2959999999999","0","0","169.85453984652827","0.08054754814042406","Vector","11.283830531994012","88.62238733244126","1.2329999999999999","0","0","0.4635441161332583","0.16109509628084812","Vector"
"captured-pp512","w8a16","middle","4","matrix","1","0","true","","1088","3912","3391.131418010496","150.98205787034328","123.4856228571429","31.45728000000002","92.02834285714287","121.45872446191275","0.08054754814042406","Matrix;Vector","11.040743359207868","90.57361152825005","0.24118285714285723","0.061440000000000036","0.17974285714285718","0.3690210392101816","0.16109509628084812","Matrix;Vector"
"captured-pp512","w8a16","middle","4","matrix","2","0","true","","1088","3912","3422.5886980104974","149.59436998597533","154.94290285714285","62.91456000000004","92.02834285714287","121.45872446191275","0.08054754814042406","Matrix;Vector","11.040743359207868","90.57361152825005","0.30262285714285714","0.12288000000000007","0.17974285714285718","0.3690210392101816","0.16109509628084812","Matrix;Vector"
"captured-pp512","w8a16","middle","4","matrix","4","0","true","","1088","3912","3485.5032580104953","146.89413898073548","217.85746285714293","125.82912000000007","92.02834285714287","121.45872446191275","0.08054754814042406","Matrix;Vector","11.097225177140542","90.11261680621978","0.4255028571428573","0.24576000000000015","0.17974285714285718","0.3690210392101816","0.16109509628084812","Matrix;Vector"
"captured-pp512","w8a16","middle","4","matrix","8","0","true","","1088","3912","3611.332378010497","141.77592821906458","343.68658285714275","251.65824000000015","92.02834285714287","121.45872446191275","0.08054754814042406","Matrix;Vector","11.106103462396952","90.04058024362912","0.6712628571428569","0.4915200000000003","0.17974285714285718","0.3690210392101816","0.16109509628084812","Matrix;Vector"
"captured-pp512","w8a16","middle","4","matrix","16","0","true","","1088","3912","3862.9906180104945","132.5397989870575","595.3448228571428","503.3164800000003","92.02834285714287","121.45872446191275","0.08054754814042406","Matrix;Vector","11.597623462396923","86.22456171665762","1.1627828571428571","0.9830400000000006","0.17974285714285718","0.3690210392101816","0.16109509628084812","Matrix;Vector"
"captured-pp512","w8a16","middle","4","matrix","32","0","true","","1088","3912","4366.307098010514","117.2615641793245","1098.661302857143","1006.6329600000006","92.02834285714287","121.45872446191275","0.08054754814042406","Matrix;Vector","12.580663462396878","79.48706385708208","2.1458228571428575","1.9660800000000012","0.17974285714285718","0.3690210392101816","0.16109509628084812","Matrix;Vector"
"captured-pp512","w8a16","middle","4","dedicated","","1","true","","1216","5200","3721.49885163687","137.57897567932906","631.2959999999999","0","0","0.51644753883586","0.08054754814042406","Recurrent","11.283830531994012","88.62238733244126","1.2329999999999999","0","0","0.17997488536402767","0.16109509628084812","Recurrent"
"captured-pp512","w8a16","middle","4","dedicated","","2","true","","1344","6488","3405.8508516368724","150.32954239729247","315.64799999999997","0","0","0.51644753883586","0.08054754814042406","Recurrent","10.723759604796243","93.25087812978819","0.6164999999999999","0","0","0.17997488536402767","0.16109509628084812","Recurrent"
"captured-pp512","w8a16","middle","4","dedicated","","4","true","","1600","9064","3248.0268516368733","157.63416479822908","157.82399999999998","0","0","0.51644753883586","0.08054754814042406","Recurrent","10.979972319997687","91.07491083367418","0.30824999999999997","0","0","0.17997488536402767","0.16109509628084812","Recurrent"
"captured-pp512","w8a16","middle","4","dedicated","","8","true","","2112","14216","3211.4827384775326","159.4279159173447","78.91199999999999","0","0","0.51644753883586","0.08054754814042406","Recurrent","10.851697205361726","92.15148387165732","0.15412499999999998","0","0","0.17997488536402767","0.16109509628084812","Recurrent"
"captured-pp512","w8a16","middle","4","dedicated","","16","true","","3136","24520","3211.4827384775326","159.4279159173447","39.455999999999996","0","0","0.51644753883586","0.08054754814042406","Recurrent","10.851697205361726","92.15148387165732","0.07706249999999999","0","0","0.17997488536402767","0.16109509628084812","Recurrent"
"captured-pp512","w8a16","middle","8","vector","","0","true","","2112","4936","2242.1699373511624","228.3502206816949","631.2959999999999","0","0","169.85453984652827","0.08054754814042406","Vector","11.23816078840427","88.98253182423029","1.2329999999999999","0","0","0.4635441161332583","0.16109509628084812","Vector"
"captured-pp512","w8a16","middle","8","matrix","1","0","true","","2112","4936","1816.9368396152784","281.792954403639","107.7569828571429","15.72864000000001","92.02834285714287","121.45872446191275","0.08054754814042406","Matrix;Vector","10.995073615618129","90.94982307162854","0.21046285714285723","0.030720000000000018","0.17974285714285718","0.3690210392101816","0.16109509628084812","Matrix;Vector"
"captured-pp512","w8a16","middle","8","matrix","2","0","true","","2112","4936","1818.9637380105073","281.4789483159243","123.4856228571429","31.45728000000002","92.02834285714287","121.45872446191275","0.08054754814042406","Matrix;Vector","10.995073615618129","90.94982307162854","0.24118285714285723","0.061440000000000036","0.17974285714285718","0.3690210392101816","0.16109509628084812","Matrix;Vector"
"captured-pp512","w8a16","middle","8","matrix","4","0","true","","2112","4936","1850.421018010507","276.6937875308401","154.94290285714285","62.91456000000004","92.02834285714287","121.45872446191275","0.08054754814042406","Matrix;Vector","10.995073615618129","90.94982307162854","0.30262285714285714","0.12288000000000007","0.17974285714285718","0.3690210392101816","0.16109509628084812","Matrix;Vector"
"captured-pp512","w8a16","middle","8","matrix","8","0","true","","2112","4936","1913.3355780105078","267.59550487864715","217.85746285714293","125.82912000000007","92.02834285714287","121.45872446191275","0.08054754814042406","Matrix;Vector","11.051555433550803","90.48500059676266","0.4255028571428573","0.24576000000000015","0.17974285714285718","0.3690210392101816","0.16109509628084812","Matrix;Vector"
"captured-pp512","w8a16","middle","8","matrix","16","0","true","","2112","4936","2039.1646980105045","251.08320112619097","343.68658285714275","251.65824000000015","92.02834285714287","121.45872446191275","0.08054754814042406","Matrix;Vector","11.06043371880721","90.41236767230886","0.6712628571428569","0.4915200000000003","0.17974285714285718","0.3690210392101816","0.16109509628084812","Matrix;Vector"
"captured-pp512","w8a16","middle","8","matrix","32","0","true","","2112","4936","2290.822938010502","223.50046854544496","595.3448228571428","503.3164800000003","92.02834285714287","121.45872446191275","0.08054754814042406","Matrix;Vector","11.551953718807182","86.56544376315738","1.1627828571428571","0.9830400000000006","0.17974285714285718","0.3690210392101816","0.16109509628084812","Matrix;Vector"
"captured-pp512","w8a16","middle","8","dedicated","","1","true","","2240","6224","2234.446051636877","229.13956666124326","631.2959999999999","0","0","0.51644753883586","0.08054754814042406","Recurrent","11.23816078840427","88.98253182423029","1.2329999999999999","0","0","0.17997488536402767","0.16109509628084812","Recurrent"
"captured-pp512","w8a16","middle","8","dedicated","","2","true","","2368","7512","1918.798051636882","266.83370850998347","315.64799999999997","0","0","0.51644753883586","0.08054754814042406","Recurrent","10.678089861206509","93.64970823414768","0.6164999999999999","0","0","0.17997488536402767","0.16109509628084812","Recurrent"
"captured-pp512","w8a16","middle","8","dedicated","","4","true","","2624","10088","1760.9740516368865","290.7481796929819","157.82399999999998","0","0","0.51644753883586","0.08054754814042406","Recurrent","10.934302576407955","91.45530709545369","0.30824999999999997","0","0","0.17997488536402767","0.16109509628084812","Recurrent"
"captured-pp512","w8a16","middle","8","dedicated","","8","true","","3136","15240","1682.0620516368874","304.3882950107284","78.91199999999999","0","0","0.51644753883586","0.08054754814042406","Recurrent","10.806027461771986","92.54094564701565","0.15412499999999998","0","0","0.17997488536402767","0.16109509628084812","Recurrent"
"captured-pp512","w8a16","middle","8","dedicated","","16","true","","4160","25544","1642.6060516368882","311.69981353093294","39.455999999999996","0","0","0.51644753883586","0.08054754814042406","Recurrent","10.806027461771986","92.54094564701565","0.07706249999999999","0","0","0.17997488536402767","0.16109509628084812","Recurrent"
"captured-pp512","w8a16","middle","16","vector","","0","true","","4160","6984","1498.6435373511786","341.64228333106445","631.2959999999999","0","0","169.85453984652827","0.08054754814042406","Vector","11.23816078840427","88.98253182423029","1.2329999999999999","0","0","0.4635441161332583","0.16109509628084812","Vector"
"captured-pp512","w8a16","middle","16","matrix","1","0","true","","4160","6984","988.806261813112","517.7960736830062","99.8926628571429","7.864320000000005","92.02834285714287","121.45872446191275","0.08054754814042406","Matrix;Vector","10.995073615618129","90.94982307162854","0.19510285714285722","0.015360000000000009","0.17974285714285718","0.3690210392101816","0.16109509628084812","Matrix;Vector"
"captured-pp512","w8a16","middle","16","matrix","2","0","true","","4160","6984","988.806261813112","517.7960736830062","107.7569828571429","15.72864000000001","92.02834285714287","121.45872446191275","0.08054754814042406","Matrix;Vector","10.995073615618129","90.94982307162854","0.21046285714285723","0.030720000000000018","0.17974285714285718","0.3690210392101816","0.16109509628084812","Matrix;Vector"
"captured-pp512","w8a16","middle","16","matrix","4","0","true","","4160","6984","990.8331602083418","516.7368438621312","123.4856228571429","31.45728000000002","92.02834285714287","121.45872446191275","0.08054754814042406","Matrix;Vector","10.995073615618129","90.94982307162854","0.24118285714285723","0.061440000000000036","0.17974285714285718","0.3690210392101816","0.16109509628084812","Matrix;Vector"
"captured-pp512","w8a16","middle","16","matrix","8","0","true","","4160","6984","1014.5665544940551","504.6490028003383","154.94290285714285","62.91456000000004","92.02834285714287","121.45872446191275","0.08054754814042406","Matrix;Vector","10.995073615618129","90.94982307162854","0.30262285714285714","0.12288000000000007","0.17974285714285718","0.3690210392101816","0.16109509628084812","Matrix;Vector"
"captured-pp512","w8a16","middle","16","matrix","16","0","true","","4160","6984","1077.4811144940518","475.18234251411235","217.85746285714293","125.82912000000007","92.02834285714287","121.45872446191275","0.08054754814042406","Matrix;Vector","11.051555433550803","90.48500059676266","0.4255028571428573","0.24576000000000015","0.17974285714285718","0.3690210392101816","0.16109509628084812","Matrix;Vector"
"captured-pp512","w8a16","middle","16","matrix","32","0","true","","4160","6984","1203.3102344940462","425.4929321824307","343.68658285714275","251.65824000000015","92.02834285714287","121.45872446191275","0.08054754814042406","Matrix;Vector","11.06043371880721","90.41236767230886","0.6712628571428569","0.4915200000000003","0.17974285714285718","0.3690210392101816","0.16109509628084812","Matrix;Vector"
"captured-pp512","w8a16","middle","16","dedicated","","1","true","","4288","8272","1490.9196516368934","343.412201615205","631.2959999999999","0","0","0.51644753883586","0.08054754814042406","Recurrent","11.23816078840427","88.98253182423029","1.2329999999999999","0","0","0.17997488536402767","0.16109509628084812","Recurrent"
"captured-pp512","w8a16","middle","16","dedicated","","2","true","","4416","9560","1175.2716516369044","435.6439630675108","315.64799999999997","0","0","0.51644753883586","0.08054754814042406","Recurrent","10.678089861206509","93.64970823414768","0.6164999999999999","0","0","0.17997488536402767","0.16109509628084812","Recurrent"
"captured-pp512","w8a16","middle","16","dedicated","","4","true","","4672","12136","1017.4476516369126","503.21999286771444","157.82399999999998","0","0","0.51644753883586","0.08054754814042406","Recurrent","10.934302576407955","91.45530709545369","0.30824999999999997","0","0","0.17997488536402767","0.16109509628084812","Recurrent"
"captured-pp512","w8a16","middle","16","dedicated","","8","true","","5184","17288","938.5356516369136","545.5306882663577","78.91199999999999","0","0","0.51644753883586","0.08054754814042406","Recurrent","10.806027461771986","92.54094564701565","0.15412499999999998","0","0","0.17997488536402767","0.16109509628084812","Recurrent"
"captured-pp512","w8a16","middle","16","dedicated","","16","true","","6208","27592","899.0796516369124","569.4712354659852","39.455999999999996","0","0","0.51644753883586","0.08054754814042406","Recurrent","10.806027461771986","92.54094564701565","0.07706249999999999","0","0","0.17997488536402767","0.16109509628084812","Recurrent"
"captured-pp512","w8a16","f2-ceiling","1","vector","","0","true","","320","3144","12659.349451123975","40.44441635620869","631.2959999999999","0","0","84.92726992326413","0.05253100965679828","Vector","33.963702666659195","29.443197339660493","1.2329999999999999","0","0","0.23177205806662915","0.10506201931359656","Vector"
"captured-pp512","w8a16","f2-ceiling","1","matrix","1","0","true","","320","3144","12924.533060147414","39.6145839557441","217.85746285714293","125.82912000000007","92.02834285714287","60.729362230956376","0.05253100965679828","Matrix;Vector","34.213891158043104","29.227894464874893","0.4255028571428573","0.24576000000000015","0.17974285714285718","0.1845105196050908","0.10506201931359656","Matrix;Vector"
"captured-pp512","w8a16","f2-ceiling","1","matrix","2","0","true","","320","3144","13050.362180147418","39.23262764146645","343.68658285714275","251.65824000000015","92.02834285714287","60.729362230956376","0.05253100965679828","Matrix;Vector","34.4596511580431","29.019446407442622","0.6712628571428569","0.4915200000000003","0.17974285714285718","0.1845105196050908","0.10506201931359656","Matrix;Vector"
"captured-pp512","w8a16","f2-ceiling","1","matrix","4","0","true","","320","3144","13302.020420147417","38.49039347620591","595.3448228571428","503.3164800000003","92.02834285714287","60.729362230956376","0.05253100965679828","Matrix;Vector","34.95117115804308","28.611344537731654","1.1627828571428571","0.9830400000000006","0.17974285714285718","0.1845105196050908","0.10506201931359656","Matrix;Vector"
"captured-pp512","w8a16","f2-ceiling","1","matrix","8","0","true","","320","3144","13805.336900147424","37.08710650839187","1098.661302857143","1006.6329600000006","92.02834285714287","60.729362230956376","0.05253100965679828","Matrix;Vector","35.93421115804309","27.82863371069638","2.1458228571428575","1.9660800000000012","0.17974285714285718","0.1845105196050908","0.10506201931359656","Matrix;Vector"
"captured-pp512","w8a16","f2-ceiling","1","matrix","16","0","true","","320","3144","14811.96986014743","34.5666379849698","2105.2942628571427","2013.2659200000012","92.02834285714287","60.729362230956376","0.05253100965679828","Matrix;Vector","37.90029115804309","26.385021577539593","4.111902857142857","3.9321600000000023","0.17974285714285718","0.1845105196050908","0.10506201931359656","Matrix;Vector"
"captured-pp512","w8a16","f2-ceiling","1","matrix","32","0","true","","320","3144","16825.23578014743","30.430479946327004","4118.5601828571425","4026.5318400000024","92.02834285714287","60.729362230956376","0.05253100965679828","Matrix;Vector","41.832451158043064","23.904886572914375","8.044062857142857","7.864320000000005","0.17974285714285718","0.1845105196050908","0.10506201931359656","Matrix;Vector"
"captured-pp512","w8a16","f2-ceiling","1","dedicated","","1","true","","448","4432","12659.349451123975","40.44441635620869","631.2959999999999","0","0","0.25822376941793","0.05253100965679828","Recurrent","33.83699262790617","29.55345384847459","1.2329999999999999","0","0","0.08998744268201384","0.10506201931359656","Recurrent"
"captured-pp512","w8a16","f2-ceiling","1","dedicated","","2","true","","576","5720","12659.349451123975","40.44441635620869","315.64799999999997","0","0","0.25822376941793","0.05253100965679828","Recurrent","33.83699262790617","29.553453848474593","0.6164999999999999","0","0","0.08998744268201384","0.10506201931359656","Recurrent"
"captured-pp512","w8a16","f2-ceiling","1","dedicated","","4","true","","832","8296","12659.349451123975","40.44441635620869","157.82399999999998","0","0","0.25822376941793","0.05253100965679828","Recurrent","33.83699262790617","29.553453848474593","0.30824999999999997","0","0","0.08998744268201384","0.10506201931359656","Recurrent"
"captured-pp512","w8a16","f2-ceiling","1","dedicated","","8","true","","1344","13448","12659.349451123975","40.44441635620869","78.91199999999999","0","0","0.25822376941793","0.05253100965679828","Recurrent","33.942513300900245","29.461577907770238","0.15412499999999998","0","0","0.08998744268201384","0.10506201931359656","Recurrent"
"captured-pp512","w8a16","f2-ceiling","1","dedicated","","16","true","","2368","23752","12659.349451123975","40.44441635620869","39.455999999999996","0","0","0.25822376941793","0.05253100965679828","Recurrent","33.893450320213844","29.504225463986064","0.07706249999999999","0","0","0.08998744268201384","0.10506201931359656","Recurrent"
"captured-pp512","w8a16","f2-ceiling","2","vector","","0","true","","576","3400","6705.032016325588","76.36056006196077","631.2959999999999","0","0","84.92726992326413","0.05253100965679828","Vector","17.699193416895405","56.49974981602347","1.2329999999999999","0","0","0.23177205806662915","0.10506201931359656","Vector"
"captured-pp512","w8a16","f2-ceiling","2","matrix","1","0","true","","576","3400","6568.533202369538","77.947387068897","154.94290285714285","62.91456000000004","92.02834285714287","60.729362230956376","0.05253100965679828","Matrix;Vector","17.443046713598704","57.32943426794781","0.30262285714285714","0.12288000000000007","0.17974285714285718","0.1845105196050908","0.10506201931359656","Matrix;Vector"
"captured-pp512","w8a16","f2-ceiling","2","matrix","2","0","true","","576","3400","6631.447762369539","77.2078765221326","217.85746285714293","125.82912000000007","92.02834285714287","60.729362230956376","0.05253100965679828","Matrix;Vector","17.565926713598703","56.92839417494823","0.4255028571428573","0.24576000000000015","0.17974285714285718","0.1845105196050908","0.10506201931359656","Matrix;Vector"
"captured-pp512","w8a16","f2-ceiling","2","matrix","4","0","true","","576","3400","6757.276882369542","75.77016731930324","343.68658285714275","251.65824000000015","92.02834285714287","60.729362230956376","0.05253100965679828","Matrix;Vector","17.811686713598682","56.14291426069886","0.6712628571428569","0.4915200000000003","0.17974285714285718","0.1845105196050908","0.10506201931359656","Matrix;Vector"
"captured-pp512","w8a16","f2-ceiling","2","matrix","8","0","true","","576","3400","7008.935122369547","73.04961325236316","595.3448228571428","503.3164800000003","92.02834285714287","60.729362230956376","0.05253100965679828","Matrix;Vector","18.303206713598687","54.63523499721131","1.1627828571428571","0.9830400000000006","0.17974285714285718","0.1845105196050908","0.10506201931359656","Matrix;Vector"
"captured-pp512","w8a16","f2-ceiling","2","matrix","16","0","true","","576","3400","7512.251602369551","68.15533173017029","1098.661302857143","1006.6329600000006","92.02834285714287","60.729362230956376","0.05253100965679828","Matrix;Vector","19.28624671359866","51.85042039801884","2.1458228571428575","1.9660800000000012","0.17974285714285718","0.1845105196050908","0.10506201931359656","Matrix;Vector"
"captured-pp512","w8a16","f2-ceiling","2","matrix","32","0","true","","576","3400","8518.884562369578","60.10176523129034","2105.2942628571427","2013.2659200000012","92.02834285714287","60.729362230956376","0.05253100965679828","Matrix;Vector","21.252326713598652","47.05367150977091","4.111902857142857","3.9321600000000023","0.17974285714285718","0.1845105196050908","0.10506201931359656","Matrix;Vector"
"captured-pp512","w8a16","f2-ceiling","2","dedicated","","1","true","","704","4688","6697.308130611303","76.44862533049779","631.2959999999999","0","0","0.25822376941793","0.05253100965679828","Recurrent","17.699193416895405","56.49974981602347","1.2329999999999999","0","0","0.08998744268201384","0.10506201931359656","Recurrent"
"captured-pp512","w8a16","f2-ceiling","2","dedicated","","2","true","","832","5976","6381.660130611295","80.22990719045953","315.64799999999997","0","0","0.25822376941793","0.05253100965679828","Recurrent","17.18902818346175","58.1766455512674","0.6164999999999999","0","0","0.08998744268201384","0.10506201931359656","Recurrent"
"captured-pp512","w8a16","f2-ceiling","2","dedicated","","4","true","","1088","8552","6359.696105552505","80.50699145089409","157.82399999999998","0","0","0.25822376941793","0.05253100965679828","Recurrent","17.18902818346175","58.1766455512674","0.30824999999999997","0","0","0.08998744268201384","0.10506201931359656","Recurrent"
"captured-pp512","w8a16","f2-ceiling","2","dedicated","","8","true","","1600","13704","6359.696105552505","80.50699145089409","78.91199999999999","0","0","0.25822376941793","0.05253100965679828","Recurrent","17.29454885645585","57.82168753287322","0.15412499999999998","0","0","0.08998744268201384","0.10506201931359656","Recurrent"
"captured-pp512","w8a16","f2-ceiling","2","dedicated","","16","true","","2624","24008","6359.696105552505","80.50699145089409","39.455999999999996","0","0","0.25822376941793","0.05253100965679828","Recurrent","17.245485875769447","57.98618880347334","0.07706249999999999","0","0","0.08998744268201384","0.10506201931359656","Recurrent"
"captured-pp512","w8a16","f2-ceiling","4","vector","","0","true","","1088","3912","3728.719127436628","137.3125683381744","631.2959999999999","0","0","84.92726992326413","0.05253100965679828","Vector","9.759504882860218","102.46421432261532","1.2329999999999999","0","0","0.23177205806662915","0.10506201931359656","Vector"
"captured-pp512","w8a16","f2-ceiling","4","matrix","1","0","true","","1088","3912","3390.5332734805825","151.00869353050228","123.4856228571429","31.45728000000002","92.02834285714287","60.729362230956376","0.05253100965679828","Matrix;Vector","9.094985377365711","109.9506990400068","0.24118285714285723","0.061440000000000036","0.17974285714285718","0.1845105196050908","0.10506201931359656","Matrix;Vector"
"captured-pp512","w8a16","f2-ceiling","4","matrix","2","0","true","","1088","3912","3421.990553480584","149.62051823294286","154.94290285714285","62.91456000000004","92.02834285714287","60.729362230956376","0.05253100965679828","Matrix;Vector","9.156425377365714","109.21292521773361","0.30262285714285714","0.12288000000000007","0.17974285714285718","0.1845105196050908","0.10506201931359656","Matrix;Vector"
"captured-pp512","w8a16","f2-ceiling","4","matrix","4","0","true","","1088","3912","3484.905113480582","146.91935169753737","217.85746285714293","125.82912000000007","92.02834285714287","60.729362230956376","0.05253100965679828","Matrix;Vector","9.279305377365716","107.76668719613666","0.4255028571428573","0.24576000000000015","0.17974285714285718","0.1845105196050908","0.10506201931359656","Matrix;Vector"
"captured-pp512","w8a16","f2-ceiling","4","matrix","8","0","true","","1088","3912","3610.7342334805835","141.7994144383358","343.68658285714275","251.65824000000015","92.02834285714287","60.729362230956376","0.05253100965679828","Matrix;Vector","9.525065377365717","104.98615604007152","0.6712628571428569","0.4915200000000003","0.17974285714285718","0.1845105196050908","0.10506201931359656","Matrix;Vector"
"captured-pp512","w8a16","f2-ceiling","4","matrix","16","0","true","","1088","3912","3862.3924734805814","132.56032459555126","595.3448228571428","503.3164800000003","92.02834285714287","60.729362230956376","0.05253100965679828","Matrix;Vector","10.01658537736572","99.83442084561874","1.1627828571428571","0.9830400000000006","0.17974285714285718","0.1845105196050908","0.10506201931359656","Matrix;Vector"
"captured-pp512","w8a16","f2-ceiling","4","matrix","32","0","true","","1088","3912","4365.708953480602","117.27763015255593","1098.661302857143","1006.6329600000006","92.02834285714287","60.729362230956376","0.05253100965679828","Matrix;Vector","10.999625377365657","90.91218706936489","2.1458228571428575","1.9660800000000012","0.17974285714285718","0.1845105196050908","0.10506201931359656","Matrix;Vector"
"captured-pp512","w8a16","f2-ceiling","4","dedicated","","1","true","","1216","5200","3720.9952417223412","137.59759600310855","631.2959999999999","0","0","0.25822376941793","0.05253100965679828","Recurrent","9.759504882860218","102.46421432261532","1.2329999999999999","0","0","0.08998744268201384","0.10506201931359656","Recurrent"
"captured-pp512","w8a16","f2-ceiling","4","dedicated","","2","true","","1344","6488","3405.3472417223434","150.35177432919957","315.64799999999997","0","0","0.25822376941793","0.05253100965679828","Recurrent","9.143004882860218","109.3732326310613","0.6164999999999999","0","0","0.08998744268201384","0.10506201931359656","Recurrent"
"captured-pp512","w8a16","f2-ceiling","4","dedicated","","4","true","","1600","9064","3247.523241722344","157.65860992836426","157.82399999999998","0","0","0.25822376941793","0.05253100965679828","Recurrent","8.916831606839537","112.1474582107128","0.30824999999999997","0","0","0.08998744268201384","0.10506201931359656","Recurrent"
"captured-pp512","w8a16","f2-ceiling","4","dedicated","","8","true","","2112","14216","3210.493616663577","159.4770341054541","78.91199999999999","0","0","0.25822376941793","0.05253100965679828","Recurrent","9.007927520222854","111.0133266231321","0.15412499999999998","0","0","0.08998744268201384","0.10506201931359656","Recurrent"
"captured-pp512","w8a16","f2-ceiling","4","dedicated","","16","true","","3136","24520","3210.493616663577","159.4770341054541","39.455999999999996","0","0","0.25822376941793","0.05253100965679828","Recurrent","8.958864539536451","111.62128812048563","0.07706249999999999","0","0","0.08998744268201384","0.10506201931359656","Recurrent"
"captured-pp512","w8a16","f2-ceiling","8","vector","","0","true","","2112","4936","2241.087628747882","228.46049990738632","631.2959999999999","0","0","84.92726992326413","0.05253100965679828","Vector","7.775529610636655","128.60860289594098","1.2329999999999999","0","0","0.23177205806662915","0.10506201931359656","Vector"
"captured-pp512","w8a16","f2-ceiling","8","matrix","1","0","true","","2112","4936","1802.0582547918439","284.1195608624435","107.7569828571429","15.72864000000001","92.02834285714287","60.729362230956376","0.05253100965679828","Matrix;Vector","6.9114634833671875","144.6871566935938","0.21046285714285723","0.030720000000000018","0.17974285714285718","0.1845105196050908","0.10506201931359656","Matrix;Vector"
"captured-pp512","w8a16","f2-ceiling","8","matrix","2","0","true","","2112","4936","1817.786894791842","281.66117902320445","123.4856228571429","31.45728000000002","92.02834285714287","60.729362230956376","0.05253100965679828","Matrix;Vector","6.942183483367188","144.04689855805526","0.24118285714285723","0.061440000000000036","0.17974285714285718","0.1845105196050908","0.10506201931359656","Matrix;Vector"
"captured-pp512","w8a16","f2-ceiling","8","matrix","4","0","true","","2112","4936","1849.2441747918415","276.86987309700885","154.94290285714285","62.91456000000004","92.02834285714287","60.729362230956376","0.05253100965679828","Matrix;Vector","7.003623483367191","142.78323247600136","0.30262285714285714","0.12288000000000007","0.17974285714285718","0.1845105196050908","0.10506201931359656","Matrix;Vector"
"captured-pp512","w8a16","f2-ceiling","8","matrix","8","0","true","","2112","4936","1912.1587347918423","267.76019724938595","217.85746285714293","125.82912000000007","92.02834285714287","60.729362230956376","0.05253100965679828","Matrix;Vector","7.126503483367189","140.32126727138169","0.4255028571428573","0.24576000000000015","0.17974285714285718","0.1845105196050908","0.10506201931359656","Matrix;Vector"
"captured-pp512","w8a16","f2-ceiling","8","matrix","16","0","true","","2112","4936","2037.9878547918393","251.22818999934415","343.68658285714275","251.65824000000015","92.02834285714287","60.729362230956376","0.05253100965679828","Matrix;Vector","7.372263483367191","135.6435512995613","0.6712628571428569","0.4915200000000003","0.17974285714285718","0.1845105196050908","0.10506201931359656","Matrix;Vector"
"captured-pp512","w8a16","f2-ceiling","8","matrix","32","0","true","","2112","4936","2289.646094791837","223.6153443820969","595.3448228571428","503.3164800000003","92.02834285714287","60.729362230956376","0.05253100965679828","Matrix;Vector","7.863783483367186","127.1652509399726","1.1627828571428571","0.9830400000000006","0.17974285714285718","0.1845105196050908","0.10506201931359656","Matrix;Vector"
"captured-pp512","w8a16","f2-ceiling","8","dedicated","","1","true","","2240","6224","2233.363743033596","229.25060980194218","631.2959999999999","0","0","0.25822376941793","0.05253100965679828","Recurrent","7.775529610636655","128.60860289594098","1.2329999999999999","0","0","0.08998744268201384","0.10506201931359656","Recurrent"
"captured-pp512","w8a16","f2-ceiling","8","dedicated","","2","true","","2368","7512","1917.7157430336015","266.984302475442","315.64799999999997","0","0","0.25822376941793","0.05253100965679828","Recurrent","7.385484363383912","135.4007334925581","0.6164999999999999","0","0","0.08998744268201384","0.10506201931359656","Recurrent"
"captured-pp512","w8a16","f2-ceiling","8","dedicated","","4","true","","2624","10088","1759.8917430336057","290.9269857232481","157.82399999999998","0","0","0.25822376941793","0.05253100965679828","Recurrent","7.085615315764863","141.13100351003942","0.30824999999999997","0","0","0.08998744268201384","0.10506201931359656","Recurrent"
"captured-pp512","w8a16","f2-ceiling","8","dedicated","","8","true","","3136","15240","1680.9797430336066","304.58427718826107","78.91199999999999","0","0","0.25822376941793","0.05253100965679828","Recurrent","6.855125626224332","145.87624713608352","0.15412499999999998","0","0","0.08998744268201384","0.10506201931359656","Recurrent"
"captured-pp512","w8a16","f2-ceiling","8","dedicated","","16","true","","4160","25544","1641.5237430336072","311.9053270918895","39.455999999999996","0","0","0.25822376941793","0.05253100965679828","Recurrent","6.80606264553793","146.92782774422483","0.07706249999999999","0","0","0.08998744268201384","0.10506201931359656","Recurrent"
"captured-pp512","w8a16","f2-ceiling","16","vector","","0","true","","4160","6984","1497.561228747898","341.88919302356686","631.2959999999999","0","0","84.92726992326413","0.05253100965679828","Vector","7.751841405508449","129.0016071909574","1.2329999999999999","0","0","0.23177205806662915","0.10506201931359656","Vector"
"captured-pp512","w8a16","f2-ceiling","16","matrix","1","0","true","","4160","6984","958.4340058907756","534.2047515563092","99.8926628571429","7.864320000000005","92.02834285714287","60.729362230956376","0.05253100965679828","Matrix;Vector","6.872415278238986","145.5092510440149","0.19510285714285722","0.015360000000000009","0.17974285714285718","0.1845105196050908","0.10506201931359656","Matrix;Vector"
"captured-pp512","w8a16","f2-ceiling","16","matrix","2","0","true","","4160","6984","966.2983258907756","529.8570703079882","107.7569828571429","15.72864000000001","92.02834285714287","60.729362230956376","0.05253100965679828","Matrix;Vector","6.8877752782389825","145.18475989763604","0.21046285714285723","0.030720000000000018","0.17974285714285718","0.1845105196050908","0.10506201931359656","Matrix;Vector"
"captured-pp512","w8a16","f2-ceiling","16","matrix","4","0","true","","4160","6984","982.026965890776","521.3706117892349","123.4856228571429","31.45728000000002","92.02834285714287","60.729362230956376","0.05253100965679828","Matrix;Vector","6.918495278238982","144.54010009161092","0.24118285714285723","0.061440000000000036","0.17974285714285718","0.1845105196050908","0.10506201931359656","Matrix;Vector"
"captured-pp512","w8a16","f2-ceiling","16","matrix","8","0","true","","4160","6984","1013.4842458907749","505.18792184084845","154.94290285714285","62.91456000000004","92.02834285714287","60.729362230956376","0.05253100965679828","Matrix;Vector","6.979935278238985","143.267804089481","0.30262285714285714","0.12288000000000007","0.17974285714285718","0.1845105196050908","0.10506201931359656","Matrix;Vector"
"captured-pp512","w8a16","f2-ceiling","16","matrix","16","0","true","","4160","6984","1076.3988058907714","475.66013377011836","217.85746285714293","125.82912000000007","92.02834285714287","60.729362230956376","0.05253100965679828","Matrix;Vector","7.1028152782389835","140.7892449440037","0.4255028571428573","0.24576000000000015","0.17974285714285718","0.1845105196050908","0.10506201931359656","Matrix;Vector"
"captured-pp512","w8a16","f2-ceiling","16","matrix","32","0","true","","4160","6984","1202.2279258907658","425.87598322559694","343.68658285714275","251.65824000000015","92.02834285714287","60.729362230956376","0.05253100965679828","Matrix;Vector","7.348575278238985","136.0807996294542","0.6712628571428569","0.4915200000000003","0.17974285714285718","0.1845105196050908","0.10506201931359656","Matrix;Vector"
"captured-pp512","w8a16","f2-ceiling","16","dedicated","","1","true","","4288","8272","1489.8373430336128","343.6616771583021","631.2959999999999","0","0","0.25822376941793","0.05253100965679828","Recurrent","7.751841405508449","129.0016071909574","1.2329999999999999","0","0","0.08998744268201384","0.10506201931359656","Recurrent"
"captured-pp512","w8a16","f2-ceiling","16","dedicated","","2","true","","4416","9560","1174.189343033624","436.04551773328296","315.64799999999997","0","0","0.25822376941793","0.05253100965679828","Recurrent","7.361796158255706","135.8364152583299","0.6164999999999999","0","0","0.08998744268201384","0.10506201931359656","Recurrent"
"captured-pp512","w8a16","f2-ceiling","16","dedicated","","4","true","","4672","12136","1016.3653430336321","503.75586250490403","157.82399999999998","0","0","0.25822376941793","0.05253100965679828","Recurrent","7.061927110636658","141.60440688970047","0.30824999999999997","0","0","0.08998744268201384","0.10506201931359656","Recurrent"
"captured-pp512","w8a16","f2-ceiling","16","dedicated","","8","true","","5184","17288","937.453343033633","546.1605143389318","78.91199999999999","0","0","0.25822376941793","0.05253100965679828","Recurrent","6.831437421096127","146.3820772055827","0.15412499999999998","0","0","0.08998744268201384","0.10506201931359656","Recurrent"
"captured-pp512","w8a16","f2-ceiling","16","dedicated","","16","true","","6208","27592","897.9973430336319","570.1575889638513","39.455999999999996","0","0","0.25822376941793","0.05253100965679828","Recurrent","6.782374440409725","147.44098969852655","0.07706249999999999","0","0","0.08998744268201384","0.10506201931359656","Recurrent"
"captured-pp512","w4a8","bandwidth-constrained","1","vector","","0","true","","320","3144","6824.118812195235","75.02800201617472","631.2959999999999","0","0","678.6590209245743","0.24164264442127215","Vector","23.21283497071417","43.07961527584297","1.2329999999999999","0","0","1.8526937722253412","0.4832852888425443","Vector"
"captured-pp512","w4a8","bandwidth-constrained","1","matrix","1","0","true","","320","3144","6975.588683843592","73.39882312525985","217.85746285714293","125.82912000000007","92.02834285714287","485.07575938611257","0.24164264442127215","Matrix;Vector","22.834742663021867","43.79291743100658","0.4255028571428573","0.24576000000000015","0.17974285714285718","1.474601464533034","0.4832852888425443","Matrix;Vector"
"captured-pp512","w4a8","bandwidth-constrained","1","matrix","2","0","true","","320","3144","6975.588683843592","73.39882312525985","343.68658285714275","251.65824000000015","92.02834285714287","485.07575938611257","0.24164264442127215","Matrix;Vector","22.834742663021867","43.79291743100658","0.6712628571428569","0.4915200000000003","0.17974285714285718","1.474601464533034","0.4832852888425443","Matrix;Vector"
"captured-pp512","w4a8","bandwidth-constrained","1","matrix","4","0","true","","320","3144","7085.85774731462","72.25660156584945","595.3448228571428","503.3164800000003","92.02834285714287","485.07575938611257","0.24164264442127215","Matrix;Vector","22.834742663021867","43.79291743100658","1.1627828571428571","0.9830400000000006","0.17974285714285718","1.474601464533034","0.4832852888425443","Matrix;Vector"
"captured-pp512","w4a8","bandwidth-constrained","1","matrix","8","0","true","","320","3144","7589.1742273146265","67.46452046880566","1098.661302857143","1006.6329600000006","92.02834285714287","485.07575938611257","0.24164264442127215","Matrix;Vector","23.029713920558393","43.42216336032338","2.1458228571428575","1.9660800000000012","0.17974285714285718","1.474601464533034","0.4832852888425443","Matrix;Vector"
"captured-pp512","w4a8","bandwidth-constrained","1","matrix","16","0","true","","320","3144","8595.807187314655","59.56392329920905","2105.2942628571427","2013.2659200000012","92.02834285714287","485.07575938611257","0.24164264442127215","Matrix;Vector","24.995793920558377","40.00673085952779","4.111902857142857","3.9321600000000023","0.17974285714285718","1.474601464533034","0.4832852888425443","Matrix;Vector"
"captured-pp512","w4a8","bandwidth-constrained","1","matrix","32","0","true","","320","3144","10609.073107314684","48.26057798084067","4118.5601828571425","4026.5318400000024","92.02834285714287","485.07575938611257","0.24164264442127215","Matrix;Vector","28.927953920558352","34.56863913521813","8.044062857142857","7.864320000000005","0.17974285714285718","1.474601464533034","0.4832852888425443","Matrix;Vector"
"captured-pp512","w4a8","bandwidth-constrained","1","dedicated","","1","true","","448","4432","6769.031905556378","75.63858571559155","631.2959999999999","0","0","1.3066516938049786","0.24164264442127215","Recurrent","22.144905777243387","45.15711243294712","1.2329999999999999","0","0","0.7184168491484182","0.4832852888425443","Recurrent"
"captured-pp512","w4a8","bandwidth-constrained","1","dedicated","","2","true","","576","5720","6453.383905556368","79.33822123292055","315.64799999999997","0","0","1.3066516938049786","0.24164264442127215","Recurrent","22.078558047637255","45.292812956460956","0.6164999999999999","0","0","0.7184168491484182","0.4832852888425443","Recurrent"
"captured-pp512","w4a8","bandwidth-constrained","1","dedicated","","4","true","","832","8296","6442.9538519299795","79.46665640739162","157.82399999999998","0","0","1.3066516938049786","0.24164264442127215","Recurrent","22.078558047637255","45.292812956460956","0.30824999999999997","0","0","0.7184168491484182","0.4832852888425443","Recurrent"
"captured-pp512","w4a8","bandwidth-constrained","1","dedicated","","8","true","","1344","13448","6442.9538519299795","79.46665640739162","78.91199999999999","0","0","1.3066516938049786","0.24164264442127215","Recurrent","22.078558047637255","45.292812956460956","0.15412499999999998","0","0","0.7184168491484182","0.4832852888425443","Recurrent"
"captured-pp512","w4a8","bandwidth-constrained","1","dedicated","","16","true","","2368","23752","6442.9538519299795","79.46665640739162","39.455999999999996","0","0","1.3066516938049786","0.24164264442127215","Recurrent","22.078558047637255","45.292812956460956","0.07706249999999999","0","0","0.7184168491484182","0.4832852888425443","Recurrent"
"captured-pp512","w4a8","bandwidth-constrained","2","vector","","0","true","","576","3400","3811.860069338004","134.31762727033097","631.2959999999999","0","0","678.6590209245743","0.24164264442127215","Vector","23.170463688662885","43.15839395520132","1.2329999999999999","0","0","1.8526937722253412","0.4832852888425443","Vector"
"captured-pp512","w4a8","bandwidth-constrained","2","matrix","1","0","true","","576","3400","3790.642580986356","135.06944774170015","154.94290285714285","62.91456000000004","92.02834285714287","485.07575938611257","0.24164264442127215","Matrix;Vector","22.792371380970582","43.87432897109174","0.30262285714285714","0.12288000000000007","0.17974285714285718","1.474601464533034","0.4832852888425443","Matrix;Vector"
"captured-pp512","w4a8","bandwidth-constrained","2","matrix","2","0","true","","576","3400","3790.642580986356","135.06944774170015","217.85746285714293","125.82912000000007","92.02834285714287","485.07575938611257","0.24164264442127215","Matrix;Vector","22.792371380970582","43.87432897109174","0.4255028571428573","0.24576000000000015","0.17974285714285718","1.474601464533034","0.4832852888425443","Matrix;Vector"
"captured-pp512","w4a8","bandwidth-constrained","2","matrix","4","0","true","","576","3400","3790.642580986356","135.06944774170015","343.68658285714275","251.65824000000015","92.02834285714287","485.07575938611257","0.24164264442127215","Matrix;Vector","22.792371380970582","43.87432897109174","0.6712628571428569","0.4915200000000003","0.17974285714285718","1.474601464533034","0.4832852888425443","Matrix;Vector"
"captured-pp512","w4a8","bandwidth-constrained","2","matrix","8","0","true","","576","3400","3900.9116444573865","131.25137061934626","595.3448228571428","503.3164800000003","92.02834285714287","485.07575938611257","0.24164264442127215","Matrix;Vector","22.792371380970582","43.87432897109174","1.1627828571428571","0.9830400000000006","0.17974285714285718","1.474601464533034","0.4832852888425443","Matrix;Vector"
"captured-pp512","w4a8","bandwidth-constrained","2","matrix","16","0","true","","576","3400","4404.228124457403","116.25192554327052","1098.661302857143","1006.6329600000006","92.02834285714287","485.07575938611257","0.24164264442127215","Matrix;Vector","22.98734263850711","43.5022010036452","2.1458228571428575","1.9660800000000012","0.17974285714285718","1.474601464533034","0.4832852888425443","Matrix;Vector"
"captured-pp512","w4a8","bandwidth-constrained","2","matrix","32","0","true","","576","3400","5410.861084457435","94.6244954376499","2105.2942628571427","2013.2659200000012","92.02834285714287","485.07575938611257","0.24164264442127215","Matrix;Vector","24.953422638507092","40.07466288239118","4.111902857142857","3.9321600000000023","0.17974285714285718","1.474601464533034","0.4832852888425443","Matrix;Vector"
"captured-pp512","w4a8","bandwidth-constrained","2","dedicated","","1","true","","704","4688","3756.7731626991445","136.2871746113468","631.2959999999999","0","0","1.3066516938049786","0.24164264442127215","Recurrent","22.10253449519211","45.2436800954898","1.2329999999999999","0","0","0.7184168491484182","0.4832852888425443","Recurrent"
"captured-pp512","w4a8","bandwidth-constrained","2","dedicated","","2","true","","832","5976","3441.1251626991457","148.7885432212521","315.64799999999997","0","0","1.3066516938049786","0.24164264442127215","Recurrent","22.036186765585978","45.37990218714723","0.6164999999999999","0","0","0.7184168491484182","0.4832852888425443","Recurrent"
"captured-pp512","w4a8","bandwidth-constrained","2","dedicated","","4","true","","1088","8552","3283.301162699146","155.94061422592546","157.82399999999998","0","0","1.3066516938049786","0.24164264442127215","Recurrent","22.036186765585978","45.37990218714723","0.30824999999999997","0","0","0.7184168491484182","0.4832852888425443","Recurrent"
"captured-pp512","w4a8","bandwidth-constrained","2","dedicated","","8","true","","1600","13704","3258.0680919299193","157.14834237755798","78.91199999999999","0","0","1.3066516938049786","0.24164264442127215","Recurrent","22.036186765585978","45.37990218714723","0.15412499999999998","0","0","0.7184168491484182","0.4832852888425443","Recurrent"
"captured-pp512","w4a8","bandwidth-constrained","2","dedicated","","16","true","","2624","24008","3258.0680919299193","157.14834237755798","39.455999999999996","0","0","1.3066516938049786","0.24164264442127215","Recurrent","22.036186765585978","45.37990218714723","0.07706249999999999","0","0","0.7184168491484182","0.4832852888425443","Recurrent"
"captured-pp512","w4a8","bandwidth-constrained","4","vector","","0","true","","1088","3912","2305.7608693380075","222.05251498911812","631.2959999999999","0","0","678.6590209245743","0.24164264442127215","Vector","23.170463688662885","43.15839395520132","1.2329999999999999","0","0","1.8526937722253412","0.4832852888425443","Vector"
"captured-pp512","w4a8","bandwidth-constrained","4","matrix","1","0","true","","1088","3912","2198.1997009863603","232.9178735536444","123.4856228571429","31.45728000000002","92.02834285714287","485.07575938611257","0.24164264442127215","Matrix;Vector","22.792371380970582","43.87432897109174","0.24118285714285723","0.061440000000000036","0.17974285714285718","1.474601464533034","0.4832852888425443","Matrix;Vector"
"captured-pp512","w4a8","bandwidth-constrained","4","matrix","2","0","true","","1088","3912","2198.1997009863603","232.9178735536444","154.94290285714285","62.91456000000004","92.02834285714287","485.07575938611257","0.24164264442127215","Matrix;Vector","22.792371380970582","43.87432897109174","0.30262285714285714","0.12288000000000007","0.17974285714285718","1.474601464533034","0.4832852888425443","Matrix;Vector"
"captured-pp512","w4a8","bandwidth-constrained","4","matrix","4","0","true","","1088","3912","2198.1997009863603","232.9178735536444","217.85746285714293","125.82912000000007","92.02834285714287","485.07575938611257","0.24164264442127215","Matrix;Vector","22.792371380970582","43.87432897109174","0.4255028571428573","0.24576000000000015","0.17974285714285718","1.474601464533034","0.4832852888425443","Matrix;Vector"
"captured-pp512","w4a8","bandwidth-constrained","4","matrix","8","0","true","","1088","3912","2198.1997009863603","232.9178735536444","343.68658285714275","251.65824000000015","92.02834285714287","485.07575938611257","0.24164264442127215","Matrix;Vector","22.792371380970582","43.87432897109174","0.6712628571428569","0.4915200000000003","0.17974285714285718","1.474601464533034","0.4832852888425443","Matrix;Vector"
"captured-pp512","w4a8","bandwidth-constrained","4","matrix","16","0","true","","1088","3912","2308.4687644573887","221.79204149654015","595.3448228571428","503.3164800000003","92.02834285714287","485.07575938611257","0.24164264442127215","Matrix;Vector","22.792371380970582","43.87432897109174","1.1627828571428571","0.9830400000000006","0.17974285714285718","1.474601464533034","0.4832852888425443","Matrix;Vector"
"captured-pp512","w4a8","bandwidth-constrained","4","matrix","32","0","true","","1088","3912","2811.785244457383","182.09072012496654","1098.661302857143","1006.6329600000006","92.02834285714287","485.07575938611257","0.24164264442127215","Matrix;Vector","22.98734263850711","43.5022010036452","2.1458228571428575","1.9660800000000012","0.17974285714285718","1.474601464533034","0.4832852888425443","Matrix;Vector"
"captured-pp512","w4a8","bandwidth-constrained","4","dedicated","","1","true","","1216","5200","2250.6739626991484","227.48741420813244","631.2959999999999","0","0","1.3066516938049786","0.24164264442127215","Recurrent","22.10253449519211","45.2436800954898","1.2329999999999999","0","0","0.7184168491484182","0.4832852888425443","Recurrent"
"captured-pp512","w4a8","bandwidth-constrained","4","dedicated","","2","true","","1344","6488","1935.0259626991567","264.5959330105391","315.64799999999997","0","0","1.3066516938049786","0.24164264442127215","Recurrent","22.036186765585978","45.37990218714723","0.6164999999999999","0","0","0.7184168491484182","0.4832852888425443","Recurrent"
"captured-pp512","w4a8","bandwidth-constrained","4","dedicated","","4","true","","1600","9064","1777.2019626991614","288.09331226620395","157.82399999999998","0","0","1.3066516938049786","0.24164264442127215","Recurrent","22.036186765585978","45.37990218714723","0.30824999999999997","0","0","0.7184168491484182","0.4832852888425443","Recurrent"
"captured-pp512","w4a8","bandwidth-constrained","4","dedicated","","8","true","","2112","14216","1698.2899626991607","301.4797303437263","78.91199999999999","0","0","1.3066516938049786","0.24164264442127215","Recurrent","22.036186765585978","45.37990218714723","0.15412499999999998","0","0","0.7184168491484182","0.4832852888425443","Recurrent"
"captured-pp512","w4a8","bandwidth-constrained","4","dedicated","","16","true","","3136","24520","1666.5578484134478","307.2200586900843","39.455999999999996","0","0","1.3066516938049786","0.24164264442127215","Recurrent","22.036186765585978","45.37990218714723","0.07706249999999999","0","0","0.7184168491484182","0.4832852888425443","Recurrent"
"captured-pp512","w4a8","bandwidth-constrained","8","vector","","0","true","","2112","4936","1552.711269338019","329.74578732740537","631.2959999999999","0","0","678.6590209245743","0.24164264442127215","Vector","23.170463688662885","43.15839395520132","1.2329999999999999","0","0","1.8526937722253412","0.4832852888425443","Vector"
"captured-pp512","w4a8","bandwidth-constrained","8","matrix","1","0","true","","2112","4936","1359.1280077995648","376.7121250256115","107.7569828571429","15.72864000000001","92.02834285714287","485.07575938611257","0.24164264442127215","Matrix;Vector","22.792371380970582","43.87432897109174","0.21046285714285723","0.030720000000000018","0.17974285714285718","1.474601464533034","0.4832852888425443","Matrix;Vector"
"captured-pp512","w4a8","bandwidth-constrained","8","matrix","2","0","true","","2112","4936","1359.1280077995648","376.7121250256115","123.4856228571429","31.45728000000002","92.02834285714287","485.07575938611257","0.24164264442127215","Matrix;Vector","22.792371380970582","43.87432897109174","0.24118285714285723","0.061440000000000036","0.17974285714285718","1.474601464533034","0.4832852888425443","Matrix;Vector"
"captured-pp512","w4a8","bandwidth-constrained","8","matrix","4","0","true","","2112","4936","1359.1280077995648","376.7121250256115","154.94290285714285","62.91456000000004","92.02834285714287","485.07575938611257","0.24164264442127215","Matrix;Vector","22.792371380970582","43.87432897109174","0.30262285714285714","0.12288000000000007","0.17974285714285718","1.474601464533034","0.4832852888425443","Matrix;Vector"
"captured-pp512","w4a8","bandwidth-constrained","8","matrix","8","0","true","","2112","4936","1359.1280077995648","376.7121250256115","217.85746285714293","125.82912000000007","92.02834285714287","485.07575938611257","0.24164264442127215","Matrix;Vector","22.792371380970582","43.87432897109174","0.4255028571428573","0.24576000000000015","0.17974285714285718","1.474601464533034","0.4832852888425443","Matrix;Vector"
"captured-pp512","w4a8","bandwidth-constrained","8","matrix","16","0","true","","2112","4936","1359.1280077995648","376.7121250256115","343.68658285714275","251.65824000000015","92.02834285714287","485.07575938611257","0.24164264442127215","Matrix;Vector","22.792371380970582","43.87432897109174","0.6712628571428569","0.4915200000000003","0.17974285714285718","1.474601464533034","0.4832852888425443","Matrix;Vector"
"captured-pp512","w4a8","bandwidth-constrained","8","matrix","32","0","true","","2112","4936","1461.6731855563062","350.28350048382066","595.3448228571428","503.3164800000003","92.02834285714287","485.07575938611257","0.24164264442127215","Matrix;Vector","22.792371380970582","43.87432897109174","1.1627828571428571","0.9830400000000006","0.17974285714285718","1.474601464533034","0.4832852888425443","Matrix;Vector"
"captured-pp512","w4a8","bandwidth-constrained","8","dedicated","","1","true","","2240","6224","1497.6243626991627","341.8747803202295","631.2959999999999","0","0","1.3066516938049786","0.24164264442127215","Recurrent","22.10253449519211","45.2436800954898","1.2329999999999999","0","0","0.7184168491484182","0.4832852888425443","Recurrent"
"captured-pp512","w4a8","bandwidth-constrained","8","dedicated","","2","true","","2368","7512","1181.9763626991767","433.17279106224265","315.64799999999997","0","0","1.3066516938049786","0.24164264442127215","Recurrent","22.036186765585978","45.37990218714723","0.6164999999999999","0","0","0.7184168491484182","0.4832852888425443","Recurrent"
"captured-pp512","w4a8","bandwidth-constrained","8","dedicated","","4","true","","2624","10088","1024.152362699187","499.9256152186255","157.82399999999998","0","0","1.3066516938049786","0.24164264442127215","Recurrent","22.036186765585978","45.37990218714723","0.30824999999999997","0","0","0.7184168491484182","0.4832852888425443","Recurrent"
"captured-pp512","w4a8","bandwidth-constrained","8","dedicated","","8","true","","3136","15240","945.2403626991879","541.6611691633171","78.91199999999999","0","0","1.3066516938049786","0.24164264442127215","Recurrent","22.036186765585978","45.37990218714723","0.15412499999999998","0","0","0.7184168491484182","0.4832852888425443","Recurrent"
"captured-pp512","w4a8","bandwidth-constrained","8","dedicated","","16","true","","4160","25544","905.7843626991868","565.2559495223219","39.455999999999996","0","0","1.3066516938049786","0.24164264442127215","Recurrent","22.036186765585978","45.37990218714723","0.07706249999999999","0","0","0.7184168491484182","0.4832852888425443","Recurrent"
"captured-pp512","w4a8","bandwidth-constrained","16","vector","","0","true","","4160","6984","1176.1864693380344","435.30512665067215","631.2959999999999","0","0","678.6590209245743","0.24164264442127215","Vector","23.170463688662885","43.15839395520132","1.2329999999999999","0","0","1.8526937722253412","0.4832852888425443","Vector"
"captured-pp512","w4a8","bandwidth-constrained","16","matrix","1","0","true","","4160","6984","982.6032077995834","521.0648570408799","99.8926628571429","7.864320000000005","92.02834285714287","485.07575938611257","0.24164264442127215","Matrix;Vector","22.792371380970582","43.87432897109174","0.19510285714285722","0.015360000000000009","0.17974285714285718","1.474601464533034","0.4832852888425443","Matrix;Vector"
"captured-pp512","w4a8","bandwidth-constrained","16","matrix","2","0","true","","4160","6984","982.6032077995834","521.0648570408799","107.7569828571429","15.72864000000001","92.02834285714287","485.07575938611257","0.24164264442127215","Matrix;Vector","22.792371380970582","43.87432897109174","0.21046285714285723","0.030720000000000018","0.17974285714285718","1.474601464533034","0.4832852888425443","Matrix;Vector"
"captured-pp512","w4a8","bandwidth-constrained","16","matrix","4","0","true","","4160","6984","982.6032077995834","521.0648570408799","123.4856228571429","31.45728000000002","92.02834285714287","485.07575938611257","0.24164264442127215","Matrix;Vector","22.792371380970582","43.87432897109174","0.24118285714285723","0.061440000000000036","0.17974285714285718","1.474601464533034","0.4832852888425443","Matrix;Vector"
"captured-pp512","w4a8","bandwidth-constrained","16","matrix","8","0","true","","4160","6984","982.6032077995834","521.0648570408799","154.94290285714285","62.91456000000004","92.02834285714287","485.07575938611257","0.24164264442127215","Matrix;Vector","22.792371380970582","43.87432897109174","0.30262285714285714","0.12288000000000007","0.17974285714285718","1.474601464533034","0.4832852888425443","Matrix;Vector"
"captured-pp512","w4a8","bandwidth-constrained","16","matrix","16","0","true","","4160","6984","982.6032077995834","521.0648570408799","217.85746285714293","125.82912000000007","92.02834285714287","485.07575938611257","0.24164264442127215","Matrix;Vector","22.792371380970582","43.87432897109174","0.4255028571428573","0.24576000000000015","0.17974285714285718","1.474601464533034","0.4832852888425443","Matrix;Vector"
"captured-pp512","w4a8","bandwidth-constrained","16","matrix","32","0","true","","4160","6984","982.6032077995834","521.0648570408799","343.68658285714275","251.65824000000015","92.02834285714287","485.07575938611257","0.24164264442127215","Matrix;Vector","22.792371380970582","43.87432897109174","0.6712628571428569","0.4915200000000003","0.17974285714285718","1.474601464533034","0.4832852888425443","Matrix;Vector"
"captured-pp512","w4a8","bandwidth-constrained","16","dedicated","","1","true","","4288","8272","1121.0995626991778","456.69449622056794","631.2959999999999","0","0","1.3066516938049786","0.24164264442127215","Recurrent","22.10253449519211","45.2436800954898","1.2329999999999999","0","0","0.7184168491484182","0.4832852888425443","Recurrent"
"captured-pp512","w4a8","bandwidth-constrained","16","dedicated","","2","true","","4416","9560","805.4515626991838","635.6682682248631","315.64799999999997","0","0","1.3066516938049786","0.24164264442127215","Recurrent","22.036186765585978","45.37990218714723","0.6164999999999999","0","0","0.7184168491484182","0.4832852888425443","Recurrent"
"captured-pp512","w4a8","bandwidth-constrained","16","dedicated","","4","true","","4672","12136","647.6275626991807","790.5778405509604","157.82399999999998","0","0","1.3066516938049786","0.24164264442127215","Recurrent","22.036186765585978","45.37990218714723","0.30824999999999997","0","0","0.7184168491484182","0.4832852888425443","Recurrent"
"captured-pp512","w4a8","bandwidth-constrained","16","dedicated","","8","true","","5184","17288","568.7155626991782","900.274291018166","78.91199999999999","0","0","1.3066516938049786","0.24164264442127215","Recurrent","22.036186765585978","45.37990218714723","0.15412499999999998","0","0","0.7184168491484182","0.4832852888425443","Recurrent"
"captured-pp512","w4a8","bandwidth-constrained","16","dedicated","","16","true","","6208","27592","529.2595626991773","967.3892284323498","39.455999999999996","0","0","1.3066516938049786","0.24164264442127215","Recurrent","22.036186765585978","45.37990218714723","0.07706249999999999","0","0","0.7184168491484182","0.4832852888425443","Recurrent"
"captured-pp512","w4a8","middle","1","vector","","0","true","","320","3144","6774.42404094099","75.5783808196455","631.2959999999999","0","0","169.66475523114357","0.08054754814042406","Vector","17.71914197201217","56.43614129733399","1.2329999999999999","0","0","0.4631734430563353","0.16109509628084812","Vector"
"captured-pp512","w4a8","middle","1","matrix","1","0","true","","320","3144","6705.754998523408","76.35232723425493","217.85746285714293","125.82912000000007","92.02834285714287","121.26893984652814","0.08054754814042406","Matrix;Vector","17.585886807177","56.863780084828505","0.4255028571428573","0.24576000000000015","0.17974285714285718","0.3686503661332585","0.16109509628084812","Matrix;Vector"
"captured-pp512","w4a8","middle","1","matrix","2","0","true","","320","3144","6831.584118523409","74.94601414798426","343.68658285714275","251.65824000000015","92.02834285714287","121.26893984652814","0.08054754814042406","Matrix;Vector","17.831646807176988","56.080069934848304","0.6712628571428569","0.4915200000000003","0.17974285714285718","0.3686503661332585","0.16109509628084812","Matrix;Vector"
"captured-pp512","w4a8","middle","1","matrix","4","0","true","","320","3144","7083.242358523414","72.28328131168625","595.3448228571428","503.3164800000003","92.02834285714287","121.26893984652814","0.08054754814042406","Matrix;Vector","18.323166807176985","54.57571884398884","1.1627828571428571","0.9830400000000006","0.17974285714285718","0.3686503661332585","0.16109509628084812","Matrix;Vector"
"captured-pp512","w4a8","middle","1","matrix","8","0","true","","320","3144","7586.558838523421","67.48777817422832","1098.661302857143","1006.6329600000006","92.02834285714287","121.26893984652814","0.08054754814042406","Matrix;Vector","19.306206807176967","51.79681384269933","2.1458228571428575","1.9660800000000012","0.17974285714285718","0.3686503661332585","0.16109509628084812","Matrix;Vector"
"captured-pp512","w4a8","middle","1","matrix","16","0","true","","320","3144","8593.191798523445","59.58205193185332","2105.2942628571427","2013.2659200000012","92.02834285714287","121.26893984652814","0.08054754814042406","Matrix;Vector","21.272286807176947","47.00952037101226","4.111902857142857","3.9321600000000023","0.17974285714285718","0.3686503661332585","0.16109509628084812","Matrix;Vector"
"captured-pp512","w4a8","middle","1","matrix","32","0","true","","320","3144","10606.457718523467","48.27247829459842","4118.5601828571425","4026.5318400000024","92.02834285714287","121.26893984652814","0.08054754814042406","Matrix;Vector","25.204446807176947","39.675538513118674","8.044062857142857","7.864320000000005","0.17974285714285718","0.3686503661332585","0.16109509628084812","Matrix;Vector"
"captured-pp512","w4a8","middle","1","dedicated","","1","true","","448","4432","6766.700155226707","75.66465016253498","631.2959999999999","0","0","0.32666292345124465","0.08054754814042406","Recurrent","17.71914197201217","56.43614129733399","1.2329999999999999","0","0","0.17960421228710455","0.16109509628084812","Recurrent"
"captured-pp512","w4a8","middle","1","dedicated","","2","true","","576","5720","6451.052155226696","79.36689824855522","315.64799999999997","0","0","0.32666292345124465","0.08054754814042406","Recurrent","17.236257393090494","58.01723524973992","0.6164999999999999","0","0","0.17960421228710455","0.16109509628084812","Recurrent"
"captured-pp512","w4a8","middle","1","dedicated","","4","true","","832","8296","6440.100767534374","79.50186161388618","157.82399999999998","0","0","0.32666292345124465","0.08054754814042406","Recurrent","17.46863395003415","57.24546079907096","0.30824999999999997","0","0","0.17960421228710455","0.16109509628084812","Recurrent"
"captured-pp512","w4a8","middle","1","dedicated","","8","true","","1344","13448","6440.100767534374","79.50186161388618","78.91199999999999","0","0","0.32666292345124465","0.08054754814042406","Recurrent","17.339988162321262","57.67016624457329","0.15412499999999998","0","0","0.17960421228710455","0.16109509628084812","Recurrent"
"captured-pp512","w4a8","middle","1","dedicated","","16","true","","2368","23752","6440.100767534374","79.50186161388618","39.455999999999996","0","0","0.32666292345124465","0.08054754814042406","Recurrent","17.339988162321262","57.67016624457329","0.07706249999999999","0","0","0.17960421228710455","0.16109509628084812","Recurrent"
"captured-pp512","w4a8","middle","2","vector","","0","true","","576","3400","3760.0183520520172","136.16954814078971","631.2959999999999","0","0","169.66475523114357","0.08054754814042406","Vector","9.75196215592569","102.54346602364112","1.2329999999999999","0","0","0.4631734430563353","0.16109509628084812","Vector"
"captured-pp512","w4a8","middle","2","matrix","1","0","true","","576","3400","3455.7473896344377","148.15897757334668","154.94290285714285","62.91456000000004","92.02834285714287","121.26893984652814","0.08054754814042406","Matrix;Vector","9.214921056857492","108.51964914618856","0.30262285714285714","0.12288000000000007","0.17974285714285718","0.3686503661332585","0.16109509628084812","Matrix;Vector"
"captured-pp512","w4a8","middle","2","matrix","2","0","true","","576","3400","3518.661949634435","145.50985781774042","217.85746285714293","125.82912000000007","92.02834285714287","121.26893984652814","0.08054754814042406","Matrix;Vector","9.271773547867088","107.85423035165084","0.4255028571428573","0.24576000000000015","0.17974285714285718","0.3686503661332585","0.16109509628084812","Matrix;Vector"
"captured-pp512","w4a8","middle","2","matrix","4","0","true","","576","3400","3644.4910696344386","140.48600757069664","343.68658285714275","251.65824000000015","92.02834285714287","121.26893984652814","0.08054754814042406","Matrix;Vector","9.517533547867094","105.06923826121977","0.6712628571428569","0.4915200000000003","0.17974285714285718","0.3686503661332585","0.16109509628084812","Matrix;Vector"
"captured-pp512","w4a8","middle","2","matrix","8","0","true","","576","3400","3896.149309634437","131.41180157904145","595.3448228571428","503.3164800000003","92.02834285714287","121.26893984652814","0.08054754814042406","Matrix;Vector","10.009053547867095","99.90954641391617","1.1627828571428571","0.9830400000000006","0.17974285714285718","0.3686503661332585","0.16109509628084812","Matrix;Vector"
"captured-pp512","w4a8","middle","2","matrix","16","0","true","","576","3400","4399.465789634453","116.37776595656663","1098.661302857143","1006.6329600000006","92.02834285714287","121.26893984652814","0.08054754814042406","Matrix;Vector","10.992093547867032","90.9744804886641","2.1458228571428575","1.9660800000000012","0.17974285714285718","0.3686503661332585","0.16109509628084812","Matrix;Vector"
"captured-pp512","w4a8","middle","2","matrix","32","0","true","","576","3400","5406.098749634484","94.70785194861955","2105.2942628571427","2013.2659200000012","92.02834285714287","121.26893984652814","0.08054754814042406","Matrix;Vector","12.958173547866945","77.17136958430464","4.111902857142857","3.9321600000000023","0.17974285714285718","0.3686503661332585","0.16109509628084812","Matrix;Vector"
"captured-pp512","w4a8","middle","2","dedicated","","1","true","","704","4688","3752.2944663377307","136.44984544608943","631.2959999999999","0","0","0.32666292345124465","0.08054754814042406","Recurrent","9.75196215592569","102.54346602364112","1.2329999999999999","0","0","0.17960421228710455","0.16109509628084812","Recurrent"
"captured-pp512","w4a8","middle","2","dedicated","","2","true","","832","5976","3436.6464663377324","148.98244699159108","315.64799999999997","0","0","0.32666292345124465","0.08054754814042406","Recurrent","9.135462155925689","109.46353703094846","0.6164999999999999","0","0","0.17960421228710455","0.16109509628084812","Recurrent"
"captured-pp512","w4a8","middle","2","dedicated","","4","true","","1088","8552","3278.8224663377323","156.15362077589896","157.82399999999998","0","0","0.32666292345124465","0.08054754814042406","Recurrent","9.154520690724231","109.23564802395877","0.30824999999999997","0","0","0.17960421228710455","0.16109509628084812","Recurrent"
"captured-pp512","w4a8","middle","2","dedicated","","8","true","","1600","13704","3253.007718645429","157.3928020721696","78.91199999999999","0","0","0.32666292345124465","0.08054754814042406","Recurrent","9.025874903011337","110.79258362714135","0.15412499999999998","0","0","0.17960421228710455","0.16109509628084812","Recurrent"
"captured-pp512","w4a8","middle","2","dedicated","","16","true","","2624","24008","3253.007718645429","157.3928020721696","39.455999999999996","0","0","0.32666292345124465","0.08054754814042406","Recurrent","9.025874903011337","110.79258362714135","0.07706249999999999","0","0","0.17960421228710455","0.16109509628084812","Recurrent"
"captured-pp512","w4a8","middle","4","vector","","0","true","","1088","3912","2253.0473363255232","227.24777759663792","631.2959999999999","0","0","169.66475523114357","0.08054754814042406","Vector","6.553033608917137","152.6010790848433","1.2329999999999999","0","0","0.4631734430563353","0.16109509628084812","Vector"
"captured-pp512","w4a8","middle","4","matrix","1","0","true","","1088","3912","1830.9754139079482","279.6323730569441","123.4856228571429","31.45728000000002","92.02834285714287","121.26893984652814","0.08054754814042406","Matrix;Vector","6.099972565938675","163.93516350939822","0.24118285714285723","0.061440000000000036","0.17974285714285718","0.3686503661332585","0.16109509628084812","Matrix;Vector"
"captured-pp512","w4a8","middle","4","matrix","2","0","true","","1088","3912","1862.4326939079479","274.9092633923156","154.94290285714285","62.91456000000004","92.02834285714287","121.26893984652814","0.08054754814042406","Matrix;Vector","6.099972565938675","163.93516350939822","0.30262285714285714","0.12288000000000007","0.17974285714285718","0.3686503661332585","0.16109509628084812","Matrix;Vector"
"captured-pp512","w4a8","middle","4","matrix","4","0","true","","1088","3912","1925.3472539079482","265.92605513669014","217.85746285714293","125.82912000000007","92.02834285714287","121.26893984652814","0.08054754814042406","Matrix;Vector","6.156825056948273","162.4213763994239","0.4255028571428573","0.24576000000000015","0.17974285714285718","0.3686503661332585","0.16109509628084812","Matrix;Vector"
"captured-pp512","w4a8","middle","4","matrix","8","0","true","","1088","3912","2051.176373907945","249.61285948537258","343.68658285714275","251.65824000000015","92.02834285714287","121.26893984652814","0.08054754814042406","Matrix;Vector","6.4002992224702515","156.24269510543934","0.6712628571428569","0.4915200000000003","0.17974285714285718","0.3686503661332585","0.16109509628084812","Matrix;Vector"
"captured-pp512","w4a8","middle","4","matrix","16","0","true","","1088","3912","2302.834613907941","222.33468131310102","595.3448228571428","503.3164800000003","92.02834285714287","121.26893984652814","0.08054754814042406","Matrix;Vector","6.685231667525201","149.58344747537956","1.1627828571428571","0.9830400000000006","0.17974285714285718","0.3686503661332585","0.16109509628084812","Matrix;Vector"
"captured-pp512","w4a8","middle","4","matrix","32","0","true","","1088","3912","2806.1510939079362","182.45631930209868","1098.661302857143","1006.6329600000006","92.02834285714287","121.26893984652814","0.08054754814042406","Matrix;Vector","7.668271667525204","130.40748207121513","2.1458228571428575","1.9660800000000012","0.17974285714285718","0.3686503661332585","0.16109509628084812","Matrix;Vector"
"captured-pp512","w4a8","middle","4","dedicated","","1","true","","1216","5200","2245.3234506112376","228.02950722338903","631.2959999999999","0","0","0.32666292345124465","0.08054754814042406","Recurrent","6.553033608917137","152.6010790848433","1.2329999999999999","0","0","0.17960421228710455","0.16109509628084812","Recurrent"
"captured-pp512","w4a8","middle","4","dedicated","","2","true","","1344","6488","1929.6754506112447","265.3295919983947","315.64799999999997","0","0","0.32666292345124465","0.08054754814042406","Recurrent","6.286002482543509","159.08361518740116","0.6164999999999999","0","0","0.17960421228710455","0.16109509628084812","Recurrent"
"captured-pp512","w4a8","middle","4","dedicated","","4","true","","1600","9064","1771.8514506112492","288.9632761388498","157.82399999999998","0","0","0.32666292345124465","0.08054754814042406","Recurrent","6.039572199805417","165.5746412026034","0.30824999999999997","0","0","0.17960421228710455","0.16109509628084812","Recurrent"
"captured-pp512","w4a8","middle","4","dedicated","","8","true","","2112","14216","1692.939450611249","302.43255292747676","78.91199999999999","0","0","0.32666292345124465","0.08054754814042406","Recurrent","5.91092641209252","169.1782184860581","0.15412499999999998","0","0","0.17960421228710455","0.16109509628084812","Recurrent"
"captured-pp512","w4a8","middle","4","dedicated","","16","true","","3136","24520","1661.207336325536","308.20957071650366","39.455999999999996","0","0","0.32666292345124465","0.08054754814042406","Recurrent","5.91092641209252","169.1782184860581","0.07706249999999999","0","0","0.17960421228710455","0.16109509628084812","Recurrent"
"captured-pp512","w4a8","middle","8","vector","","0","true","","2112","4936","1499.997736325536","341.333848445811","631.2959999999999","0","0","169.66475523114357","0.08054754814042406","Vector","6.541160788404316","152.87806436018602","1.2329999999999999","0","0","0.4631734430563353","0.16109509628084812","Vector"
"captured-pp512","w4a8","middle","8","matrix","1","0","true","","2112","4936","989.9706761720882","517.1870362663128","107.7569828571429","15.72864000000001","92.02834285714287","121.26893984652814","0.08054754814042406","Matrix;Vector","6.088099745425854","164.2548647057443","0.21046285714285723","0.030720000000000018","0.17974285714285718","0.3686503661332585","0.16109509628084812","Matrix;Vector"
"captured-pp512","w4a8","middle","8","matrix","2","0","true","","2112","4936","992.1873591827032","516.0315693013374","123.4856228571429","31.45728000000002","92.02834285714287","121.26893984652814","0.08054754814042406","Matrix;Vector","6.088099745425854","164.2548647057443","0.24118285714285723","0.061440000000000036","0.17974285714285718","0.3686503661332585","0.16109509628084812","Matrix;Vector"
"captured-pp512","w4a8","middle","8","matrix","4","0","true","","2112","4936","1015.9207534684165","503.9763172983722","154.94290285714285","62.91456000000004","92.02834285714287","121.26893984652814","0.08054754814042406","Matrix;Vector","6.088099745425854","164.2548647057443","0.30262285714285714","0.12288000000000007","0.17974285714285718","0.3686503661332585","0.16109509628084812","Matrix;Vector"
"captured-pp512","w4a8","middle","8","matrix","8","0","true","","2112","4936","1078.835313468412","474.5858738660868","217.85746285714293","125.82912000000007","92.02834285714287","121.26893984652814","0.08054754814042406","Matrix;Vector","6.1449522364354525","162.7351949248148","0.4255028571428573","0.24576000000000015","0.17974285714285718","0.3686503661332585","0.16109509628084812","Matrix;Vector"
"captured-pp512","w4a8","middle","8","matrix","16","0","true","","2112","4936","1204.6644334684054","425.0146229733678","343.68658285714275","251.65824000000015","92.02834285714287","121.26893984652814","0.08054754814042406","Matrix;Vector","6.38842640195743","156.53307044338766","0.6712628571428569","0.4915200000000003","0.17974285714285718","0.3686503661332585","0.16109509628084812","Matrix;Vector"
"captured-pp512","w4a8","middle","8","matrix","32","0","true","","2112","4936","1456.3226734683938","351.5704378759793","595.3448228571428","503.3164800000003","92.02834285714287","121.26893984652814","0.08054754814042406","Matrix;Vector","6.673358847012381","149.84957694095732","1.1627828571428571","0.9830400000000006","0.17974285714285718","0.3686503661332585","0.16109509628084812","Matrix;Vector"
"captured-pp512","w4a8","middle","8","dedicated","","1","true","","2240","6224","1492.2738506112505","343.1005641426201","631.2959999999999","0","0","0.32666292345124465","0.08054754814042406","Recurrent","6.541160788404316","152.87806436018602","1.2329999999999999","0","0","0.17960421228710455","0.16109509628084812","Recurrent"
"captured-pp512","w4a8","middle","8","dedicated","","2","true","","2368","7512","1176.6258506112638","435.1425729207064","315.64799999999997","0","0","0.32666292345124465","0.08054754814042406","Recurrent","6.274129662030688","159.3846563375516","0.6164999999999999","0","0","0.17960421228710455","0.16109509628084812","Recurrent"
"captured-pp512","w4a8","middle","8","dedicated","","4","true","","2624","10088","1018.8018506112737","502.5511091217627","157.82399999999998","0","0","0.32666292345124465","0.08054754814042406","Recurrent","6.027699379292597","165.90077525023466","0.30824999999999997","0","0","0.17960421228710455","0.16109509628084812","Recurrent"
"captured-pp512","w4a8","middle","8","dedicated","","8","true","","3136","15240","939.8898506112747","544.7446843553117","78.91199999999999","0","0","0.32666292345124465","0.08054754814042406","Recurrent","5.899053591579699","169.518717617246","0.15412499999999998","0","0","0.17960421228710455","0.16109509628084812","Recurrent"
"captured-pp512","w4a8","middle","8","dedicated","","16","true","","4160","25544","900.4338506112737","568.6147845868086","39.455999999999996","0","0","0.32666292345124465","0.08054754814042406","Recurrent","5.899053591579699","169.518717617246","0.07706249999999999","0","0","0.17960421228710455","0.16109509628084812","Recurrent"
"captured-pp512","w4a8","middle","16","vector","","0","true","","4160","6984","1123.4729363255503","455.729714037043","631.2959999999999","0","0","169.66475523114357","0.08054754814042406","Vector","6.541160788404316","152.87806436018602","1.2329999999999999","0","0","0.4631734430563353","0.16109509628084812","Vector"
"captured-pp512","w4a8","middle","16","matrix","1","0","true","","4160","6984","613.4458761720803","834.6294593989197","99.8926628571429","7.864320000000005","92.02834285714287","121.26893984652814","0.08054754814042406","Matrix;Vector","6.088099745425854","164.2548647057443","0.19510285714285722","0.015360000000000009","0.17974285714285718","0.3686503661332585","0.16109509628084812","Matrix;Vector"
"captured-pp512","w4a8","middle","16","matrix","2","0","true","","4160","6984","613.4458761720803","834.6294593989197","107.7569828571429","15.72864000000001","92.02834285714287","121.26893984652814","0.08054754814042406","Matrix;Vector","6.088099745425854","164.2548647057443","0.21046285714285723","0.030720000000000018","0.17974285714285718","0.3686503661332585","0.16109509628084812","Matrix;Vector"
"captured-pp512","w4a8","middle","16","matrix","4","0","true","","4160","6984","615.662559182695","831.6243896326761","123.4856228571429","31.45728000000002","92.02834285714287","121.26893984652814","0.08054754814042406","Matrix;Vector","6.088099745425854","164.2548647057443","0.24118285714285723","0.061440000000000036","0.17974285714285718","0.3686503661332585","0.16109509628084812","Matrix;Vector"
"captured-pp512","w4a8","middle","16","matrix","8","0","true","","4160","6984","639.3959534684102","800.7557714787692","154.94290285714285","62.91456000000004","92.02834285714287","121.26893984652814","0.08054754814042406","Matrix;Vector","6.088099745425854","164.2548647057443","0.30262285714285714","0.12288000000000007","0.17974285714285718","0.3686503661332585","0.16109509628084812","Matrix;Vector"
"captured-pp512","w4a8","middle","16","matrix","16","0","true","","4160","6984","702.3105134684112","729.022263202997","217.85746285714293","125.82912000000007","92.02834285714287","121.26893984652814","0.08054754814042406","Matrix;Vector","6.1449522364354525","162.7351949248148","0.4255028571428573","0.24576000000000015","0.17974285714285718","0.3686503661332585","0.16109509628084812","Matrix;Vector"
"captured-pp512","w4a8","middle","16","matrix","32","0","true","","4160","6984","828.1396334684134","618.2532260358585","343.68658285714275","251.65824000000015","92.02834285714287","121.26893984652814","0.08054754814042406","Matrix;Vector","6.38842640195743","156.53307044338766","0.6712628571428569","0.4915200000000003","0.17974285714285718","0.3686503661332585","0.16109509628084812","Matrix;Vector"
"captured-pp512","w4a8","middle","16","dedicated","","1","true","","4288","8272","1115.749050611265","458.8845491013414","631.2959999999999","0","0","0.32666292345124465","0.08054754814042406","Recurrent","6.541160788404316","152.87806436018602","1.2329999999999999","0","0","0.17960421228710455","0.16109509628084812","Recurrent"
"captured-pp512","w4a8","middle","16","dedicated","","2","true","","4416","9560","800.1010506112705","639.91916972092","315.64799999999997","0","0","0.32666292345124465","0.08054754814042406","Recurrent","6.274129662030688","159.3846563375516","0.6164999999999999","0","0","0.17960421228710455","0.16109509628084812","Recurrent"
"captured-pp512","w4a8","middle","16","dedicated","","4","true","","4672","12136","642.2770506112677","797.1637777073297","157.82399999999998","0","0","0.32666292345124465","0.08054754814042406","Recurrent","6.027699379292597","165.90077525023466","0.30824999999999997","0","0","0.17960421228710455","0.16109509628084812","Recurrent"
"captured-pp512","w4a8","middle","16","dedicated","","8","true","","5184","17288","563.3650506112654","908.8245702222156","78.91199999999999","0","0","0.32666292345124465","0.08054754814042406","Recurrent","5.899053591579699","169.518717617246","0.15412499999999998","0","0","0.17960421228710455","0.16109509628084812","Recurrent"
"captured-pp512","w4a8","middle","16","dedicated","","16","true","","6208","27592","523.9090506112645","977.268858788811","39.455999999999996","0","0","0.32666292345124465","0.08054754814042406","Recurrent","5.899053591579699","169.518717617246","0.07706249999999999","0","0","0.17960421228710455","0.16109509628084812","Recurrent"
"captured-pp512","w4a8","f2-ceiling","1","vector","","0","true","","320","3144","6774.3577024794495","75.57912092722906","631.2959999999999","0","0","84.83237761557179","0.05253100965679828","Vector","17.668335980997977","56.59842562850766","1.2329999999999999","0","0","0.23158672152816764","0.10506201931359656","Vector"
"captured-pp512","w4a8","f2-ceiling","1","matrix","1","0","true","","320","3144","6703.488575446476","76.37814165527969","217.85746285714293","125.82912000000007","92.02834285714287","60.63446992326407","0.05253100965679828","Matrix;Vector","17.53497697000896","57.02887444393883","0.4255028571428573","0.24576000000000015","0.17974285714285718","0.18432518306662926","0.10506201931359656","Matrix;Vector"
"captured-pp512","w4a8","f2-ceiling","1","matrix","2","0","true","","320","3144","6829.317695446475","74.97088623383003","343.68658285714275","251.65824000000015","92.02834285714287","60.63446992326407","0.05253100965679828","Matrix;Vector","17.78073697000894","56.240638489097286","0.6712628571428569","0.4915200000000003","0.17974285714285718","0.18432518306662926","0.10506201931359656","Matrix;Vector"
"captured-pp512","w4a8","f2-ceiling","1","matrix","4","0","true","","320","3144","7080.975935446479","72.30641717577262","595.3448228571428","503.3164800000003","92.02834285714287","60.63446992326407","0.05253100965679828","Matrix;Vector","18.272256970008947","54.72777674051671","1.1627828571428571","0.9830400000000006","0.17974285714285718","0.18432518306662926","0.10506201931359656","Matrix;Vector"
"captured-pp512","w4a8","f2-ceiling","1","matrix","8","0","true","","320","3144","7584.2924154464845","67.50794562683785","1098.661302857143","1006.6329600000006","92.02834285714287","60.63446992326407","0.05253100965679828","Matrix;Vector","19.25529697000892","51.93376147651991","2.1458228571428575","1.9660800000000012","0.17974285714285718","0.18432518306662926","0.10506201931359656","Matrix;Vector"
"captured-pp512","w4a8","f2-ceiling","1","matrix","16","0","true","","320","3144","8590.92537544651","59.59777062705413","2105.2942628571427","2013.2659200000012","92.02834285714287","60.63446992326407","0.05253100965679828","Matrix;Vector","21.221376970008908","47.12229566503857","4.111902857142857","3.9321600000000023","0.17974285714285718","0.18432518306662926","0.10506201931359656","Matrix;Vector"
"captured-pp512","w4a8","f2-ceiling","1","matrix","32","0","true","","320","3144","10604.191295446535","48.28279552254532","4118.5601828571425","4026.5318400000024","92.02834285714287","60.63446992326407","0.05253100965679828","Matrix;Vector","25.153536970008908","39.75584034930439","8.044062857142857","7.864320000000005","0.17974285714285718","0.18432518306662926","0.10506201931359656","Matrix;Vector"
"captured-pp512","w4a8","f2-ceiling","1","dedicated","","1","true","","448","4432","6766.633816765166","75.66539196069057","631.2959999999999","0","0","0.16333146172562232","0.05253100965679828","Recurrent","17.668335980997977","56.59842562850766","1.2329999999999999","0","0","0.08980210614355227","0.10506201931359656","Recurrent"
"captured-pp512","w4a8","f2-ceiling","1","dedicated","","2","true","","576","5720","6450.9858167651555","79.36771441496398","315.64799999999997","0","0","0.16333146172562232","0.05253100965679828","Recurrent","17.158170747564323","58.28127104644616","0.6164999999999999","0","0","0.08980210614355227","0.10506201931359656","Recurrent"
"captured-pp512","w4a8","f2-ceiling","1","dedicated","","4","true","","832","8296","6439.937482918991","79.50387738359363","157.82399999999998","0","0","0.16333146172562232","0.05253100965679828","Recurrent","17.158170747564323","58.28127104644616","0.30824999999999997","0","0","0.08980210614355227","0.10506201931359656","Recurrent"
"captured-pp512","w4a8","f2-ceiling","1","dedicated","","8","true","","1344","13448","6439.937482918991","79.50387738359363","78.91199999999999","0","0","0.16333146172562232","0.05253100965679828","Recurrent","17.26359911286611","57.92534879095554","0.15412499999999998","0","0","0.08980210614355227","0.10506201931359656","Recurrent"
"captured-pp512","w4a8","f2-ceiling","1","dedicated","","16","true","","2368","23752","6439.937482918991","79.50387738359363","39.455999999999996","0","0","0.16333146172562232","0.05253100965679828","Recurrent","17.214536132179706","58.090441259736686","0.07706249999999999","0","0","0.08980210614355227","0.10506201931359656","Recurrent"
"captured-pp512","w4a8","f2-ceiling","2","vector","","0","true","","576","3400","3759.9520135904786","136.17195063909273","631.2959999999999","0","0","84.83237761557179","0.05253100965679828","Vector","9.672033758775965","103.39087155197791","1.2329999999999999","0","0","0.23158672152816764","0.10506201931359656","Vector"
"captured-pp512","w4a8","f2-ceiling","2","matrix","1","0","true","","576","3400","3453.480966557512","148.25621017114514","154.94290285714285","62.91456000000004","92.02834285714287","60.63446992326407","0.05253100965679828","Matrix;Vector","9.088114747786962","110.03382194789178","0.30262285714285714","0.12288000000000007","0.17974285714285718","0.18432518306662926","0.10506201931359656","Matrix;Vector"
"captured-pp512","w4a8","f2-ceiling","2","matrix","2","0","true","","576","3400","3516.3955265575096","145.6036433140498","217.85746285714293","125.82912000000007","92.02834285714287","60.63446992326407","0.05253100965679828","Matrix;Vector","9.21099474778696","108.56590709057353","0.4255028571428573","0.24576000000000015","0.17974285714285718","0.18432518306662926","0.10506201931359656","Matrix;Vector"
"captured-pp512","w4a8","f2-ceiling","2","matrix","4","0","true","","576","3400","3642.224646557512","140.57342687083354","343.68658285714275","251.65824000000015","92.02834285714287","60.63446992326407","0.05253100965679828","Matrix;Vector","9.456754747786965","105.74452089222429","0.6712628571428569","0.4915200000000003","0.17974285714285718","0.18432518306662926","0.10506201931359656","Matrix;Vector"
"captured-pp512","w4a8","f2-ceiling","2","matrix","8","0","true","","576","3400","3893.882886557509","131.48828943149013","595.3448228571428","503.3164800000003","92.02834285714287","60.63446992326407","0.05253100965679828","Matrix;Vector","9.948274747786966","100.51994193490223","1.1627828571428571","0.9830400000000006","0.17974285714285718","0.18432518306662926","0.10506201931359656","Matrix;Vector"
"captured-pp512","w4a8","f2-ceiling","2","matrix","16","0","true","","576","3400","4397.199366557526","116.43774987642507","1098.661302857143","1006.6329600000006","92.02834285714287","60.63446992326407","0.05253100965679828","Matrix;Vector","10.931314747786901","91.48030434330462","2.1458228571428575","1.9660800000000012","0.17974285714285718","0.18432518306662926","0.10506201931359656","Matrix;Vector"
"captured-pp512","w4a8","f2-ceiling","2","matrix","32","0","true","","576","3400","5403.832326557554","94.74757339966605","2105.2942628571427","2013.2659200000012","92.02834285714287","60.63446992326407","0.05253100965679828","Matrix;Vector","12.897394747786809","77.53503863030942","4.111902857142857","3.9321600000000023","0.17974285714285718","0.18432518306662926","0.10506201931359656","Matrix;Vector"
"captured-pp512","w4a8","f2-ceiling","2","dedicated","","1","true","","704","4688","3752.228127876192","136.45225784547335","631.2959999999999","0","0","0.16333146172562232","0.05253100965679828","Recurrent","9.672033758775965","103.39087155197791","1.2329999999999999","0","0","0.08980210614355227","0.10506201931359656","Recurrent"
"captured-pp512","w4a8","f2-ceiling","2","dedicated","","2","true","","832","5976","3436.5801278761933","148.98532289320315","315.64799999999997","0","0","0.16333146172562232","0.05253100965679828","Recurrent","9.055533758775963","110.42971365778111","0.6164999999999999","0","0","0.08980210614355227","0.10506201931359656","Recurrent"
"captured-pp512","w4a8","f2-ceiling","2","dedicated","","4","true","","1088","8552","3278.756127876193","156.15678020299936","157.82399999999998","0","0","0.16333146172562232","0.05253100965679828","Recurrent","8.834188525342304","113.19658813385493","0.30824999999999997","0","0","0.08980210614355227","0.10506201931359656","Recurrent"
"captured-pp512","w4a8","f2-ceiling","2","dedicated","","8","true","","1600","13704","3249.5695428212525","157.55933001374862","78.91199999999999","0","0","0.16333146172562232","0.05253100965679828","Recurrent","8.939616890644102","111.86161691633184","0.15412499999999998","0","0","0.08980210614355227","0.10506201931359656","Recurrent"
"captured-pp512","w4a8","f2-ceiling","2","dedicated","","16","true","","2624","24008","3249.5695428212525","157.55933001374862","39.455999999999996","0","0","0.16333146172562232","0.05253100965679828","Recurrent","8.8905539099577","112.47893102363045","0.07706249999999999","0","0","0.08980210614355227","0.10506201931359656","Recurrent"
"captured-pp512","w4a8","f2-ceiling","4","vector","","0","true","","1088","3912","2252.749169146036","227.2778554365585","631.2959999999999","0","0","84.83237761557179","0.05253100965679828","Vector","5.703189669184996","175.3404775231512","1.2329999999999999","0","0","0.23158672152816764","0.10506201931359656","Vector"
"captured-pp512","w4a8","f2-ceiling","4","matrix","1","0","true","","1088","3912","1828.4771621130785","280.01443529560277","123.4856228571429","31.45728000000002","92.02834285714287","60.63446992326407","0.05253100965679828","Matrix;Vector","4.922168345924925","203.1624946001496","0.24118285714285723","0.061440000000000036","0.17974285714285718","0.18432518306662926","0.10506201931359656","Matrix;Vector"
"captured-pp512","w4a8","f2-ceiling","4","matrix","2","0","true","","1088","3912","1859.9344421130784","275.2785197193912","154.94290285714285","62.91456000000004","92.02834285714287","60.63446992326407","0.05253100965679828","Matrix;Vector","4.9836083459249245","200.6578227235083","0.30262285714285714","0.12288000000000007","0.17974285714285718","0.18432518306662926","0.10506201931359656","Matrix;Vector"
"captured-pp512","w4a8","f2-ceiling","4","matrix","4","0","true","","1088","3912","1922.8490021130783","266.27155821249994","217.85746285714293","125.82912000000007","92.02834285714287","60.63446992326407","0.05253100965679828","Matrix;Vector","5.106488345924927","195.82929251136324","0.4255028571428573","0.24576000000000015","0.17974285714285718","0.18432518306662926","0.10506201931359656","Matrix;Vector"
"captured-pp512","w4a8","f2-ceiling","4","matrix","8","0","true","","1088","3912","2048.678122113076","249.91724882184317","343.68658285714275","251.65824000000015","92.02834285714287","60.63446992326407","0.05253100965679828","Matrix;Vector","5.352248345924928","186.83736915185852","0.6712628571428569","0.4915200000000003","0.17974285714285718","0.18432518306662926","0.10506201931359656","Matrix;Vector"
"captured-pp512","w4a8","f2-ceiling","4","matrix","16","0","true","","1088","3912","2300.3363621130698","222.57614513804452","595.3448228571428","503.3164800000003","92.02834285714287","60.63446992326407","0.05253100965679828","Matrix;Vector","5.805445206425538","172.25207791009512","1.1627828571428571","0.9830400000000006","0.17974285714285718","0.18432518306662926","0.10506201931359656","Matrix;Vector"
"captured-pp512","w4a8","f2-ceiling","4","matrix","32","0","true","","1088","3912","2803.6528421130633","182.61890071030146","1098.661302857143","1006.6329600000006","92.02834285714287","60.63446992326407","0.05253100965679828","Matrix;Vector","6.788485206425542","147.3082682795662","2.1458228571428575","1.9660800000000012","0.17974285714285718","0.18432518306662926","0.10506201931359656","Matrix;Vector"
"captured-pp512","w4a8","f2-ceiling","4","dedicated","","1","true","","1216","5200","2245.0252834317507","228.0597923678417","631.2959999999999","0","0","0.16333146172562232","0.05253100965679828","Recurrent","5.703189669184996","175.3404775231512","1.2329999999999999","0","0","0.08980210614355227","0.10506201931359656","Recurrent"
"captured-pp512","w4a8","f2-ceiling","4","dedicated","","2","true","","1344","6488","1929.377283431758","265.3705962005069","315.64799999999997","0","0","0.16333146172562232","0.05253100965679828","Recurrent","5.086689669184994","196.5915094168155","0.6164999999999999","0","0","0.08980210614355227","0.10506201931359656","Recurrent"
"captured-pp512","w4a8","f2-ceiling","4","dedicated","","4","true","","1600","9064","1771.5532834317626","289.01191106607854","157.82399999999998","0","0","0.16333146172562232","0.05253100965679828","Recurrent","4.83705371222529","206.737418993834","0.30824999999999997","0","0","0.08980210614355227","0.10506201931359656","Recurrent"
"captured-pp512","w4a8","f2-ceiling","4","dedicated","","8","true","","2112","14216","1692.6412834317623","302.4858279256551","78.91199999999999","0","0","0.16333146172562232","0.05253100965679828","Recurrent","4.835110488782068","206.82050644346145","0.15412499999999998","0","0","0.08980210614355227","0.10506201931359656","Recurrent"
"captured-pp512","w4a8","f2-ceiling","4","dedicated","","16","true","","3136","24520","1660.9091691460496","308.2649006406792","39.455999999999996","0","0","0.16333146172562232","0.05253100965679828","Recurrent","4.786047508095666","208.94067564279","0.07706249999999999","0","0","0.08980210614355227","0.10506201931359656","Recurrent"
"captured-pp512","w4a8","f2-ceiling","8","vector","","0","true","","2112","4936","1499.4348264545376","341.4619901890905","631.2959999999999","0","0","84.83237761557179","0.05253100965679828","Vector","4.913127816869729","203.53632905018208","1.2329999999999999","0","0","0.23158672152816764","0.10506201931359656","Vector"
"captured-pp512","w4a8","f2-ceiling","8","matrix","1","0","true","","2112","4936","968.1719235974189","528.8316956120467","107.7569828571429","15.72864000000001","92.02834285714287","60.63446992326407","0.05253100965679828","Matrix;Vector","4.150434616320281","240.9386226849145","0.21046285714285723","0.030720000000000018","0.17974285714285718","0.18432518306662926","0.10506201931359656","Matrix;Vector"
"captured-pp512","w4a8","f2-ceiling","8","matrix","2","0","true","","2112","4936","983.9005635974193","520.3777891212735","123.4856228571429","31.45728000000002","92.02834285714287","60.63446992326407","0.05253100965679828","Matrix;Vector","4.181154616320279","239.16838571257452","0.24118285714285723","0.061440000000000036","0.17974285714285718","0.18432518306662926","0.10506201931359656","Matrix;Vector"
"captured-pp512","w4a8","f2-ceiling","8","matrix","4","0","true","","2112","4936","1015.357843597418","504.2557195264099","154.94290285714285","62.91456000000004","92.02834285714287","60.63446992326407","0.05253100965679828","Matrix;Vector","4.242594616320281","235.70481991214314","0.30262285714285714","0.12288000000000007","0.17974285714285718","0.18432518306662926","0.10506201931359656","Matrix;Vector"
"captured-pp512","w4a8","f2-ceiling","8","matrix","8","0","true","","2112","4936","1078.2724035974136","474.8336304368238","217.85746285714293","125.82912000000007","92.02834285714287","60.63446992326407","0.05253100965679828","Matrix;Vector","4.3400868461737625","230.4101358897009","0.4255028571428573","0.24576000000000015","0.17974285714285718","0.18432518306662926","0.10506201931359656","Matrix;Vector"
"captured-pp512","w4a8","f2-ceiling","8","matrix","16","0","true","","2112","4936","1204.101523597407","425.21331463009415","343.68658285714275","251.65824000000015","92.02834285714287","60.63446992326407","0.05253100965679828","Matrix;Vector","4.5565398246536155","219.4647777661022","0.6712628571428569","0.4915200000000003","0.17974285714285718","0.18432518306662926","0.10506201931359656","Matrix;Vector"
"captured-pp512","w4a8","f2-ceiling","8","matrix","32","0","true","","2112","4936","1455.7597635973957","351.7063823324619","595.3448228571428","503.3164800000003","92.02834285714287","60.63446992326407","0.05253100965679828","Matrix;Vector","4.842910674012584","206.48739308079203","1.1627828571428571","0.9830400000000006","0.17974285714285718","0.18432518306662926","0.10506201931359656","Matrix;Vector"
"captured-pp512","w4a8","f2-ceiling","8","dedicated","","1","true","","2240","6224","1491.7109407402525","343.2300360724867","631.2959999999999","0","0","0.16333146172562232","0.05253100965679828","Recurrent","4.913127816869729","203.53632905018208","1.2329999999999999","0","0","0.08980210614355227","0.10506201931359656","Recurrent"
"captured-pp512","w4a8","f2-ceiling","8","dedicated","","2","true","","2368","7512","1176.0629407402657","435.3508492306753","315.64799999999997","0","0","0.16333146172562232","0.05253100965679828","Recurrent","4.325934838389879","231.16390730753633","0.6164999999999999","0","0","0.08980210614355227","0.10506201931359656","Recurrent"
"captured-pp512","w4a8","f2-ceiling","8","dedicated","","4","true","","2624","10088","1018.2389407402752","502.82893289051407","157.82399999999998","0","0","0.16333146172562232","0.05253100965679828","Recurrent","4.222833989030906","236.8077936754244","0.30824999999999997","0","0","0.08980210614355227","0.10506201931359656","Recurrent"
"captured-pp512","w4a8","f2-ceiling","8","dedicated","","8","true","","3136","15240","939.3269407402762","545.071133163174","78.91199999999999","0","0","0.16333146172562232","0.05253100965679828","Recurrent","4.0940967591774236","244.25411972943152","0.15412499999999998","0","0","0.08980210614355227","0.10506201931359656","Recurrent"
"captured-pp512","w4a8","f2-ceiling","8","dedicated","","16","true","","4160","25544","899.8709407402749","568.970478787553","39.455999999999996","0","0","0.16333146172562232","0.05253100965679828","Recurrent","4.045033778491021","247.21672420076672","0.07706249999999999","0","0","0.08980210614355227","0.10506201931359656","Recurrent"
"captured-pp512","w4a8","f2-ceiling","16","vector","","0","true","","4160","6984","1122.910026454552","455.95816934378615","631.2959999999999","0","0","84.83237761557179","0.05253100965679828","Vector","4.906338073279985","203.81799726480733","1.2329999999999999","0","0","0.23158672152816764","0.10506201931359656","Vector"
"captured-pp512","w4a8","f2-ceiling","16","matrix","1","0","true","","4160","6984","583.78280359741","877.0385096048273","99.8926628571429","7.864320000000005","92.02834285714287","60.63446992326407","0.05253100965679828","Matrix;Vector","4.128284872730536","242.23134566258227","0.19510285714285722","0.015360000000000009","0.17974285714285718","0.18432518306662926","0.10506201931359656","Matrix;Vector"
"captured-pp512","w4a8","f2-ceiling","16","matrix","2","0","true","","4160","6984","591.6471235974104","865.3806966674163","107.7569828571429","15.72864000000001","92.02834285714287","60.63446992326407","0.05253100965679828","Matrix;Vector","4.143644872730537","241.33342279909965","0.21046285714285723","0.030720000000000018","0.17974285714285718","0.18432518306662926","0.10506201931359656","Matrix;Vector"
"captured-pp512","w4a8","f2-ceiling","16","matrix","4","0","true","","4160","6984","607.3757635974108","842.9707451075885","123.4856228571429","31.45728000000002","92.02834285714287","60.63446992326407","0.05253100965679828","Matrix;Vector","4.174364872730536","239.55740106299814","0.24118285714285723","0.061440000000000036","0.17974285714285718","0.18432518306662926","0.10506201931359656","Matrix;Vector"
"captured-pp512","w4a8","f2-ceiling","16","matrix","8","0","true","","4160","6984","638.8330435974116","801.4613601024982","154.94290285714285","62.91456000000004","92.02834285714287","60.63446992326407","0.05253100965679828","Matrix;Vector","4.235804872730536","236.08264073679294","0.30262285714285714","0.12288000000000007","0.17974285714285718","0.18432518306662926","0.10506201931359656","Matrix;Vector"
"captured-pp512","w4a8","f2-ceiling","16","matrix","16","0","true","","4160","6984","701.7476035974126","729.6070515599945","217.85746285714293","125.82912000000007","92.02834285714287","60.63446992326407","0.05253100965679828","Matrix;Vector","4.333297102584018","230.7711602335513","0.4255028571428573","0.24576000000000015","0.17974285714285718","0.18432518306662926","0.10506201931359656","Matrix;Vector"
"captured-pp512","w4a8","f2-ceiling","16","matrix","32","0","true","","4160","6984","827.5767235974148","618.6737560408585","343.68658285714275","251.65824000000015","92.02834285714287","60.63446992326407","0.05253100965679828","Matrix;Vector","4.549750081063871","219.792292363929","0.6712628571428569","0.4915200000000003","0.17974285714285718","0.18432518306662926","0.10506201931359656","Matrix;Vector"
"captured-pp512","w4a8","f2-ceiling","16","dedicated","","1","true","","4288","8272","1115.1861407402666","459.1161791699919","631.2959999999999","0","0","0.16333146172562232","0.05253100965679828","Recurrent","4.906338073279985","203.81799726480733","1.2329999999999999","0","0","0.08980210614355227","0.10506201931359656","Recurrent"
"captured-pp512","w4a8","f2-ceiling","16","dedicated","","2","true","","4416","9560","799.538140740272","640.3697008449807","315.64799999999997","0","0","0.16333146172562232","0.05253100965679828","Recurrent","4.319145094800134","231.5272995120981","0.6164999999999999","0","0","0.08980210614355227","0.10506201931359656","Recurrent"
"captured-pp512","w4a8","f2-ceiling","16","dedicated","","4","true","","4672","12136","641.7141407402693","797.8630475703193","157.82399999999998","0","0","0.16333146172562232","0.05253100965679828","Recurrent","4.216044245441161","237.18916163683699","0.30824999999999997","0","0","0.08980210614355227","0.10506201931359656","Recurrent"
"captured-pp512","w4a8","f2-ceiling","16","dedicated","","8","true","","5184","17288","562.802140740267","909.7335687574932","78.91199999999999","0","0","0.16333146172562232","0.05253100965679828","Recurrent","4.087307015587679","244.65986924552536","0.15412499999999998","0","0","0.08980210614355227","0.10506201931359656","Recurrent"
"captured-pp512","w4a8","f2-ceiling","16","dedicated","","16","true","","6208","27592","523.346140740266","978.3200068615828","39.455999999999996","0","0","0.16333146172562232","0.05253100965679828","Recurrent","4.038244034901276","247.6323846100715","0.07706249999999999","0","0","0.08980210614355227","0.10506201931359656","Recurrent"
"target-batch1","w8a16","bandwidth-constrained","1","vector","","0","true","","320","3144","13392.032753587218","38.23168666182172","631.2959999999999","0","0","679.4181593861131","0.24164264442127215","Vector","44.271758526116926","22.58776324437343","1.2329999999999999","0","0","1.8541764645330332","0.4832852888425443","Vector"
"target-batch1","w8a16","bandwidth-constrained","1","matrix","1","0","true","","320","3144","13198.449492048754","38.79243545300137","217.85746285714293","125.82912000000007","92.02834285714287","485.834897847651","0.24164264442127215","Matrix;Vector","43.89366621842462","22.782330257485853","0.4255028571428573","0.24576000000000015","0.17974285714285718","1.4760841568407264","0.4832852888425443","Matrix;Vector"
"target-batch1","w8a16","bandwidth-constrained","1","matrix","2","0","true","","320","3144","13198.449492048754","38.79243545300137","343.68658285714275","251.65824000000015","92.02834285714287","485.834897847651","0.24164264442127215","Matrix;Vector","43.89366621842462","22.782330257485853","0.6712628571428569","0.4915200000000003","0.17974285714285718","1.4760841568407264","0.4832852888425443","Matrix;Vector"
"target-batch1","w8a16","bandwidth-constrained","1","matrix","4","0","true","","320","3144","13307.959417058244","38.47321621252575","595.3448228571428","503.3164800000003","92.02834285714287","485.834897847651","0.24164264442127215","Matrix;Vector","43.89366621842462","22.782330257485853","1.1627828571428571","0.9830400000000006","0.17974285714285718","1.4760841568407264","0.4832852888425443","Matrix;Vector"
"target-batch1","w8a16","bandwidth-constrained","1","matrix","8","0","true","","320","3144","13811.275897058245","37.07115865443353","1098.661302857143","1006.6329600000006","92.02834285714287","485.834897847651","0.24164264442127215","Matrix;Vector","44.56340491872676","22.439937025094164","2.1458228571428575","1.9660800000000012","0.17974285714285718","1.4760841568407264","0.4832852888425443","Matrix;Vector"
"target-batch1","w8a16","bandwidth-constrained","1","matrix","16","0","true","","320","3144","14817.90885705824","34.55278372535799","2105.2942628571427","2013.2659200000012","92.02834285714287","485.834897847651","0.24164264442127215","Matrix;Vector","45.86576901213328","21.802752282109587","4.111902857142857","3.9321600000000023","0.17974285714285718","1.4760841568407264","0.4832852888425443","Matrix;Vector"
"target-batch1","w8a16","bandwidth-constrained","1","matrix","32","0","true","","320","3144","16831.17477705823","30.419742340141504","4118.5601828571425","4026.5318400000024","92.02834285714287","485.834897847651","0.24164264442127215","Matrix;Vector","49.797929012133245","20.08115638215297","8.044062857142857","7.864320000000005","0.17974285714285718","1.4760841568407264","0.4832852888425443","Matrix;Vector"
"target-batch1","w8a16","bandwidth-constrained","1","dedicated","","1","true","","448","4432","12711.390815125671","40.278833956608075","631.2959999999999","0","0","2.06579015534344","0.24164264442127215","Recurrent","43.6505820615839","22.90920195724222","1.2329999999999999","0","0","0.7198995414561107","0.4832852888425443","Recurrent"
"target-batch1","w8a16","bandwidth-constrained","1","dedicated","","2","true","","576","5720","12711.390815125671","40.27883395660808","315.64799999999997","0","0","2.06579015534344","0.24164264442127215","Recurrent","43.137481603040015","23.181696354047876","0.6164999999999999","0","0","0.7198995414561107","0.4832852888425443","Recurrent"
"target-batch1","w8a16","bandwidth-constrained","1","dedicated","","4","true","","832","8296","12711.390815125671","40.27883395660808","157.82399999999998","0","0","2.06579015534344","0.24164264442127215","Recurrent","43.137481603040015","23.181696354047876","0.30824999999999997","0","0","0.7198995414561107","0.4832852888425443","Recurrent"
"target-batch1","w8a16","bandwidth-constrained","1","dedicated","","8","true","","1344","13448","12711.390815125671","40.27883395660808","78.91199999999999","0","0","2.06579015534344","0.24164264442127215","Recurrent","43.137481603040015","23.181696354047876","0.15412499999999998","0","0","0.7198995414561107","0.4832852888425443","Recurrent"
"target-batch1","w8a16","bandwidth-constrained","1","dedicated","","16","true","","2368","23752","12711.390815125671","40.27883395660808","39.455999999999996","0","0","2.06579015534344","0.24164264442127215","Recurrent","43.137481603040015","23.181696354047876","0.07706249999999999","0","0","0.7198995414561107","0.4832852888425443","Recurrent"
"target-batch1","w8a16","bandwidth-constrained","2","vector","","0","true","","576","3400","7103.301690730035","72.07915731189782","631.2959999999999","0","0","679.4181593861131","0.24164264442127215","Vector","44.01855092309498","22.717694677117038","1.2329999999999999","0","0","1.8541764645330332","0.4832852888425443","Vector"
"target-batch1","w8a16","bandwidth-constrained","2","matrix","1","0","true","","576","3400","6909.718429191575","74.09853313804324","154.94290285714285","62.91456000000004","92.02834285714287","485.834897847651","0.24164264442127215","Matrix;Vector","43.640458615402686","22.91451629353535","0.30262285714285714","0.12288000000000007","0.17974285714285718","1.4760841568407264","0.4832852888425443","Matrix;Vector"
"target-batch1","w8a16","bandwidth-constrained","2","matrix","2","0","true","","576","3400","6909.718429191575","74.09853313804324","217.85746285714293","125.82912000000007","92.02834285714287","485.834897847651","0.24164264442127215","Matrix;Vector","43.640458615402686","22.91451629353535","0.4255028571428573","0.24576000000000015","0.17974285714285718","1.4760841568407264","0.4832852888425443","Matrix;Vector"
"target-batch1","w8a16","bandwidth-constrained","2","matrix","4","0","true","","576","3400","6909.718429191575","74.09853313804324","343.68658285714275","251.65824000000015","92.02834285714287","485.834897847651","0.24164264442127215","Matrix;Vector","43.640458615402686","22.91451629353535","0.6712628571428569","0.4915200000000003","0.17974285714285718","1.4760841568407264","0.4832852888425443","Matrix;Vector"
"target-batch1","w8a16","bandwidth-constrained","2","matrix","8","0","true","","576","3400","7019.228354201066","72.942490849947","595.3448228571428","503.3164800000003","92.02834285714287","485.834897847651","0.24164264442127215","Matrix;Vector","43.640458615402686","22.91451629353535","1.1627828571428571","0.9830400000000006","0.17974285714285718","1.4760841568407264","0.4832852888425443","Matrix;Vector"
"target-batch1","w8a16","bandwidth-constrained","2","matrix","16","0","true","","576","3400","7522.544834201073","68.0620735781067","1098.661302857143","1006.6329600000006","92.02834285714287","485.834897847651","0.24164264442127215","Matrix;Vector","44.31019731570482","22.568168516044295","2.1458228571428575","1.9660800000000012","0.17974285714285718","1.4760841568407264","0.4832852888425443","Matrix;Vector"
"target-batch1","w8a16","bandwidth-constrained","2","matrix","32","0","true","","576","3400","8529.177794201096","60.02923287026608","2105.2942628571427","2013.2659200000012","92.02834285714287","485.834897847651","0.24164264442127215","Matrix;Vector","45.33601311469739","22.05751964713042","4.111902857142857","3.9321600000000023","0.17974285714285718","1.4760841568407264","0.4832852888425443","Matrix;Vector"
"target-batch1","w8a16","bandwidth-constrained","2","dedicated","","1","true","","704","4688","6706.993725629635","76.33822558137771","631.2959999999999","0","0","2.06579015534344","0.24164264442127215","Recurrent","43.397374458561956","23.042868663744887","1.2329999999999999","0","0","0.7198995414561107","0.4832852888425443","Recurrent"
"target-batch1","w8a16","bandwidth-constrained","2","dedicated","","2","true","","832","5976","6422.659752268485","79.71775241856172","315.64799999999997","0","0","2.06579015534344","0.24164264442127215","Recurrent","42.884274000018074","23.318571278589875","0.6164999999999999","0","0","0.7198995414561107","0.4832852888425443","Recurrent"
"target-batch1","w8a16","bandwidth-constrained","2","dedicated","","4","true","","1088","8552","6422.659752268485","79.71775241856172","157.82399999999998","0","0","2.06579015534344","0.24164264442127215","Recurrent","42.884274000018074","23.318571278589875","0.30824999999999997","0","0","0.7198995414561107","0.4832852888425443","Recurrent"
"target-batch1","w8a16","bandwidth-constrained","2","dedicated","","8","true","","1600","13704","6422.659752268485","79.7177524185617","78.91199999999999","0","0","2.06579015534344","0.24164264442127215","Recurrent","42.884274000018074","23.318571278589875","0.15412499999999998","0","0","0.7198995414561107","0.4832852888425443","Recurrent"
"target-batch1","w8a16","bandwidth-constrained","2","dedicated","","16","true","","2624","24008","6422.659752268485","79.71775241856172","39.455999999999996","0","0","2.06579015534344","0.24164264442127215","Recurrent","42.884274000018074","23.318571278589875","0.07706249999999999","0","0","0.7198995414561107","0.4832852888425443","Recurrent"
"target-batch1","w8a16","bandwidth-constrained","4","vector","","0","true","","1088","3912","3958.966330729941","129.32668712683878","631.2959999999999","0","0","679.4181593861131","0.24164264442127215","Vector","44.01855092309498","22.717694677117038","1.2329999999999999","0","0","1.8541764645330332","0.4832852888425443","Vector"
"target-batch1","w8a16","bandwidth-constrained","4","matrix","1","0","true","","1088","3912","3765.383069191481","135.97554102508323","123.4856228571429","31.45728000000002","92.02834285714287","485.834897847651","0.24164264442127215","Matrix;Vector","43.640458615402686","22.91451629353535","0.24118285714285723","0.061440000000000036","0.17974285714285718","1.4760841568407264","0.4832852888425443","Matrix;Vector"
"target-batch1","w8a16","bandwidth-constrained","4","matrix","2","0","true","","1088","3912","3765.383069191481","135.97554102508323","154.94290285714285","62.91456000000004","92.02834285714287","485.834897847651","0.24164264442127215","Matrix;Vector","43.640458615402686","22.91451629353535","0.30262285714285714","0.12288000000000007","0.17974285714285718","1.4760841568407264","0.4832852888425443","Matrix;Vector"
"target-batch1","w8a16","bandwidth-constrained","4","matrix","4","0","true","","1088","3912","3765.383069191481","135.97554102508323","217.85746285714293","125.82912000000007","92.02834285714287","485.834897847651","0.24164264442127215","Matrix;Vector","43.640458615402686","22.91451629353535","0.4255028571428573","0.24576000000000015","0.17974285714285718","1.4760841568407264","0.4832852888425443","Matrix;Vector"
"target-batch1","w8a16","bandwidth-constrained","4","matrix","8","0","true","","1088","3912","3765.383069191481","135.97554102508323","343.68658285714275","251.65824000000015","92.02834285714287","485.834897847651","0.24164264442127215","Matrix;Vector","43.640458615402686","22.91451629353535","0.6712628571428569","0.4915200000000003","0.17974285714285718","1.4760841568407264","0.4832852888425443","Matrix;Vector"
"target-batch1","w8a16","bandwidth-constrained","4","matrix","16","0","true","","1088","3912","3874.892994200971","132.13268102273824","595.3448228571428","503.3164800000003","92.02834285714287","485.834897847651","0.24164264442127215","Matrix;Vector","43.640458615402686","22.91451629353535","1.1627828571428571","0.9830400000000006","0.17974285714285718","1.4760841568407264","0.4832852888425443","Matrix;Vector"
"target-batch1","w8a16","bandwidth-constrained","4","matrix","32","0","true","","1088","3912","4378.209474200995","116.9427828926431","1098.661302857143","1006.6329600000006","92.02834285714287","485.834897847651","0.24164264442127215","Matrix;Vector","44.31019731570482","22.568168516044295","2.1458228571428575","1.9660800000000012","0.17974285714285718","1.4760841568407264","0.4832852888425443","Matrix;Vector"
"target-batch1","w8a16","bandwidth-constrained","4","dedicated","","1","true","","1216","5200","3732.8881256295444","137.15921366211643","631.2959999999999","0","0","2.06579015534344","0.24164264442127215","Recurrent","43.397374458561956","23.042868663744887","1.2329999999999999","0","0","0.7198995414561107","0.4832852888425443","Recurrent"
"target-batch1","w8a16","bandwidth-constrained","4","dedicated","","2","true","","1344","6488","3417.240125629547","149.82851107241868","315.64799999999997","0","0","2.06579015534344","0.24164264442127215","Recurrent","42.884274000018074","23.318571278589875","0.6164999999999999","0","0","0.7198995414561107","0.4832852888425443","Recurrent"
"target-batch1","w8a16","bandwidth-constrained","4","dedicated","","4","true","","1600","9064","3278.3243922684073","156.1773451118808","157.82399999999998","0","0","2.06579015534344","0.24164264442127215","Recurrent","42.884274000018074","23.318571278589875","0.30824999999999997","0","0","0.7198995414561107","0.4832852888425443","Recurrent"
"target-batch1","w8a16","bandwidth-constrained","4","dedicated","","8","true","","2112","14216","3278.3243922684073","156.17734511188078","78.91199999999999","0","0","2.06579015534344","0.24164264442127215","Recurrent","42.884274000018074","23.318571278589875","0.15412499999999998","0","0","0.7198995414561107","0.4832852888425443","Recurrent"
"target-batch1","w8a16","bandwidth-constrained","4","dedicated","","16","true","","3136","24520","3278.3243922684073","156.1773451118808","39.455999999999996","0","0","2.06579015534344","0.24164264442127215","Recurrent","42.884274000018074","23.318571278589875","0.07706249999999999","0","0","0.7198995414561107","0.4832852888425443","Recurrent"
"target-batch1","w8a16","bandwidth-constrained","8","vector","","0","true","","2112","4936","2386.798650729951","214.51327695506106","631.2959999999999","0","0","679.4181593861131","0.24164264442127215","Vector","44.01855092309498","22.717694677117038","1.2329999999999999","0","0","1.8541764645330332","0.4832852888425443","Vector"
"target-batch1","w8a16","bandwidth-constrained","8","matrix","1","0","true","","2112","4936","2193.21538919149","233.44720382832276","107.7569828571429","15.72864000000001","92.02834285714287","485.834897847651","0.24164264442127215","Matrix;Vector","43.640458615402686","22.91451629353535","0.21046285714285723","0.030720000000000018","0.17974285714285718","1.4760841568407264","0.4832852888425443","Matrix;Vector"
"target-batch1","w8a16","bandwidth-constrained","8","matrix","2","0","true","","2112","4936","2193.21538919149","233.44720382832276","123.4856228571429","31.45728000000002","92.02834285714287","485.834897847651","0.24164264442127215","Matrix;Vector","43.640458615402686","22.91451629353535","0.24118285714285723","0.061440000000000036","0.17974285714285718","1.4760841568407264","0.4832852888425443","Matrix;Vector"
"target-batch1","w8a16","bandwidth-constrained","8","matrix","4","0","true","","2112","4936","2193.21538919149","233.44720382832276","154.94290285714285","62.91456000000004","92.02834285714287","485.834897847651","0.24164264442127215","Matrix;Vector","43.640458615402686","22.91451629353535","0.30262285714285714","0.12288000000000007","0.17974285714285718","1.4760841568407264","0.4832852888425443","Matrix;Vector"
"target-batch1","w8a16","bandwidth-constrained","8","matrix","8","0","true","","2112","4936","2193.21538919149","233.44720382832276","217.85746285714293","125.82912000000007","92.02834285714287","485.834897847651","0.24164264442127215","Matrix;Vector","43.640458615402686","22.91451629353535","0.4255028571428573","0.24576000000000015","0.17974285714285718","1.4760841568407264","0.4832852888425443","Matrix;Vector"
"target-batch1","w8a16","bandwidth-constrained","8","matrix","16","0","true","","2112","4936","2193.21538919149","233.44720382832276","343.68658285714275","251.65824000000015","92.02834285714287","485.834897847651","0.24164264442127215","Matrix;Vector","43.640458615402686","22.91451629353535","0.6712628571428569","0.4915200000000003","0.17974285714285718","1.4760841568407264","0.4832852888425443","Matrix;Vector"
"target-batch1","w8a16","bandwidth-constrained","8","matrix","32","0","true","","2112","4936","2302.7253142009804","222.34523451081188","595.3448228571428","503.3164800000003","92.02834285714287","485.834897847651","0.24164264442127215","Matrix;Vector","43.640458615402686","22.91451629353535","1.1627828571428571","0.9830400000000006","0.17974285714285718","1.4760841568407264","0.4832852888425443","Matrix;Vector"
"target-batch1","w8a16","bandwidth-constrained","8","dedicated","","1","true","","2240","6224","2245.8353256295536","227.97753430852097","631.2959999999999","0","0","2.06579015534344","0.24164264442127215","Recurrent","43.397374458561956","23.042868663744887","1.2329999999999999","0","0","0.7198995414561107","0.4832852888425443","Recurrent"
"target-batch1","w8a16","bandwidth-constrained","8","dedicated","","2","true","","2368","7512","1930.1873256295582","265.25922805601465","315.64799999999997","0","0","2.06579015534344","0.24164264442127215","Recurrent","42.884274000018074","23.318571278589875","0.6164999999999999","0","0","0.7198995414561107","0.4832852888425443","Recurrent"
"target-batch1","w8a16","bandwidth-constrained","8","dedicated","","4","true","","2624","10088","1772.3633256295625","288.87982085621866","157.82399999999998","0","0","2.06579015534344","0.24164264442127215","Recurrent","42.884274000018074","23.318571278589875","0.30824999999999997","0","0","0.7198995414561107","0.4832852888425443","Recurrent"
"target-batch1","w8a16","bandwidth-constrained","8","dedicated","","8","true","","3136","15240","1706.1567122684228","300.08966721425594","78.91199999999999","0","0","2.06579015534344","0.24164264442127215","Recurrent","42.884274000018074","23.318571278589875","0.15412499999999998","0","0","0.7198995414561107","0.4832852888425443","Recurrent"
"target-batch1","w8a16","bandwidth-constrained","8","dedicated","","16","true","","4160","25544","1706.1567122684228","300.08966721425594","39.455999999999996","0","0","2.06579015534344","0.24164264442127215","Recurrent","42.884274000018074","23.318571278589875","0.07706249999999999","0","0","0.7198995414561107","0.4832852888425443","Recurrent"
"target-batch1","w8a16","bandwidth-constrained","16","vector","","0","true","","4160","6984","1600.7148107299638","319.8571016947834","631.2959999999999","0","0","679.4181593861131","0.24164264442127215","Vector","44.01855092309498","22.717694677117038","1.2329999999999999","0","0","1.8541764645330332","0.4832852888425443","Vector"
"target-batch1","w8a16","bandwidth-constrained","16","matrix","1","0","true","","4160","6984","1407.1315491915075","363.8607920447656","99.8926628571429","7.864320000000005","92.02834285714287","485.834897847651","0.24164264442127215","Matrix;Vector","43.640458615402686","22.91451629353535","0.19510285714285722","0.015360000000000009","0.17974285714285718","1.4760841568407264","0.4832852888425443","Matrix;Vector"
"target-batch1","w8a16","bandwidth-constrained","16","matrix","2","0","true","","4160","6984","1407.1315491915075","363.8607920447656","107.7569828571429","15.72864000000001","92.02834285714287","485.834897847651","0.24164264442127215","Matrix;Vector","43.640458615402686","22.91451629353535","0.21046285714285723","0.030720000000000018","0.17974285714285718","1.4760841568407264","0.4832852888425443","Matrix;Vector"
"target-batch1","w8a16","bandwidth-constrained","16","matrix","4","0","true","","4160","6984","1407.1315491915075","363.8607920447656","123.4856228571429","31.45728000000002","92.02834285714287","485.834897847651","0.24164264442127215","Matrix;Vector","43.640458615402686","22.91451629353535","0.24118285714285723","0.061440000000000036","0.17974285714285718","1.4760841568407264","0.4832852888425443","Matrix;Vector"
"target-batch1","w8a16","bandwidth-constrained","16","matrix","8","0","true","","4160","6984","1407.1315491915075","363.8607920447656","154.94290285714285","62.91456000000004","92.02834285714287","485.834897847651","0.24164264442127215","Matrix;Vector","43.640458615402686","22.91451629353535","0.30262285714285714","0.12288000000000007","0.17974285714285718","1.4760841568407264","0.4832852888425443","Matrix;Vector"
"target-batch1","w8a16","bandwidth-constrained","16","matrix","16","0","true","","4160","6984","1407.1315491915075","363.8607920447656","217.85746285714293","125.82912000000007","92.02834285714287","485.834897847651","0.24164264442127215","Matrix;Vector","43.640458615402686","22.91451629353535","0.4255028571428573","0.24576000000000015","0.17974285714285718","1.4760841568407264","0.4832852888425443","Matrix;Vector"
"target-batch1","w8a16","bandwidth-constrained","16","matrix","32","0","true","","4160","6984","1407.1315491915075","363.8607920447656","343.68658285714275","251.65824000000015","92.02834285714287","485.834897847651","0.24164264442127215","Matrix;Vector","43.640458615402686","22.91451629353535","0.6712628571428569","0.4915200000000003","0.17974285714285718","1.4760841568407264","0.4832852888425443","Matrix;Vector"
"target-batch1","w8a16","bandwidth-constrained","16","dedicated","","1","true","","4288","8272","1502.308925629569","340.80873198928595","631.2959999999999","0","0","2.06579015534344","0.24164264442127215","Recurrent","43.397374458561956","23.042868663744887","1.2329999999999999","0","0","0.7198995414561107","0.4832852888425443","Recurrent"
"target-batch1","w8a16","bandwidth-constrained","16","dedicated","","2","true","","4416","9560","1186.660925629579","431.46276155369327","315.64799999999997","0","0","2.06579015534344","0.24164264442127215","Recurrent","42.884274000018074","23.318571278589875","0.6164999999999999","0","0","0.7198995414561107","0.4832852888425443","Recurrent"
"target-batch1","w8a16","bandwidth-constrained","16","dedicated","","4","true","","4672","12136","1028.8369256295864","497.64932346949615","157.82399999999998","0","0","2.06579015534344","0.24164264442127215","Recurrent","42.884274000018074","23.318571278589875","0.30824999999999997","0","0","0.7198995414561107","0.4832852888425443","Recurrent"
"target-batch1","w8a16","bandwidth-constrained","16","dedicated","","8","true","","5184","17288","949.924925629587","538.9899624548318","78.91199999999999","0","0","2.06579015534344","0.24164264442127215","Recurrent","42.884274000018074","23.318571278589875","0.15412499999999998","0","0","0.7198995414561107","0.4832852888425443","Recurrent"
"target-batch1","w8a16","bandwidth-constrained","16","dedicated","","16","true","","6208","27592","920.0728722684456","556.4776610983656","39.455999999999996","0","0","2.06579015534344","0.24164264442127215","Recurrent","42.884274000018074","23.318571278589875","0.07706249999999999","0","0","0.7198995414561107","0.4832852888425443","Recurrent"
"target-batch1","w8a16","middle","1","vector","","0","true","","320","3144","12659.816348389153","40.44292475578821","631.2959999999999","0","0","169.85453984652827","0.08054754814042406","Vector","35.545437345776634","28.13300594031982","1.2329999999999999","0","0","0.4635441161332583","0.16109509628084812","Vector"
"target-batch1","w8a16","middle","1","matrix","1","0","true","","320","3144","12924.770029927628","39.613857640364294","217.85746285714293","125.82912000000007","92.02834285714287","121.45872446191275","0.08054754814042406","Matrix;Vector","35.61131147140159","28.08096525181531","0.4255028571428573","0.24576000000000015","0.17974285714285718","0.3690210392101816","0.16109509628084812","Matrix;Vector"
"target-batch1","w8a16","middle","1","matrix","2","0","true","","320","3144","13050.599149927633","39.231915264429766","343.68658285714275","251.65824000000015","92.02834285714287","121.45872446191275","0.08054754814042406","Matrix;Vector","35.85707147140161","27.88850173661188","0.6712628571428569","0.4915200000000003","0.17974285714285718","0.3690210392101816","0.16109509628084812","Matrix;Vector"
"target-batch1","w8a16","middle","1","matrix","4","0","true","","320","3144","13302.25738992763","38.489707798593834","595.3448228571428","503.3164800000003","92.02834285714287","121.45872446191275","0.08054754814042406","Matrix;Vector","36.34859147140159","27.511382409048277","1.1627828571428571","0.9830400000000006","0.17974285714285718","0.3690210392101816","0.16109509628084812","Matrix;Vector"
"target-batch1","w8a16","middle","1","matrix","8","0","true","","320","3144","13805.573869927637","37.086469915986456","1098.661302857143","1006.6329600000006","92.02834285714287","121.45872446191275","0.08054754814042406","Matrix;Vector","37.3316314714016","26.786935383899937","2.1458228571428575","1.9660800000000012","0.17974285714285718","0.3690210392101816","0.16109509628084812","Matrix;Vector"
"target-batch1","w8a16","middle","1","matrix","16","0","true","","320","3144","14812.20682992764","34.56608497833818","2105.2942628571427","2013.2659200000012","92.02834285714287","121.45872446191275","0.08054754814042406","Matrix;Vector","39.297711471401605","25.446774444556063","4.111902857142857","3.9321600000000023","0.17974285714285718","0.3690210392101816","0.16109509628084812","Matrix;Vector"
"target-batch1","w8a16","middle","1","matrix","32","0","true","","320","3144","16825.472749927638","30.430051363769376","4118.5601828571425","4026.5318400000024","92.02834285714287","121.45872446191275","0.08054754814042406","Matrix;Vector","43.229871471401594","23.132152975785335","8.044062857142857","7.864320000000005","0.17974285714285718","0.3690210392101816","0.16109509628084812","Matrix;Vector"
"target-batch1","w8a16","middle","1","dedicated","","1","true","","448","4432","12659.816348389153","40.44292475578821","631.2959999999999","0","0","0.51644753883586","0.08054754814042406","Recurrent","35.261868115007395","28.359246218563264","1.2329999999999999","0","0","0.17997488536402767","0.16109509628084812","Recurrent"
"target-batch1","w8a16","middle","1","dedicated","","2","true","","576","5720","12659.816348389153","40.44292475578821","315.64799999999997","0","0","0.51644753883586","0.08054754814042406","Recurrent","35.261868115007395","28.359246218563264","0.6164999999999999","0","0","0.17997488536402767","0.16109509628084812","Recurrent"
"target-batch1","w8a16","middle","1","dedicated","","4","true","","832","8296","12659.816348389153","40.442924755788205","157.82399999999998","0","0","0.51644753883586","0.08054754814042406","Recurrent","35.49405861425874","28.1737293237657","0.30824999999999997","0","0","0.17997488536402767","0.16109509628084812","Recurrent"
"target-batch1","w8a16","middle","1","dedicated","","8","true","","1344","13448","12659.816348389153","40.442924755788205","78.91199999999999","0","0","0.51644753883586","0.08054754814042406","Recurrent","35.36578349962277","28.275918162838565","0.15412499999999998","0","0","0.17997488536402767","0.16109509628084812","Recurrent"
"target-batch1","w8a16","middle","1","dedicated","","16","true","","2368","23752","12659.816348389153","40.44292475578821","39.455999999999996","0","0","0.51644753883586","0.08054754814042406","Recurrent","35.36578349962277","28.275918162838565","0.07706249999999999","0","0","0.17997488536402767","0.16109509628084812","Recurrent"
"target-batch1","w8a16","middle","2","vector","","0","true","","576","3400","6705.114108633283","76.35962516145187","631.2959999999999","0","0","169.85453984652827","0.08054754814042406","Vector","18.497486649209947","54.06139866265082","1.2329999999999999","0","0","0.4635441161332583","0.16109509628084812","Vector"
"target-batch1","w8a16","middle","2","matrix","1","0","true","","576","3400","6568.709829292618","77.94529113111045","154.94290285714285","62.91456000000004","92.02834285714287","121.45872446191275","0.08054754814042406","Matrix;Vector","18.270466137748567","54.733141040879204","0.30262285714285714","0.12288000000000007","0.17974285714285718","0.3690210392101816","0.16109509628084812","Matrix;Vector"
"target-batch1","w8a16","middle","2","matrix","2","0","true","","576","3400","6631.6243892926195","77.20582016476567","217.85746285714293","125.82912000000007","92.02834285714287","121.45872446191275","0.08054754814042406","Matrix;Vector","18.32694795568125","54.564458982380955","0.4255028571428573","0.24576000000000015","0.17974285714285718","0.3690210392101816","0.16109509628084812","Matrix;Vector"
"target-batch1","w8a16","middle","2","matrix","4","0","true","","576","3400","6757.453509292623","75.76818683190567","343.68658285714275","251.65824000000015","92.02834285714287","121.45872446191275","0.08054754814042406","Matrix;Vector","18.57270795568123","53.842444644379846","0.6712628571428569","0.4915200000000003","0.17974285714285718","0.3690210392101816","0.16109509628084812","Matrix;Vector"
"target-batch1","w8a16","middle","2","matrix","8","0","true","","576","3400","7009.111749292627","73.04777243017591","595.3448228571428","503.3164800000003","92.02834285714287","121.45872446191275","0.08054754814042406","Matrix;Vector","19.064227955681226","52.45426157957766","1.1627828571428571","0.9830400000000006","0.17974285714285718","0.3690210392101816","0.16109509628084812","Matrix;Vector"
"target-batch1","w8a16","middle","2","matrix","16","0","true","","576","3400","7512.428229292632","68.15372930999831","1098.661302857143","1006.6329600000006","92.02834285714287","121.45872446191275","0.08054754814042406","Matrix;Vector","20.047267955681207","49.88210873475202","2.1458228571428575","1.9660800000000012","0.17974285714285718","0.3690210392101816","0.16109509628084812","Matrix;Vector"
"target-batch1","w8a16","middle","2","matrix","32","0","true","","576","3400","8519.061189292659","60.100519132732224","2105.2942628571427","2013.2659200000012","92.02834285714287","121.45872446191275","0.08054754814042406","Matrix;Vector","22.013347955681212","45.42698375609512","4.111902857142857","3.9321600000000023","0.17974285714285718","0.3690210392101816","0.16109509628084812","Matrix;Vector"
"target-batch1","w8a16","middle","2","dedicated","","1","true","","704","4688","6697.390222918998","76.44768827235056","631.2959999999999","0","0","0.51644753883586","0.08054754814042406","Recurrent","18.497486649209947","54.06139866265082","1.2329999999999999","0","0","0.17997488536402767","0.16109509628084812","Recurrent"
"target-batch1","w8a16","middle","2","dedicated","","2","true","","832","5976","6381.7422229189915","80.22887514341069","315.64799999999997","0","0","0.51644753883586","0.08054754814042406","Recurrent","18.00752907146767","55.53232739657029","0.6164999999999999","0","0","0.17997488536402767","0.16109509628084812","Recurrent"
"target-batch1","w8a16","middle","2","dedicated","","4","true","","1088","8552","6366.731050611285","80.41803492717689","157.82399999999998","0","0","0.51644753883586","0.08054754814042406","Recurrent","18.209695098538386","54.91580142274132","0.30824999999999997","0","0","0.17997488536402767","0.16109509628084812","Recurrent"
"target-batch1","w8a16","middle","2","dedicated","","8","true","","1600","13704","6366.731050611285","80.41803492717689","78.91199999999999","0","0","0.51644753883586","0.08054754814042406","Recurrent","18.081419983902414","55.30539088690397","0.15412499999999998","0","0","0.17997488536402767","0.16109509628084812","Recurrent"
"target-batch1","w8a16","middle","2","dedicated","","16","true","","2624","24008","6366.731050611285","80.41803492717689","39.455999999999996","0","0","0.51644753883586","0.08054754814042406","Recurrent","18.081419983902414","55.30539088690397","0.07706249999999999","0","0","0.17997488536402767","0.16109509628084812","Recurrent"
"target-batch1","w8a16","middle","4","vector","","0","true","","1088","3912","3729.2227373511564","137.294025071742","631.2959999999999","0","0","169.85453984652827","0.08054754814042406","Vector","11.647167674851135","85.85778344714878","1.2329999999999999","0","0","0.4635441161332583","0.16109509628084812","Vector"
"target-batch1","w8a16","middle","4","matrix","1","0","true","","1088","3912","3391.131418010496","150.98205787034328","123.4856228571429","31.45728000000002","92.02834285714287","121.45872446191275","0.08054754814042406","Matrix;Vector","11.404080502065","87.68791134181528","0.24118285714285723","0.061440000000000036","0.17974285714285718","0.3690210392101816","0.16109509628084812","Matrix;Vector"
"target-batch1","w8a16","middle","4","matrix","2","0","true","","1088","3912","3422.5886980104974","149.59436998597533","154.94290285714285","62.91456000000004","92.02834285714287","121.45872446191275","0.08054754814042406","Matrix;Vector","11.404080502065","87.68791134181528","0.30262285714285714","0.12288000000000007","0.17974285714285718","0.3690210392101816","0.16109509628084812","Matrix;Vector"
"target-batch1","w8a16","middle","4","matrix","4","0","true","","1088","3912","3485.5032580104953","146.89413898073548","217.85746285714293","125.82912000000007","92.02834285714287","121.45872446191275","0.08054754814042406","Matrix;Vector","11.460562319997669","87.2557534332402","0.4255028571428573","0.24576000000000015","0.17974285714285718","0.3690210392101816","0.16109509628084812","Matrix;Vector"
"target-batch1","w8a16","middle","4","matrix","8","0","true","","1088","3912","3611.332378010497","141.77592821906458","343.68658285714275","251.65824000000015","92.02834285714287","121.45872446191275","0.08054754814042406","Matrix;Vector","11.469440605254075","87.18821034235154","0.6712628571428569","0.4915200000000003","0.17974285714285718","0.3690210392101816","0.16109509628084812","Matrix;Vector"
"target-batch1","w8a16","middle","4","matrix","16","0","true","","1088","3912","3862.9906180104945","132.5397989870575","595.3448228571428","503.3164800000003","92.02834285714287","121.45872446191275","0.08054754814042406","Matrix;Vector","11.96096060525405","83.60532510747785","1.1627828571428571","0.9830400000000006","0.17974285714285718","0.3690210392101816","0.16109509628084812","Matrix;Vector"
"target-batch1","w8a16","middle","4","matrix","32","0","true","","1088","3912","4366.307098010514","117.2615641793245","1098.661302857143","1006.6329600000006","92.02834285714287","121.45872446191275","0.08054754814042406","Matrix;Vector","12.94400060525401","77.25586783378988","2.1458228571428575","1.9660800000000012","0.17974285714285718","0.3690210392101816","0.16109509628084812","Matrix;Vector"
"target-batch1","w8a16","middle","4","dedicated","","1","true","","1216","5200","3721.49885163687","137.57897567932906","631.2959999999999","0","0","0.51644753883586","0.08054754814042406","Recurrent","11.647167674851135","85.85778344714878","1.2329999999999999","0","0","0.17997488536402767","0.16109509628084812","Recurrent"
"target-batch1","w8a16","middle","4","dedicated","","2","true","","1344","6488","3405.8508516368724","150.32954239729247","315.64799999999997","0","0","0.51644753883586","0.08054754814042406","Recurrent","11.030667674851177","90.65634370255758","0.6164999999999999","0","0","0.17997488536402767","0.16109509628084812","Recurrent"
"target-batch1","w8a16","middle","4","dedicated","","4","true","","1600","9064","3248.0268516368733","157.63416479822908","157.82399999999998","0","0","0.51644753883586","0.08054754814042406","Recurrent","11.34330946285482","88.1576935967967","0.30824999999999997","0","0","0.17997488536402767","0.16109509628084812","Recurrent"
"target-batch1","w8a16","middle","4","dedicated","","8","true","","2112","14216","3211.4827384775326","159.4279159173447","78.91199999999999","0","0","0.51644753883586","0.08054754814042406","Recurrent","11.215034348218854","89.16602205135624","0.15412499999999998","0","0","0.17997488536402767","0.16109509628084812","Recurrent"
"target-batch1","w8a16","middle","4","dedicated","","16","true","","3136","24520","3211.4827384775326","159.4279159173447","39.455999999999996","0","0","0.51644753883586","0.08054754814042406","Recurrent","11.215034348218854","89.16602205135624","0.07706249999999999","0","0","0.17997488536402767","0.16109509628084812","Recurrent"
"target-batch1","w8a16","middle","8","vector","","0","true","","2112","4936","2242.1699373511624","228.3502206816949","631.2959999999999","0","0","169.85453984652827","0.08054754814042406","Vector","11.513448700492168","86.85494902645918","1.2329999999999999","0","0","0.4635441161332583","0.16109509628084812","Vector"
"target-batch1","w8a16","middle","8","matrix","1","0","true","","2112","4936","1816.9368396152784","281.792954403639","107.7569828571429","15.72864000000001","92.02834285714287","121.45872446191275","0.08054754814042406","Matrix;Vector","11.101160302889186","90.08067379584999","0.21046285714285723","0.030720000000000018","0.17974285714285718","0.3690210392101816","0.16109509628084812","Matrix;Vector"
"target-batch1","w8a16","middle","8","matrix","2","0","true","","2112","4936","1818.9637380105073","281.4789483159243","123.4856228571429","31.45728000000002","92.02834285714287","121.45872446191275","0.08054754814042406","Matrix;Vector","11.101160302889186","90.08067379584999","0.24118285714285723","0.061440000000000036","0.17974285714285718","0.3690210392101816","0.16109509628084812","Matrix;Vector"
"target-batch1","w8a16","middle","8","matrix","4","0","true","","2112","4936","1850.421018010507","276.6937875308401","154.94290285714285","62.91456000000004","92.02834285714287","121.45872446191275","0.08054754814042406","Matrix;Vector","11.101160302889186","90.08067379584999","0.30262285714285714","0.12288000000000007","0.17974285714285718","0.3690210392101816","0.16109509628084812","Matrix;Vector"
"target-batch1","w8a16","middle","8","matrix","8","0","true","","2112","4936","1913.3355780105078","267.59550487864715","217.85746285714293","125.82912000000007","92.02834285714287","121.45872446191275","0.08054754814042406","Matrix;Vector","11.157642120821857","89.62467062228569","0.4255028571428573","0.24576000000000015","0.17974285714285718","0.3690210392101816","0.16109509628084812","Matrix;Vector"
"target-batch1","w8a16","middle","8","matrix","16","0","true","","2112","4936","2039.1646980105045","251.08320112619097","343.68658285714275","251.65824000000015","92.02834285714287","121.45872446191275","0.08054754814042406","Matrix;Vector","11.335721630895119","88.21670402301821","0.6712628571428569","0.4915200000000003","0.17974285714285718","0.3690210392101816","0.16109509628084812","Matrix;Vector"
"target-batch1","w8a16","middle","8","matrix","32","0","true","","2112","4936","2290.822938010502","223.50046854544496","595.3448228571428","503.3164800000003","92.02834285714287","121.45872446191275","0.08054754814042406","Matrix;Vector","11.827241630895083","84.55056818893452","1.1627828571428571","0.9830400000000006","0.17974285714285718","0.3690210392101816","0.16109509628084812","Matrix;Vector"
"target-batch1","w8a16","middle","8","dedicated","","1","true","","2240","6224","2234.446051636877","229.13956666124326","631.2959999999999","0","0","0.51644753883586","0.08054754814042406","Recurrent","11.513448700492168","86.85494902645918","1.2329999999999999","0","0","0.17997488536402767","0.16109509628084812","Recurrent"
"target-batch1","w8a16","middle","8","dedicated","","2","true","","2368","7512","1918.798051636882","266.83370850998347","315.64799999999997","0","0","0.51644753883586","0.08054754814042406","Recurrent","10.896948700492212","91.7688086349191","0.6164999999999999","0","0","0.17997488536402767","0.16109509628084812","Recurrent"
"target-batch1","w8a16","middle","8","dedicated","","4","true","","2624","10088","1760.9740516368865","290.7481796929819","157.82399999999998","0","0","0.51644753883586","0.08054754814042406","Recurrent","11.040389263679012","90.57651647209836","0.30824999999999997","0","0","0.17997488536402767","0.16109509628084812","Recurrent"
"target-batch1","w8a16","middle","8","dedicated","","8","true","","3136","15240","1682.0620516368874","304.3882950107284","78.91199999999999","0","0","0.51644753883586","0.08054754814042406","Recurrent","10.91211414904305","91.6412700913412","0.15412499999999998","0","0","0.17997488536402767","0.16109509628084812","Recurrent"
"target-batch1","w8a16","middle","8","dedicated","","16","true","","4160","25544","1642.6060516368882","311.69981353093294","39.455999999999996","0","0","0.51644753883586","0.08054754814042406","Recurrent","10.91211414904305","91.6412700913412","0.07706249999999999","0","0","0.17997488536402767","0.16109509628084812","Recurrent"
"target-batch1","w8a16","middle","16","vector","","0","true","","4160","6984","1498.6435373511786","341.64228333106445","631.2959999999999","0","0","169.85453984652827","0.08054754814042406","Vector","11.513448700492168","86.85494902645918","1.2329999999999999","0","0","0.4635441161332583","0.16109509628084812","Vector"
"target-batch1","w8a16","middle","16","matrix","1","0","true","","4160","6984","988.806261813112","517.7960736830062","99.8926628571429","7.864320000000005","92.02834285714287","121.45872446191275","0.08054754814042406","Matrix;Vector","11.101160302889186","90.08067379584999","0.19510285714285722","0.015360000000000009","0.17974285714285718","0.3690210392101816","0.16109509628084812","Matrix;Vector"
"target-batch1","w8a16","middle","16","matrix","2","0","true","","4160","6984","988.806261813112","517.7960736830062","107.7569828571429","15.72864000000001","92.02834285714287","121.45872446191275","0.08054754814042406","Matrix;Vector","11.101160302889186","90.08067379584999","0.21046285714285723","0.030720000000000018","0.17974285714285718","0.3690210392101816","0.16109509628084812","Matrix;Vector"
"target-batch1","w8a16","middle","16","matrix","4","0","true","","4160","6984","990.8331602083418","516.7368438621312","123.4856228571429","31.45728000000002","92.02834285714287","121.45872446191275","0.08054754814042406","Matrix;Vector","11.101160302889186","90.08067379584999","0.24118285714285723","0.061440000000000036","0.17974285714285718","0.3690210392101816","0.16109509628084812","Matrix;Vector"
"target-batch1","w8a16","middle","16","matrix","8","0","true","","4160","6984","1014.5665544940551","504.6490028003383","154.94290285714285","62.91456000000004","92.02834285714287","121.45872446191275","0.08054754814042406","Matrix;Vector","11.101160302889186","90.08067379584999","0.30262285714285714","0.12288000000000007","0.17974285714285718","0.3690210392101816","0.16109509628084812","Matrix;Vector"
"target-batch1","w8a16","middle","16","matrix","16","0","true","","4160","6984","1077.4811144940518","475.18234251411235","217.85746285714293","125.82912000000007","92.02834285714287","121.45872446191275","0.08054754814042406","Matrix;Vector","11.157642120821857","89.62467062228569","0.4255028571428573","0.24576000000000015","0.17974285714285718","0.3690210392101816","0.16109509628084812","Matrix;Vector"
"target-batch1","w8a16","middle","16","matrix","32","0","true","","4160","6984","1203.3102344940462","425.4929321824307","343.68658285714275","251.65824000000015","92.02834285714287","121.45872446191275","0.08054754814042406","Matrix;Vector","11.335721630895119","88.21670402301821","0.6712628571428569","0.4915200000000003","0.17974285714285718","0.3690210392101816","0.16109509628084812","Matrix;Vector"
"target-batch1","w8a16","middle","16","dedicated","","1","true","","4288","8272","1490.9196516368934","343.412201615205","631.2959999999999","0","0","0.51644753883586","0.08054754814042406","Recurrent","11.513448700492168","86.85494902645918","1.2329999999999999","0","0","0.17997488536402767","0.16109509628084812","Recurrent"
"target-batch1","w8a16","middle","16","dedicated","","2","true","","4416","9560","1175.2716516369044","435.6439630675108","315.64799999999997","0","0","0.51644753883586","0.08054754814042406","Recurrent","10.896948700492212","91.7688086349191","0.6164999999999999","0","0","0.17997488536402767","0.16109509628084812","Recurrent"
"target-batch1","w8a16","middle","16","dedicated","","4","true","","4672","12136","1017.4476516369126","503.21999286771444","157.82399999999998","0","0","0.51644753883586","0.08054754814042406","Recurrent","11.040389263679012","90.57651647209836","0.30824999999999997","0","0","0.17997488536402767","0.16109509628084812","Recurrent"
"target-batch1","w8a16","middle","16","dedicated","","8","true","","5184","17288","938.5356516369136","545.5306882663577","78.91199999999999","0","0","0.51644753883586","0.08054754814042406","Recurrent","10.91211414904305","91.6412700913412","0.15412499999999998","0","0","0.17997488536402767","0.16109509628084812","Recurrent"
"target-batch1","w8a16","middle","16","dedicated","","16","true","","6208","27592","899.0796516369124","569.4712354659852","39.455999999999996","0","0","0.51644753883586","0.08054754814042406","Recurrent","10.91211414904305","91.6412700913412","0.07706249999999999","0","0","0.17997488536402767","0.16109509628084812","Recurrent"
"target-batch1","w8a16","f2-ceiling","1","vector","","0","true","","320","3144","12659.349451123975","40.44441635620869","631.2959999999999","0","0","84.92726992326413","0.05253100965679828","Vector","35.310079809516324","28.32052505671462","1.2329999999999999","0","0","0.23177205806662915","0.10506201931359656","Vector"
"target-batch1","w8a16","f2-ceiling","1","matrix","1","0","true","","320","3144","12924.533060147414","39.6145839557441","217.85746285714293","125.82912000000007","92.02834285714287","60.729362230956376","0.05253100965679828","Matrix;Vector","35.56026830090022","28.1212726388424","0.4255028571428573","0.24576000000000015","0.17974285714285718","0.1845105196050908","0.10506201931359656","Matrix;Vector"
"target-batch1","w8a16","f2-ceiling","1","matrix","2","0","true","","320","3144","13050.362180147418","39.23262764146645","343.68658285714275","251.65824000000015","92.02834285714287","60.729362230956376","0.05253100965679828","Matrix;Vector","35.80602830090024","27.92825810213801","0.6712628571428569","0.4915200000000003","0.17974285714285718","0.1845105196050908","0.10506201931359656","Matrix;Vector"
"target-batch1","w8a16","f2-ceiling","1","matrix","4","0","true","","320","3144","13302.020420147417","38.49039347620591","595.3448228571428","503.3164800000003","92.02834285714287","60.729362230956376","0.05253100965679828","Matrix;Vector","36.29754830090021","27.550070095924333","1.1627828571428571","0.9830400000000006","0.17974285714285718","0.1845105196050908","0.10506201931359656","Matrix;Vector"
"target-batch1","w8a16","f2-ceiling","1","matrix","8","0","true","","320","3144","13805.336900147424","37.08710650839187","1098.661302857143","1006.6329600000006","92.02834285714287","60.729362230956376","0.05253100965679828","Matrix;Vector","37.280588300900234","26.823611041992397","2.1458228571428575","1.9660800000000012","0.17974285714285718","0.1845105196050908","0.10506201931359656","Matrix;Vector"
"target-batch1","w8a16","f2-ceiling","1","matrix","16","0","true","","320","3144","14811.96986014743","34.5666379849698","2105.2942628571427","2013.2659200000012","92.02834285714287","60.729362230956376","0.05253100965679828","Matrix;Vector","39.246668300900225","25.479869841004117","4.111902857142857","3.9321600000000023","0.17974285714285718","0.1845105196050908","0.10506201931359656","Matrix;Vector"
"target-batch1","w8a16","f2-ceiling","1","matrix","32","0","true","","320","3144","16825.23578014743","30.430479946327004","4118.5601828571425","4026.5318400000024","92.02834285714287","60.729362230956376","0.05253100965679828","Matrix;Vector","43.178828300900214","23.159498285393525","8.044062857142857","7.864320000000005","0.17974285714285718","0.1845105196050908","0.10506201931359656","Matrix;Vector"
"target-batch1","w8a16","f2-ceiling","1","dedicated","","1","true","","448","4432","12659.349451123975","40.44441635620869","631.2959999999999","0","0","0.25822376941793","0.05253100965679828","Recurrent","35.1833697707633","28.422519119558032","1.2329999999999999","0","0","0.08998744268201384","0.10506201931359656","Recurrent"
"target-batch1","w8a16","f2-ceiling","1","dedicated","","2","true","","576","5720","12659.349451123975","40.44441635620869","315.64799999999997","0","0","0.25822376941793","0.05253100965679828","Recurrent","35.1833697707633","28.422519119558032","0.6164999999999999","0","0","0.08998744268201384","0.10506201931359656","Recurrent"
"target-batch1","w8a16","f2-ceiling","1","dedicated","","4","true","","832","8296","12659.349451123975","40.44441635620869","157.82399999999998","0","0","0.25822376941793","0.05253100965679828","Recurrent","35.1833697707633","28.422519119558032","0.30824999999999997","0","0","0.08998744268201384","0.10506201931359656","Recurrent"
"target-batch1","w8a16","f2-ceiling","1","dedicated","","8","true","","1344","13448","12659.349451123975","40.44441635620869","78.91199999999999","0","0","0.25822376941793","0.05253100965679828","Recurrent","35.288890443757374","28.33753023756236","0.15412499999999998","0","0","0.08998744268201384","0.10506201931359656","Recurrent"
"target-batch1","w8a16","f2-ceiling","1","dedicated","","16","true","","2368","23752","12659.349451123975","40.44441635620869","39.455999999999996","0","0","0.25822376941793","0.05253100965679828","Recurrent","35.23982746307098","28.376983430124174","0.07706249999999999","0","0","0.08998744268201384","0.10506201931359656","Recurrent"
"target-batch1","w8a16","f2-ceiling","2","vector","","0","true","","576","3400","6705.032016325588","76.36056006196077","631.2959999999999","0","0","84.92726992326413","0.05253100965679828","Vector","18.39021055975254","54.37675641346523","1.2329999999999999","0","0","0.23177205806662915","0.10506201931359656","Vector"
"target-batch1","w8a16","f2-ceiling","2","matrix","1","0","true","","576","3400","6568.533202369538","77.947387068897","154.94290285714285","62.91456000000004","92.02834285714287","60.729362230956376","0.05253100965679828","Matrix;Vector","18.13406385645583","55.1448372474984","0.30262285714285714","0.12288000000000007","0.17974285714285718","0.1845105196050908","0.10506201931359656","Matrix;Vector"
"target-batch1","w8a16","f2-ceiling","2","matrix","2","0","true","","576","3400","6631.447762369539","77.2078765221326","217.85746285714293","125.82912000000007","92.02834285714287","60.729362230956376","0.05253100965679828","Matrix;Vector","18.25694385645583","54.77367996869807","0.4255028571428573","0.24576000000000015","0.17974285714285718","0.1845105196050908","0.10506201931359656","Matrix;Vector"
"target-batch1","w8a16","f2-ceiling","2","matrix","4","0","true","","576","3400","6757.276882369542","75.77016731930324","343.68658285714275","251.65824000000015","92.02834285714287","60.729362230956376","0.05253100965679828","Matrix;Vector","18.502703856455817","54.04615497053895","0.6712628571428569","0.4915200000000003","0.17974285714285718","0.1845105196050908","0.10506201931359656","Matrix;Vector"
"target-batch1","w8a16","f2-ceiling","2","matrix","8","0","true","","576","3400","7008.935122369547","73.04961325236316","595.3448228571428","503.3164800000003","92.02834285714287","60.729362230956376","0.05253100965679828","Matrix;Vector","18.99422385645581","52.64758421071873","1.1627828571428571","0.9830400000000006","0.17974285714285718","0.1845105196050908","0.10506201931359656","Matrix;Vector"
"target-batch1","w8a16","f2-ceiling","2","matrix","16","0","true","","576","3400","7512.251602369551","68.15533173017029","1098.661302857143","1006.6329600000006","92.02834285714287","60.729362230956376","0.05253100965679828","Matrix;Vector","19.97726385645579","50.05690504892856","2.1458228571428575","1.9660800000000012","0.17974285714285718","0.1845105196050908","0.10506201931359656","Matrix;Vector"
"target-batch1","w8a16","f2-ceiling","2","matrix","32","0","true","","576","3400","8518.884562369578","60.10176523129034","2105.2942628571427","2013.2659200000012","92.02834285714287","60.729362230956376","0.05253100965679828","Matrix;Vector","21.943343856455797","45.57190583812489","4.111902857142857","3.9321600000000023","0.17974285714285718","0.1845105196050908","0.10506201931359656","Matrix;Vector"
"target-batch1","w8a16","f2-ceiling","2","dedicated","","1","true","","704","4688","6697.308130611303","76.44862533049779","631.2959999999999","0","0","0.25822376941793","0.05253100965679828","Recurrent","18.39021055975254","54.37675641346523","1.2329999999999999","0","0","0.08998744268201384","0.10506201931359656","Recurrent"
"target-batch1","w8a16","f2-ceiling","2","dedicated","","2","true","","832","5976","6381.660130611295","80.22990719045953","315.64799999999997","0","0","0.25822376941793","0.05253100965679828","Recurrent","17.88004532631888","55.9282698533225","0.6164999999999999","0","0","0.08998744268201384","0.10506201931359656","Recurrent"
"target-batch1","w8a16","f2-ceiling","2","dedicated","","4","true","","1088","8552","6359.696105552505","80.50699145089409","157.82399999999998","0","0","0.25822376941793","0.05253100965679828","Recurrent","17.88004532631888","55.9282698533225","0.30824999999999997","0","0","0.08998744268201384","0.10506201931359656","Recurrent"
"target-batch1","w8a16","f2-ceiling","2","dedicated","","8","true","","1600","13704","6359.696105552505","80.50699145089409","78.91199999999999","0","0","0.25822376941793","0.05253100965679828","Recurrent","17.985565999312975","55.600140692719854","0.15412499999999998","0","0","0.08998744268201384","0.10506201931359656","Recurrent"
"target-batch1","w8a16","f2-ceiling","2","dedicated","","16","true","","2624","24008","6359.696105552505","80.50699145089409","39.455999999999996","0","0","0.25822376941793","0.05253100965679828","Recurrent","17.936503018626567","55.75222767568055","0.07706249999999999","0","0","0.08998744268201384","0.10506201931359656","Recurrent"
"target-batch1","w8a16","f2-ceiling","4","vector","","0","true","","1088","3912","3728.719127436628","137.3125683381744","631.2959999999999","0","0","84.92726992326413","0.05253100965679828","Vector","10.122842025717354","98.78648678498321","1.2329999999999999","0","0","0.23177205806662915","0.10506201931359656","Vector"
"target-batch1","w8a16","f2-ceiling","4","matrix","1","0","true","","1088","3912","3390.5332734805825","151.00869353050228","123.4856228571429","31.45728000000002","92.02834285714287","60.729362230956376","0.05253100965679828","Matrix;Vector","9.45832252022286","105.72699311763769","0.24118285714285723","0.061440000000000036","0.17974285714285718","0.1845105196050908","0.10506201931359656","Matrix;Vector"
"target-batch1","w8a16","f2-ceiling","4","matrix","2","0","true","","1088","3912","3421.990553480584","149.62051823294286","154.94290285714285","62.91456000000004","92.02834285714287","60.729362230956376","0.05253100965679828","Matrix;Vector","9.519762520222862","105.04463718246087","0.30262285714285714","0.12288000000000007","0.17974285714285718","0.1845105196050908","0.10506201931359656","Matrix;Vector"
"target-batch1","w8a16","f2-ceiling","4","matrix","4","0","true","","1088","3912","3484.905113480582","146.91935169753737","217.85746285714293","125.82912000000007","92.02834285714287","60.729362230956376","0.05253100965679828","Matrix;Vector","9.642642520222859","103.70601190521872","0.4255028571428573","0.24576000000000015","0.17974285714285718","0.1845105196050908","0.10506201931359656","Matrix;Vector"
"target-batch1","w8a16","f2-ceiling","4","matrix","8","0","true","","1088","3912","3610.7342334805835","141.7994144383358","343.68658285714275","251.65824000000015","92.02834285714287","60.729362230956376","0.05253100965679828","Matrix;Vector","9.888402520222865","101.12856934726216","0.6712628571428569","0.4915200000000003","0.17974285714285718","0.1845105196050908","0.10506201931359656","Matrix;Vector"
"target-batch1","w8a16","f2-ceiling","4","matrix","16","0","true","","1088","3912","3862.3924734805814","132.56032459555126","595.3448228571428","503.3164800000003","92.02834285714287","60.729362230956376","0.05253100965679828","Matrix;Vector","10.379922520222838","96.33983279275303","1.1627828571428571","0.9830400000000006","0.17974285714285718","0.1845105196050908","0.10506201931359656","Matrix;Vector"
"target-batch1","w8a16","f2-ceiling","4","matrix","32","0","true","","1088","3912","4365.708953480602","117.27763015255593","1098.661302857143","1006.6329600000006","92.02834285714287","60.729362230956376","0.05253100965679828","Matrix;Vector","11.362962520222776","88.0052185528457","2.1458228571428575","1.9660800000000012","0.17974285714285718","0.1845105196050908","0.10506201931359656","Matrix;Vector"
"target-batch1","w8a16","f2-ceiling","4","dedicated","","1","true","","1216","5200","3720.9952417223412","137.59759600310855","631.2959999999999","0","0","0.25822376941793","0.05253100965679828","Recurrent","10.122842025717354","98.78648678498321","1.2329999999999999","0","0","0.08998744268201384","0.10506201931359656","Recurrent"
"target-batch1","w8a16","f2-ceiling","4","dedicated","","2","true","","1344","6488","3405.3472417223434","150.35177432919957","315.64799999999997","0","0","0.25822376941793","0.05253100965679828","Recurrent","9.506342025717363","105.19293302247227","0.6164999999999999","0","0","0.08998744268201384","0.10506201931359656","Recurrent"
"target-batch1","w8a16","f2-ceiling","4","dedicated","","4","true","","1600","9064","3247.523241722344","157.65860992836426","157.82399999999998","0","0","0.25822376941793","0.05253100965679828","Recurrent","9.280168749696685","107.75666121725256","0.30824999999999997","0","0","0.08998744268201384","0.10506201931359656","Recurrent"
"target-batch1","w8a16","f2-ceiling","4","dedicated","","8","true","","2112","14216","3210.493616663577","159.4770341054541","78.91199999999999","0","0","0.25822376941793","0.05253100965679828","Recurrent","9.371264663080002","106.70918344027812","0.15412499999999998","0","0","0.08998744268201384","0.10506201931359656","Recurrent"
"target-batch1","w8a16","f2-ceiling","4","dedicated","","16","true","","3136","24520","3210.493616663577","159.4770341054541","39.455999999999996","0","0","0.25822376941793","0.05253100965679828","Recurrent","9.3222016823936","107.27079654247909","0.07706249999999999","0","0","0.08998744268201384","0.10506201931359656","Recurrent"
"target-batch1","w8a16","f2-ceiling","8","vector","","0","true","","2112","4936","2241.087628747882","228.46049990738632","631.2959999999999","0","0","84.92726992326413","0.05253100965679828","Vector","7.975026753493797","125.39142888290723","1.2329999999999999","0","0","0.23177205806662915","0.10506201931359656","Vector"
"target-batch1","w8a16","f2-ceiling","8","matrix","1","0","true","","2112","4936","1802.0582547918439","284.1195608624435","107.7569828571429","15.72864000000001","92.02834285714287","60.729362230956376","0.05253100965679828","Matrix;Vector","7.11096062622433","140.62797596039633","0.21046285714285723","0.030720000000000018","0.17974285714285718","0.1845105196050908","0.10506201931359656","Matrix;Vector"
"target-batch1","w8a16","f2-ceiling","8","matrix","2","0","true","","2112","4936","1817.786894791842","281.66117902320445","123.4856228571429","31.45728000000002","92.02834285714287","60.729362230956376","0.05253100965679828","Matrix;Vector","7.14168062622433","140.02306352485002","0.24118285714285723","0.061440000000000036","0.17974285714285718","0.1845105196050908","0.10506201931359656","Matrix;Vector"
"target-batch1","w8a16","f2-ceiling","8","matrix","4","0","true","","2112","4936","1849.2441747918415","276.86987309700885","154.94290285714285","62.91456000000004","92.02834285714287","60.729362230956376","0.05253100965679828","Matrix;Vector","7.203120626224332","138.8287177031729","0.30262285714285714","0.12288000000000007","0.17974285714285718","0.1845105196050908","0.10506201931359656","Matrix;Vector"
"target-batch1","w8a16","f2-ceiling","8","matrix","8","0","true","","2112","4936","1912.1587347918423","267.76019724938595","217.85746285714293","125.82912000000007","92.02834285714287","60.729362230956376","0.05253100965679828","Matrix;Vector","7.326000626224331","136.50012483214587","0.4255028571428573","0.24576000000000015","0.17974285714285718","0.1845105196050908","0.10506201931359656","Matrix;Vector"
"target-batch1","w8a16","f2-ceiling","8","matrix","16","0","true","","2112","4936","2037.9878547918393","251.22818999934415","343.68658285714275","251.65824000000015","92.02834285714287","60.729362230956376","0.05253100965679828","Matrix;Vector","7.571760626224332","132.06967961144477","0.6712628571428569","0.4915200000000003","0.17974285714285718","0.1845105196050908","0.10506201931359656","Matrix;Vector"
"target-batch1","w8a16","f2-ceiling","8","matrix","32","0","true","","2112","4936","2289.646094791837","223.6153443820969","595.3448228571428","503.3164800000003","92.02834285714287","60.729362230956376","0.05253100965679828","Matrix;Vector","8.063280626224328","124.01900000201965","1.1627828571428571","0.9830400000000006","0.17974285714285718","0.1845105196050908","0.10506201931359656","Matrix;Vector"
"target-batch1","w8a16","f2-ceiling","8","dedicated","","1","true","","2240","6224","2233.363743033596","229.25060980194218","631.2959999999999","0","0","0.25822376941793","0.05253100965679828","Recurrent","7.975026753493797","125.39142888290723","1.2329999999999999","0","0","0.08998744268201384","0.10506201931359656","Recurrent"
"target-batch1","w8a16","f2-ceiling","8","dedicated","","2","true","","2368","7512","1917.7157430336015","266.984302475442","315.64799999999997","0","0","0.25822376941793","0.05253100965679828","Recurrent","7.584981506241053","131.83947768062225","0.6164999999999999","0","0","0.08998744268201384","0.10506201931359656","Recurrent"
"target-batch1","w8a16","f2-ceiling","8","dedicated","","4","true","","2624","10088","1759.8917430336057","290.9269857232481","157.82399999999998","0","0","0.25822376941793","0.05253100965679828","Recurrent","7.285112458622004","137.26624066269423","0.30824999999999997","0","0","0.08998744268201384","0.10506201931359656","Recurrent"
"target-batch1","w8a16","f2-ceiling","8","dedicated","","8","true","","3136","15240","1680.9797430336066","304.58427718826107","78.91199999999999","0","0","0.25822376941793","0.05253100965679828","Recurrent","7.054622769081475","141.7510237943172","0.15412499999999998","0","0","0.08998744268201384","0.10506201931359656","Recurrent"
"target-batch1","w8a16","f2-ceiling","8","dedicated","","16","true","","4160","25544","1641.5237430336072","311.9053270918895","39.455999999999996","0","0","0.25822376941793","0.05253100965679828","Recurrent","7.00555978839507","142.74376783658764","0.07706249999999999","0","0","0.08998744268201384","0.10506201931359656","Recurrent"
"target-batch1","w8a16","f2-ceiling","16","vector","","0","true","","4160","6984","1497.561228747898","341.88919302356686","631.2959999999999","0","0","84.92726992326413","0.05253100965679828","Vector","7.907313932980978","126.4651951946734","1.2329999999999999","0","0","0.23177205806662915","0.10506201931359656","Vector"
"target-batch1","w8a16","f2-ceiling","16","matrix","1","0","true","","4160","6984","958.4340058907756","534.2047515563092","99.8926628571429","7.864320000000005","92.02834285714287","60.729362230956376","0.05253100965679828","Matrix;Vector","7.027887805711515","142.29026240107405","0.19510285714285722","0.015360000000000009","0.17974285714285718","0.1845105196050908","0.10506201931359656","Matrix;Vector"
"target-batch1","w8a16","f2-ceiling","16","matrix","2","0","true","","4160","6984","966.2983258907756","529.8570703079882","107.7569828571429","15.72864000000001","92.02834285714287","60.729362230956376","0.05253100965679828","Matrix;Vector","7.043247805711511","141.97995407588527","0.21046285714285723","0.030720000000000018","0.17974285714285718","0.1845105196050908","0.10506201931359656","Matrix;Vector"
"target-batch1","w8a16","f2-ceiling","16","matrix","4","0","true","","4160","6984","982.026965890776","521.3706117892349","123.4856228571429","31.45728000000002","92.02834285714287","60.729362230956376","0.05253100965679828","Matrix;Vector","7.073967805711511","141.3633801376084","0.24118285714285723","0.061440000000000036","0.17974285714285718","0.1845105196050908","0.10506201931359656","Matrix;Vector"
"target-batch1","w8a16","f2-ceiling","16","matrix","8","0","true","","4160","6984","1013.4842458907749","505.18792184084845","154.94290285714285","62.91456000000004","92.02834285714287","60.729362230956376","0.05253100965679828","Matrix;Vector","7.135407805711515","140.14615943878542","0.30262285714285714","0.12288000000000007","0.17974285714285718","0.1845105196050908","0.10506201931359656","Matrix;Vector"
"target-batch1","w8a16","f2-ceiling","16","matrix","16","0","true","","4160","6984","1076.3988058907714","475.66013377011836","217.85746285714293","125.82912000000007","92.02834285714287","60.729362230956376","0.05253100965679828","Matrix;Vector","7.258287805711511","137.77353926543185","0.4255028571428573","0.24576000000000015","0.17974285714285718","0.1845105196050908","0.10506201931359656","Matrix;Vector"
"target-batch1","w8a16","f2-ceiling","16","matrix","32","0","true","","4160","6984","1202.2279258907658","425.87598322559694","343.68658285714275","251.65824000000015","92.02834285714287","60.729362230956376","0.05253100965679828","Matrix;Vector","7.504047805711513","133.2614111598377","0.6712628571428569","0.4915200000000003","0.17974285714285718","0.1845105196050908","0.10506201931359656","Matrix;Vector"
"target-batch1","w8a16","f2-ceiling","16","dedicated","","1","true","","4288","8272","1489.8373430336128","343.6616771583021","631.2959999999999","0","0","0.25822376941793","0.05253100965679828","Recurrent","7.907313932980978","126.4651951946734","1.2329999999999999","0","0","0.08998744268201384","0.10506201931359656","Recurrent"
"target-batch1","w8a16","f2-ceiling","16","dedicated","","2","true","","4416","9560","1174.189343033624","436.04551773328296","315.64799999999997","0","0","0.25822376941793","0.05253100965679828","Recurrent","7.517268685728235","133.02703971437535","0.6164999999999999","0","0","0.08998744268201384","0.10506201931359656","Recurrent"
"target-batch1","w8a16","f2-ceiling","16","dedicated","","4","true","","4672","12136","1016.3653430336321","503.75586250490403","157.82399999999998","0","0","0.25822376941793","0.05253100965679828","Recurrent","7.217399638109185","138.55405688217922","0.30824999999999997","0","0","0.08998744268201384","0.10506201931359656","Recurrent"
"target-batch1","w8a16","f2-ceiling","16","dedicated","","8","true","","5184","17288","937.453343033633","546.1605143389318","78.91199999999999","0","0","0.25822376941793","0.05253100965679828","Recurrent","6.9869099485686545","143.12478726090652","0.15412499999999998","0","0","0.08998744268201384","0.10506201931359656","Recurrent"
"target-batch1","w8a16","f2-ceiling","16","dedicated","","16","true","","6208","27592","897.9973430336319","570.1575889638513","39.455999999999996","0","0","0.25822376941793","0.05253100965679828","Recurrent","6.937846967882253","144.1369353676081","0.07706249999999999","0","0","0.08998744268201384","0.10506201931359656","Recurrent"
"target-batch1","w4a8","bandwidth-constrained","1","vector","","0","true","","320","3144","6824.118812195235","75.02800201617472","631.2959999999999","0","0","678.6590209245743","0.24164264442127215","Vector","23.763778544432103","42.08084998478922","1.2329999999999999","0","0","1.8526937722253412","0.4832852888425443","Vector"
"target-batch1","w4a8","bandwidth-constrained","1","matrix","1","0","true","","320","3144","6975.588683843592","73.39882312525985","217.85746285714293","125.82912000000007","92.02834285714287","485.07575938611257","0.24164264442127215","Matrix;Vector","23.385686236739794","42.76119973032745","0.4255028571428573","0.24576000000000015","0.17974285714285718","1.474601464533034","0.4832852888425443","Matrix;Vector"
"target-batch1","w4a8","bandwidth-constrained","1","matrix","2","0","true","","320","3144","6975.588683843592","73.39882312525985","343.68658285714275","251.65824000000015","92.02834285714287","485.07575938611257","0.24164264442127215","Matrix;Vector","23.385686236739794","42.76119973032745","0.6712628571428569","0.4915200000000003","0.17974285714285718","1.474601464533034","0.4832852888425443","Matrix;Vector"
"target-batch1","w4a8","bandwidth-constrained","1","matrix","4","0","true","","320","3144","7085.85774731462","72.25660156584945","595.3448228571428","503.3164800000003","92.02834285714287","485.07575938611257","0.24164264442127215","Matrix;Vector","23.385686236739794","42.76119973032745","1.1627828571428571","0.9830400000000006","0.17974285714285718","1.474601464533034","0.4832852888425443","Matrix;Vector"
"target-batch1","w4a8","bandwidth-constrained","1","matrix","8","0","true","","320","3144","7589.1742273146265","67.46452046880566","1098.661302857143","1006.6329600000006","92.02834285714287","485.07575938611257","0.24164264442127215","Matrix;Vector","23.720731063415528","42.15721671168472","2.1458228571428575","1.9660800000000012","0.17974285714285718","1.474601464533034","0.4832852888425443","Matrix;Vector"
"target-batch1","w4a8","bandwidth-constrained","1","matrix","16","0","true","","320","3144","8595.807187314655","59.56392329920905","2105.2942628571427","2013.2659200000012","92.02834285714287","485.07575938611257","0.24164264442127215","Matrix;Vector","25.686811063415504","38.93048450160682","4.111902857142857","3.9321600000000023","0.17974285714285718","1.474601464533034","0.4832852888425443","Matrix;Vector"
"target-batch1","w4a8","bandwidth-constrained","1","matrix","32","0","true","","320","3144","10609.073107314684","48.26057798084067","4118.5601828571425","4026.5318400000024","92.02834285714287","485.07575938611257","0.24164264442127215","Matrix;Vector","29.61897106341548","33.76214514200907","8.044062857142857","7.864320000000005","0.17974285714285718","1.474601464533034","0.4832852888425443","Matrix;Vector"
"target-batch1","w4a8","bandwidth-constrained","1","dedicated","","1","true","","448","4432","6769.031905556378","75.63858571559155","631.2959999999999","0","0","1.3066516938049786","0.24164264442127215","Recurrent","22.835922920100526","43.79065402781618","1.2329999999999999","0","0","0.7184168491484182","0.4832852888425443","Recurrent"
"target-batch1","w4a8","bandwidth-constrained","1","dedicated","","2","true","","576","5720","6453.383905556368","79.33822123292055","315.64799999999997","0","0","1.3066516938049786","0.24164264442127215","Recurrent","22.629501621355185","44.19010266917731","0.6164999999999999","0","0","0.7184168491484182","0.4832852888425443","Recurrent"
"target-batch1","w4a8","bandwidth-constrained","1","dedicated","","4","true","","832","8296","6442.9538519299795","79.46665640739162","157.82399999999998","0","0","1.3066516938049786","0.24164264442127215","Recurrent","22.629501621355185","44.19010266917731","0.30824999999999997","0","0","0.7184168491484182","0.4832852888425443","Recurrent"
"target-batch1","w4a8","bandwidth-constrained","1","dedicated","","8","true","","1344","13448","6442.9538519299795","79.46665640739162","78.91199999999999","0","0","1.3066516938049786","0.24164264442127215","Recurrent","22.629501621355185","44.19010266917731","0.15412499999999998","0","0","0.7184168491484182","0.4832852888425443","Recurrent"
"target-batch1","w4a8","bandwidth-constrained","1","dedicated","","16","true","","2368","23752","6442.9538519299795","79.46665640739162","39.455999999999996","0","0","1.3066516938049786","0.24164264442127215","Recurrent","22.629501621355185","44.19010266917731","0.07706249999999999","0","0","0.7184168491484182","0.4832852888425443","Recurrent"
"target-batch1","w4a8","bandwidth-constrained","2","vector","","0","true","","576","3400","3811.860069338004","134.31762727033097","631.2959999999999","0","0","678.6590209245743","0.24164264442127215","Vector","23.639831877765435","42.3014852715833","1.2329999999999999","0","0","1.8526937722253412","0.4832852888425443","Vector"
"target-batch1","w4a8","bandwidth-constrained","2","matrix","1","0","true","","576","3400","3790.642580986356","135.06944774170015","154.94290285714285","62.91456000000004","92.02834285714287","485.07575938611257","0.24164264442127215","Matrix;Vector","23.26173957007313","42.98904632594751","0.30262285714285714","0.12288000000000007","0.17974285714285718","1.474601464533034","0.4832852888425443","Matrix;Vector"
"target-batch1","w4a8","bandwidth-constrained","2","matrix","2","0","true","","576","3400","3790.642580986356","135.06944774170015","217.85746285714293","125.82912000000007","92.02834285714287","485.07575938611257","0.24164264442127215","Matrix;Vector","23.26173957007313","42.98904632594751","0.4255028571428573","0.24576000000000015","0.17974285714285718","1.474601464533034","0.4832852888425443","Matrix;Vector"
"target-batch1","w4a8","bandwidth-constrained","2","matrix","4","0","true","","576","3400","3790.642580986356","135.06944774170015","343.68658285714275","251.65824000000015","92.02834285714287","485.07575938611257","0.24164264442127215","Matrix;Vector","23.26173957007313","42.98904632594751","0.6712628571428569","0.4915200000000003","0.17974285714285718","1.474601464533034","0.4832852888425443","Matrix;Vector"
"target-batch1","w4a8","bandwidth-constrained","2","matrix","8","0","true","","576","3400","3900.9116444573865","131.25137061934626","595.3448228571428","503.3164800000003","92.02834285714287","485.07575938611257","0.24164264442127215","Matrix;Vector","23.26173957007313","42.98904632594751","1.1627828571428571","0.9830400000000006","0.17974285714285718","1.474601464533034","0.4832852888425443","Matrix;Vector"
"target-batch1","w4a8","bandwidth-constrained","2","matrix","16","0","true","","576","3400","4404.228124457403","116.25192554327052","1098.661302857143","1006.6329600000006","92.02834285714287","485.07575938611257","0.24164264442127215","Matrix;Vector","23.596784396748863","42.37865563317089","2.1458228571428575","1.9660800000000012","0.17974285714285718","1.474601464533034","0.4832852888425443","Matrix;Vector"
"target-batch1","w4a8","bandwidth-constrained","2","matrix","32","0","true","","576","3400","5410.861084457435","94.6244954376499","2105.2942628571427","2013.2659200000012","92.02834285714287","485.07575938611257","0.24164264442127215","Matrix;Vector","25.562864396748846","39.119246751048074","4.111902857142857","3.9321600000000023","0.17974285714285718","1.474601464533034","0.4832852888425443","Matrix;Vector"
"target-batch1","w4a8","bandwidth-constrained","2","dedicated","","1","true","","704","4688","3756.7731626991445","136.2871746113468","631.2959999999999","0","0","1.3066516938049786","0.24164264442127215","Recurrent","22.711976253433853","44.029633918308136","1.2329999999999999","0","0","0.7184168491484182","0.4832852888425443","Recurrent"
"target-batch1","w4a8","bandwidth-constrained","2","dedicated","","2","true","","832","5976","3441.1251626991457","148.7885432212521","315.64799999999997","0","0","1.3066516938049786","0.24164264442127215","Recurrent","22.50555495468852","44.43347440280173","0.6164999999999999","0","0","0.7184168491484182","0.4832852888425443","Recurrent"
"target-batch1","w4a8","bandwidth-constrained","2","dedicated","","4","true","","1088","8552","3283.301162699146","155.94061422592546","157.82399999999998","0","0","1.3066516938049786","0.24164264442127215","Recurrent","22.50555495468852","44.43347440280173","0.30824999999999997","0","0","0.7184168491484182","0.4832852888425443","Recurrent"
"target-batch1","w4a8","bandwidth-constrained","2","dedicated","","8","true","","1600","13704","3258.0680919299193","157.14834237755798","78.91199999999999","0","0","1.3066516938049786","0.24164264442127215","Recurrent","22.50555495468852","44.43347440280173","0.15412499999999998","0","0","0.7184168491484182","0.4832852888425443","Recurrent"
"target-batch1","w4a8","bandwidth-constrained","2","dedicated","","16","true","","2624","24008","3258.0680919299193","157.14834237755798","39.455999999999996","0","0","1.3066516938049786","0.24164264442127215","Recurrent","22.50555495468852","44.43347440280173","0.07706249999999999","0","0","0.7184168491484182","0.4832852888425443","Recurrent"
"target-batch1","w4a8","bandwidth-constrained","4","vector","","0","true","","1088","3912","2305.7608693380075","222.05251498911812","631.2959999999999","0","0","678.6590209245743","0.24164264442127215","Vector","23.639831877765435","42.3014852715833","1.2329999999999999","0","0","1.8526937722253412","0.4832852888425443","Vector"
"target-batch1","w4a8","bandwidth-constrained","4","matrix","1","0","true","","1088","3912","2198.1997009863603","232.9178735536444","123.4856228571429","31.45728000000002","92.02834285714287","485.07575938611257","0.24164264442127215","Matrix;Vector","23.26173957007313","42.98904632594751","0.24118285714285723","0.061440000000000036","0.17974285714285718","1.474601464533034","0.4832852888425443","Matrix;Vector"
"target-batch1","w4a8","bandwidth-constrained","4","matrix","2","0","true","","1088","3912","2198.1997009863603","232.9178735536444","154.94290285714285","62.91456000000004","92.02834285714287","485.07575938611257","0.24164264442127215","Matrix;Vector","23.26173957007313","42.98904632594751","0.30262285714285714","0.12288000000000007","0.17974285714285718","1.474601464533034","0.4832852888425443","Matrix;Vector"
"target-batch1","w4a8","bandwidth-constrained","4","matrix","4","0","true","","1088","3912","2198.1997009863603","232.9178735536444","217.85746285714293","125.82912000000007","92.02834285714287","485.07575938611257","0.24164264442127215","Matrix;Vector","23.26173957007313","42.98904632594751","0.4255028571428573","0.24576000000000015","0.17974285714285718","1.474601464533034","0.4832852888425443","Matrix;Vector"
"target-batch1","w4a8","bandwidth-constrained","4","matrix","8","0","true","","1088","3912","2198.1997009863603","232.9178735536444","343.68658285714275","251.65824000000015","92.02834285714287","485.07575938611257","0.24164264442127215","Matrix;Vector","23.26173957007313","42.98904632594751","0.6712628571428569","0.4915200000000003","0.17974285714285718","1.474601464533034","0.4832852888425443","Matrix;Vector"
"target-batch1","w4a8","bandwidth-constrained","4","matrix","16","0","true","","1088","3912","2308.4687644573887","221.79204149654015","595.3448228571428","503.3164800000003","92.02834285714287","485.07575938611257","0.24164264442127215","Matrix;Vector","23.26173957007313","42.98904632594751","1.1627828571428571","0.9830400000000006","0.17974285714285718","1.474601464533034","0.4832852888425443","Matrix;Vector"
"target-batch1","w4a8","bandwidth-constrained","4","matrix","32","0","true","","1088","3912","2811.785244457383","182.09072012496654","1098.661302857143","1006.6329600000006","92.02834285714287","485.07575938611257","0.24164264442127215","Matrix;Vector","23.596784396748863","42.37865563317089","2.1458228571428575","1.9660800000000012","0.17974285714285718","1.474601464533034","0.4832852888425443","Matrix;Vector"
"target-batch1","w4a8","bandwidth-constrained","4","dedicated","","1","true","","1216","5200","2250.6739626991484","227.48741420813244","631.2959999999999","0","0","1.3066516938049786","0.24164264442127215","Recurrent","22.711976253433853","44.029633918308136","1.2329999999999999","0","0","0.7184168491484182","0.4832852888425443","Recurrent"
"target-batch1","w4a8","bandwidth-constrained","4","dedicated","","2","true","","1344","6488","1935.0259626991567","264.5959330105391","315.64799999999997","0","0","1.3066516938049786","0.24164264442127215","Recurrent","22.50555495468852","44.43347440280173","0.6164999999999999","0","0","0.7184168491484182","0.4832852888425443","Recurrent"
"target-batch1","w4a8","bandwidth-constrained","4","dedicated","","4","true","","1600","9064","1777.2019626991614","288.09331226620395","157.82399999999998","0","0","1.3066516938049786","0.24164264442127215","Recurrent","22.50555495468852","44.43347440280173","0.30824999999999997","0","0","0.7184168491484182","0.4832852888425443","Recurrent"
"target-batch1","w4a8","bandwidth-constrained","4","dedicated","","8","true","","2112","14216","1698.2899626991607","301.4797303437263","78.91199999999999","0","0","1.3066516938049786","0.24164264442127215","Recurrent","22.50555495468852","44.43347440280173","0.15412499999999998","0","0","0.7184168491484182","0.4832852888425443","Recurrent"
"target-batch1","w4a8","bandwidth-constrained","4","dedicated","","16","true","","3136","24520","1666.5578484134478","307.2200586900843","39.455999999999996","0","0","1.3066516938049786","0.24164264442127215","Recurrent","22.50555495468852","44.43347440280173","0.07706249999999999","0","0","0.7184168491484182","0.4832852888425443","Recurrent"
"target-batch1","w4a8","bandwidth-constrained","8","vector","","0","true","","2112","4936","1552.711269338019","329.74578732740537","631.2959999999999","0","0","678.6590209245743","0.24164264442127215","Vector","23.639831877765435","42.3014852715833","1.2329999999999999","0","0","1.8526937722253412","0.4832852888425443","Vector"
"target-batch1","w4a8","bandwidth-constrained","8","matrix","1","0","true","","2112","4936","1359.1280077995648","376.7121250256115","107.7569828571429","15.72864000000001","92.02834285714287","485.07575938611257","0.24164264442127215","Matrix;Vector","23.26173957007313","42.98904632594751","0.21046285714285723","0.030720000000000018","0.17974285714285718","1.474601464533034","0.4832852888425443","Matrix;Vector"
"target-batch1","w4a8","bandwidth-constrained","8","matrix","2","0","true","","2112","4936","1359.1280077995648","376.7121250256115","123.4856228571429","31.45728000000002","92.02834285714287","485.07575938611257","0.24164264442127215","Matrix;Vector","23.26173957007313","42.98904632594751","0.24118285714285723","0.061440000000000036","0.17974285714285718","1.474601464533034","0.4832852888425443","Matrix;Vector"
"target-batch1","w4a8","bandwidth-constrained","8","matrix","4","0","true","","2112","4936","1359.1280077995648","376.7121250256115","154.94290285714285","62.91456000000004","92.02834285714287","485.07575938611257","0.24164264442127215","Matrix;Vector","23.26173957007313","42.98904632594751","0.30262285714285714","0.12288000000000007","0.17974285714285718","1.474601464533034","0.4832852888425443","Matrix;Vector"
"target-batch1","w4a8","bandwidth-constrained","8","matrix","8","0","true","","2112","4936","1359.1280077995648","376.7121250256115","217.85746285714293","125.82912000000007","92.02834285714287","485.07575938611257","0.24164264442127215","Matrix;Vector","23.26173957007313","42.98904632594751","0.4255028571428573","0.24576000000000015","0.17974285714285718","1.474601464533034","0.4832852888425443","Matrix;Vector"
"target-batch1","w4a8","bandwidth-constrained","8","matrix","16","0","true","","2112","4936","1359.1280077995648","376.7121250256115","343.68658285714275","251.65824000000015","92.02834285714287","485.07575938611257","0.24164264442127215","Matrix;Vector","23.26173957007313","42.98904632594751","0.6712628571428569","0.4915200000000003","0.17974285714285718","1.474601464533034","0.4832852888425443","Matrix;Vector"
"target-batch1","w4a8","bandwidth-constrained","8","matrix","32","0","true","","2112","4936","1461.6731855563062","350.28350048382066","595.3448228571428","503.3164800000003","92.02834285714287","485.07575938611257","0.24164264442127215","Matrix;Vector","23.26173957007313","42.98904632594751","1.1627828571428571","0.9830400000000006","0.17974285714285718","1.474601464533034","0.4832852888425443","Matrix;Vector"
"target-batch1","w4a8","bandwidth-constrained","8","dedicated","","1","true","","2240","6224","1497.6243626991627","341.8747803202295","631.2959999999999","0","0","1.3066516938049786","0.24164264442127215","Recurrent","22.711976253433853","44.029633918308136","1.2329999999999999","0","0","0.7184168491484182","0.4832852888425443","Recurrent"
"target-batch1","w4a8","bandwidth-constrained","8","dedicated","","2","true","","2368","7512","1181.9763626991767","433.17279106224265","315.64799999999997","0","0","1.3066516938049786","0.24164264442127215","Recurrent","22.50555495468852","44.43347440280173","0.6164999999999999","0","0","0.7184168491484182","0.4832852888425443","Recurrent"
"target-batch1","w4a8","bandwidth-constrained","8","dedicated","","4","true","","2624","10088","1024.152362699187","499.9256152186255","157.82399999999998","0","0","1.3066516938049786","0.24164264442127215","Recurrent","22.50555495468852","44.43347440280173","0.30824999999999997","0","0","0.7184168491484182","0.4832852888425443","Recurrent"
"target-batch1","w4a8","bandwidth-constrained","8","dedicated","","8","true","","3136","15240","945.2403626991879","541.6611691633171","78.91199999999999","0","0","1.3066516938049786","0.24164264442127215","Recurrent","22.50555495468852","44.43347440280173","0.15412499999999998","0","0","0.7184168491484182","0.4832852888425443","Recurrent"
"target-batch1","w4a8","bandwidth-constrained","8","dedicated","","16","true","","4160","25544","905.7843626991868","565.2559495223219","39.455999999999996","0","0","1.3066516938049786","0.24164264442127215","Recurrent","22.50555495468852","44.43347440280173","0.07706249999999999","0","0","0.7184168491484182","0.4832852888425443","Recurrent"
"target-batch1","w4a8","bandwidth-constrained","16","vector","","0","true","","4160","6984","1176.1864693380344","435.30512665067215","631.2959999999999","0","0","678.6590209245743","0.24164264442127215","Vector","23.639831877765435","42.3014852715833","1.2329999999999999","0","0","1.8526937722253412","0.4832852888425443","Vector"
"target-batch1","w4a8","bandwidth-constrained","16","matrix","1","0","true","","4160","6984","982.6032077995834","521.0648570408799","99.8926628571429","7.864320000000005","92.02834285714287","485.07575938611257","0.24164264442127215","Matrix;Vector","23.26173957007313","42.98904632594751","0.19510285714285722","0.015360000000000009","0.17974285714285718","1.474601464533034","0.4832852888425443","Matrix;Vector"
"target-batch1","w4a8","bandwidth-constrained","16","matrix","2","0","true","","4160","6984","982.6032077995834","521.0648570408799","107.7569828571429","15.72864000000001","92.02834285714287","485.07575938611257","0.24164264442127215","Matrix;Vector","23.26173957007313","42.98904632594751","0.21046285714285723","0.030720000000000018","0.17974285714285718","1.474601464533034","0.4832852888425443","Matrix;Vector"
"target-batch1","w4a8","bandwidth-constrained","16","matrix","4","0","true","","4160","6984","982.6032077995834","521.0648570408799","123.4856228571429","31.45728000000002","92.02834285714287","485.07575938611257","0.24164264442127215","Matrix;Vector","23.26173957007313","42.98904632594751","0.24118285714285723","0.061440000000000036","0.17974285714285718","1.474601464533034","0.4832852888425443","Matrix;Vector"
"target-batch1","w4a8","bandwidth-constrained","16","matrix","8","0","true","","4160","6984","982.6032077995834","521.0648570408799","154.94290285714285","62.91456000000004","92.02834285714287","485.07575938611257","0.24164264442127215","Matrix;Vector","23.26173957007313","42.98904632594751","0.30262285714285714","0.12288000000000007","0.17974285714285718","1.474601464533034","0.4832852888425443","Matrix;Vector"
"target-batch1","w4a8","bandwidth-constrained","16","matrix","16","0","true","","4160","6984","982.6032077995834","521.0648570408799","217.85746285714293","125.82912000000007","92.02834285714287","485.07575938611257","0.24164264442127215","Matrix;Vector","23.26173957007313","42.98904632594751","0.4255028571428573","0.24576000000000015","0.17974285714285718","1.474601464533034","0.4832852888425443","Matrix;Vector"
"target-batch1","w4a8","bandwidth-constrained","16","matrix","32","0","true","","4160","6984","982.6032077995834","521.0648570408799","343.68658285714275","251.65824000000015","92.02834285714287","485.07575938611257","0.24164264442127215","Matrix;Vector","23.26173957007313","42.98904632594751","0.6712628571428569","0.4915200000000003","0.17974285714285718","1.474601464533034","0.4832852888425443","Matrix;Vector"
"target-batch1","w4a8","bandwidth-constrained","16","dedicated","","1","true","","4288","8272","1121.0995626991778","456.69449622056794","631.2959999999999","0","0","1.3066516938049786","0.24164264442127215","Recurrent","22.711976253433853","44.029633918308136","1.2329999999999999","0","0","0.7184168491484182","0.4832852888425443","Recurrent"
"target-batch1","w4a8","bandwidth-constrained","16","dedicated","","2","true","","4416","9560","805.4515626991838","635.6682682248631","315.64799999999997","0","0","1.3066516938049786","0.24164264442127215","Recurrent","22.50555495468852","44.43347440280173","0.6164999999999999","0","0","0.7184168491484182","0.4832852888425443","Recurrent"
"target-batch1","w4a8","bandwidth-constrained","16","dedicated","","4","true","","4672","12136","647.6275626991807","790.5778405509604","157.82399999999998","0","0","1.3066516938049786","0.24164264442127215","Recurrent","22.50555495468852","44.43347440280173","0.30824999999999997","0","0","0.7184168491484182","0.4832852888425443","Recurrent"
"target-batch1","w4a8","bandwidth-constrained","16","dedicated","","8","true","","5184","17288","568.7155626991782","900.274291018166","78.91199999999999","0","0","1.3066516938049786","0.24164264442127215","Recurrent","22.50555495468852","44.43347440280173","0.15412499999999998","0","0","0.7184168491484182","0.4832852888425443","Recurrent"
"target-batch1","w4a8","bandwidth-constrained","16","dedicated","","16","true","","6208","27592","529.2595626991773","967.3892284323498","39.455999999999996","0","0","1.3066516938049786","0.24164264442127215","Recurrent","22.50555495468852","44.43347440280173","0.07706249999999999","0","0","0.7184168491484182","0.4832852888425443","Recurrent"
"target-batch1","w4a8","middle","1","vector","","0","true","","320","3144","6774.42404094099","75.5783808196455","631.2959999999999","0","0","169.66475523114357","0.08054754814042406","Vector","18.410159114869305","54.31783580796603","1.2329999999999999","0","0","0.4631734430563353","0.16109509628084812","Vector"
"target-batch1","w4a8","middle","1","matrix","1","0","true","","320","3144","6705.754998523408","76.35232723425493","217.85746285714293","125.82912000000007","92.02834285714287","121.26893984652814","0.08054754814042406","Matrix;Vector","18.276903950034136","54.713861972127525","0.4255028571428573","0.24576000000000015","0.17974285714285718","0.3686503661332585","0.16109509628084812","Matrix;Vector"
"target-batch1","w4a8","middle","1","matrix","2","0","true","","320","3144","6831.584118523409","74.94601414798426","343.68658285714275","251.65824000000015","92.02834285714287","121.26893984652814","0.08054754814042406","Matrix;Vector","18.52266395003412","53.98791462705115","0.6712628571428569","0.4915200000000003","0.17974285714285718","0.3686503661332585","0.16109509628084812","Matrix;Vector"
"target-batch1","w4a8","middle","1","matrix","4","0","true","","320","3144","7083.242358523414","72.28328131168625","595.3448228571428","503.3164800000003","92.02834285714287","121.26893984652814","0.08054754814042406","Matrix;Vector","19.01418395003411","52.59231753662539","1.1627828571428571","0.9830400000000006","0.17974285714285718","0.3686503661332585","0.16109509628084812","Matrix;Vector"
"target-batch1","w4a8","middle","1","matrix","8","0","true","","320","3144","7586.558838523421","67.48777817422832","1098.661302857143","1006.6329600000006","92.02834285714287","121.26893984652814","0.08054754814042406","Matrix;Vector","19.997223950034094","50.00694108835516","2.1458228571428575","1.9660800000000012","0.17974285714285718","0.3686503661332585","0.16109509628084812","Matrix;Vector"
"target-batch1","w4a8","middle","1","matrix","16","0","true","","320","3144","8593.191798523445","59.58205193185332","2105.2942628571427","2013.2659200000012","92.02834285714287","121.26893984652814","0.08054754814042406","Matrix;Vector","21.963303950034092","45.530490415967115","4.111902857142857","3.9321600000000023","0.17974285714285718","0.3686503661332585","0.16109509628084812","Matrix;Vector"
"target-batch1","w4a8","middle","1","matrix","32","0","true","","320","3144","10606.457718523467","48.27247829459842","4118.5601828571425","4026.5318400000024","92.02834285714287","121.26893984652814","0.08054754814042406","Matrix;Vector","25.89546395003408","38.61680184334693","8.044062857142857","7.864320000000005","0.17974285714285718","0.3686503661332585","0.16109509628084812","Matrix;Vector"
"target-batch1","w4a8","middle","1","dedicated","","1","true","","448","4432","6766.700155226707","75.66465016253498","631.2959999999999","0","0","0.32666292345124465","0.08054754814042406","Recurrent","18.410159114869305","54.31783580796603","1.2329999999999999","0","0","0.17960421228710455","0.16109509628084812","Recurrent"
"target-batch1","w4a8","middle","1","dedicated","","2","true","","576","5720","6451.052155226696","79.36689824855522","315.64799999999997","0","0","0.32666292345124465","0.08054754814042406","Recurrent","17.927274535947614","55.78092743516639","0.6164999999999999","0","0","0.17960421228710455","0.16109509628084812","Recurrent"
"target-batch1","w4a8","middle","1","dedicated","","4","true","","832","8296","6440.100767534374","79.50186161388618","157.82399999999998","0","0","0.32666292345124465","0.08054754814042406","Recurrent","18.159651092891274","55.06713729711785","0.30824999999999997","0","0","0.17960421228710455","0.16109509628084812","Recurrent"
"target-batch1","w4a8","middle","1","dedicated","","8","true","","1344","13448","6440.100767534374","79.50186161388618","78.91199999999999","0","0","0.32666292345124465","0.08054754814042406","Recurrent","18.031005305178386","55.4600247226818","0.15412499999999998","0","0","0.17960421228710455","0.16109509628084812","Recurrent"
"target-batch1","w4a8","middle","1","dedicated","","16","true","","2368","23752","6440.100767534374","79.50186161388618","39.455999999999996","0","0","0.32666292345124465","0.08054754814042406","Recurrent","18.031005305178386","55.4600247226818","0.07706249999999999","0","0","0.17960421228710455","0.16109509628084812","Recurrent"
"target-batch1","w4a8","middle","2","vector","","0","true","","576","3400","3760.0183520520172","136.16954814078971","631.2959999999999","0","0","169.66475523114357","0.08054754814042406","Vector","10.115299298782828","98.86014940955131","1.2329999999999999","0","0","0.4631734430563353","0.16109509628084812","Vector"
"target-batch1","w4a8","middle","2","matrix","1","0","true","","576","3400","3455.7473896344377","148.15897757334668","154.94290285714285","62.91456000000004","92.02834285714287","121.26893984652814","0.08054754814042406","Matrix;Vector","9.578258199714638","104.40311580134608","0.30262285714285714","0.12288000000000007","0.17974285714285718","0.3686503661332585","0.16109509628084812","Matrix;Vector"
"target-batch1","w4a8","middle","2","matrix","2","0","true","","576","3400","3518.661949634435","145.50985781774042","217.85746285714293","125.82912000000007","92.02834285714287","121.26893984652814","0.08054754814042406","Matrix;Vector","9.635110690724234","103.78707957789263","0.4255028571428573","0.24576000000000015","0.17974285714285718","0.3686503661332585","0.16109509628084812","Matrix;Vector"
"target-batch1","w4a8","middle","2","matrix","4","0","true","","576","3400","3644.4910696344386","140.48600757069664","343.68658285714275","251.65824000000015","92.02834285714287","121.26893984652814","0.08054754814042406","Matrix;Vector","9.880870690724242","101.2056559892803","0.6712628571428569","0.4915200000000003","0.17974285714285718","0.3686503661332585","0.16109509628084812","Matrix;Vector"
"target-batch1","w4a8","middle","2","matrix","8","0","true","","576","3400","3896.149309634437","131.41180157904145","595.3448228571428","503.3164800000003","92.02834285714287","121.26893984652814","0.08054754814042406","Matrix;Vector","10.372390690724215","96.40978920069763","1.1627828571428571","0.9830400000000006","0.17974285714285718","0.3686503661332585","0.16109509628084812","Matrix;Vector"
"target-batch1","w4a8","middle","2","matrix","16","0","true","","576","3400","4399.465789634453","116.37776595656663","1098.661302857143","1006.6329600000006","92.02834285714287","121.26893984652814","0.08054754814042406","Matrix;Vector","11.355430690724157","88.0635906497905","2.1458228571428575","1.9660800000000012","0.17974285714285718","0.3686503661332585","0.16109509628084812","Matrix;Vector"
"target-batch1","w4a8","middle","2","matrix","32","0","true","","576","3400","5406.098749634484","94.70785194861955","2105.2942628571427","2013.2659200000012","92.02834285714287","121.26893984652814","0.08054754814042406","Matrix;Vector","13.321510690724079","75.06656138453663","4.111902857142857","3.9321600000000023","0.17974285714285718","0.3686503661332585","0.16109509628084812","Matrix;Vector"
"target-batch1","w4a8","middle","2","dedicated","","1","true","","704","4688","3752.2944663377307","136.44984544608943","631.2959999999999","0","0","0.32666292345124465","0.08054754814042406","Recurrent","10.115299298782828","98.86014940955131","1.2329999999999999","0","0","0.17960421228710455","0.16109509628084812","Recurrent"
"target-batch1","w4a8","middle","2","dedicated","","2","true","","832","5976","3436.6464663377324","148.98244699159108","315.64799999999997","0","0","0.32666292345124465","0.08054754814042406","Recurrent","9.498799298782837","105.27646374506918","0.6164999999999999","0","0","0.17960421228710455","0.16109509628084812","Recurrent"
"target-batch1","w4a8","middle","2","dedicated","","4","true","","1088","8552","3278.8224663377323","156.15362077589896","157.82399999999998","0","0","0.32666292345124465","0.08054754814042406","Recurrent","9.51785783358138","105.06565841651367","0.30824999999999997","0","0","0.17960421228710455","0.16109509628084812","Recurrent"
"target-batch1","w4a8","middle","2","dedicated","","8","true","","1600","13704","3253.007718645429","157.3928020721696","78.91199999999999","0","0","0.32666292345124465","0.08054754814042406","Recurrent","9.389212045868486","106.50520992760276","0.15412499999999998","0","0","0.17960421228710455","0.16109509628084812","Recurrent"
"target-batch1","w4a8","middle","2","dedicated","","16","true","","2624","24008","3253.007718645429","157.3928020721696","39.455999999999996","0","0","0.32666292345124465","0.08054754814042406","Recurrent","9.389212045868486","106.50520992760276","0.07706249999999999","0","0","0.17960421228710455","0.16109509628084812","Recurrent"
"target-batch1","w4a8","middle","4","vector","","0","true","","1088","3912","2253.0473363255232","227.24777759663792","631.2959999999999","0","0","169.66475523114357","0.08054754814042406","Vector","6.752530751774279","148.09262434491575","1.2329999999999999","0","0","0.4631734430563353","0.16109509628084812","Vector"
"target-batch1","w4a8","middle","4","matrix","1","0","true","","1088","3912","1830.9754139079482","279.6323730569441","123.4856228571429","31.45728000000002","92.02834285714287","121.26893984652814","0.08054754814042406","Matrix;Vector","6.298517277763307","158.76752510157664","0.24118285714285723","0.061440000000000036","0.17974285714285718","0.3686503661332585","0.16109509628084812","Matrix;Vector"
"target-batch1","w4a8","middle","4","matrix","2","0","true","","1088","3912","1862.4326939079479","274.9092633923156","154.94290285714285","62.91456000000004","92.02834285714287","121.26893984652814","0.08054754814042406","Matrix;Vector","6.298517277763307","158.76752510157664","0.30262285714285714","0.12288000000000007","0.17974285714285718","0.3686503661332585","0.16109509628084812","Matrix;Vector"
"target-batch1","w4a8","middle","4","matrix","4","0","true","","1088","3912","1925.3472539079482","265.92605513669014","217.85746285714293","125.82912000000007","92.02834285714287","121.26893984652814","0.08054754814042406","Matrix;Vector","6.355369768772906","157.34725694695177","0.4255028571428573","0.24576000000000015","0.17974285714285718","0.3686503661332585","0.16109509628084812","Matrix;Vector"
"target-batch1","w4a8","middle","4","matrix","8","0","true","","1088","3912","2051.176373907945","249.61285948537258","343.68658285714275","251.65824000000015","92.02834285714287","121.26893984652814","0.08054754814042406","Matrix;Vector","6.513718217433625","153.5221461259335","0.6712628571428569","0.4915200000000003","0.17974285714285718","0.3686503661332585","0.16109509628084812","Matrix;Vector"
"target-batch1","w4a8","middle","4","matrix","16","0","true","","1088","3912","2302.834613907941","222.33468131310102","595.3448228571428","503.3164800000003","92.02834285714287","121.26893984652814","0.08054754814042406","Matrix;Vector","6.884728810382345","145.2490036342426","1.1627828571428571","0.9830400000000006","0.17974285714285718","0.3686503661332585","0.16109509628084812","Matrix;Vector"
"target-batch1","w4a8","middle","4","matrix","32","0","true","","1088","3912","2806.1510939079362","182.45631930209868","1098.661302857143","1006.6329600000006","92.02834285714287","121.26893984652814","0.08054754814042406","Matrix;Vector","7.867768810382347","127.10083685738135","2.1458228571428575","1.9660800000000012","0.17974285714285718","0.3686503661332585","0.16109509628084812","Matrix;Vector"
"target-batch1","w4a8","middle","4","dedicated","","1","true","","1216","5200","2245.3234506112376","228.02950722338903","631.2959999999999","0","0","0.32666292345124465","0.08054754814042406","Recurrent","6.752530751774279","148.09262434491575","1.2329999999999999","0","0","0.17960421228710455","0.16109509628084812","Recurrent"
"target-batch1","w4a8","middle","4","dedicated","","2","true","","1344","6488","1929.6754506112447","265.3295919983947","315.64799999999997","0","0","0.32666292345124465","0.08054754814042406","Recurrent","6.339887594722998","157.73150313143555","0.6164999999999999","0","0","0.17960421228710455","0.16109509628084812","Recurrent"
"target-batch1","w4a8","middle","4","dedicated","","4","true","","1600","9064","1771.8514506112492","288.9632761388498","157.82399999999998","0","0","0.32666292345124465","0.08054754814042406","Recurrent","6.23811691163005","160.30478655115414","0.30824999999999997","0","0","0.17960421228710455","0.16109509628084812","Recurrent"
"target-batch1","w4a8","middle","4","dedicated","","8","true","","2112","14216","1692.939450611249","302.43255292747676","78.91199999999999","0","0","0.32666292345124465","0.08054754814042406","Recurrent","6.109471123917155","163.6802891309582","0.15412499999999998","0","0","0.17960421228710455","0.16109509628084812","Recurrent"
"target-batch1","w4a8","middle","4","dedicated","","16","true","","3136","24520","1661.207336325536","308.20957071650366","39.455999999999996","0","0","0.32666292345124465","0.08054754814042406","Recurrent","6.109471123917155","163.6802891309582","0.07706249999999999","0","0","0.17960421228710455","0.16109509628084812","Recurrent"
"target-batch1","w4a8","middle","8","vector","","0","true","","2112","4936","1499.997736325536","341.333848445811","631.2959999999999","0","0","169.66475523114357","0.08054754814042406","Vector","6.720264085107613","148.80367606624893","1.2329999999999999","0","0","0.4631734430563353","0.16109509628084812","Vector"
"target-batch1","w4a8","middle","8","matrix","1","0","true","","2112","4936","989.9706761720882","517.1870362663128","107.7569828571429","15.72864000000001","92.02834285714287","121.26893984652814","0.08054754814042406","Matrix;Vector","6.266250611096641","159.58506323209318","0.21046285714285723","0.030720000000000018","0.17974285714285718","0.3686503661332585","0.16109509628084812","Matrix;Vector"
"target-batch1","w4a8","middle","8","matrix","2","0","true","","2112","4936","992.1873591827032","516.0315693013374","123.4856228571429","31.45728000000002","92.02834285714287","121.26893984652814","0.08054754814042406","Matrix;Vector","6.266250611096641","159.58506323209318","0.24118285714285723","0.061440000000000036","0.17974285714285718","0.3686503661332585","0.16109509628084812","Matrix;Vector"
"target-batch1","w4a8","middle","8","matrix","4","0","true","","2112","4936","1015.9207534684165","503.9763172983722","154.94290285714285","62.91456000000004","92.02834285714287","121.26893984652814","0.08054754814042406","Matrix;Vector","6.266250611096641","159.58506323209318","0.30262285714285714","0.12288000000000007","0.17974285714285718","0.3686503661332585","0.16109509628084812","Matrix;Vector"
"target-batch1","w4a8","middle","8","matrix","8","0","true","","2112","4936","1078.835313468412","474.5858738660868","217.85746285714293","125.82912000000007","92.02834285714287","121.26893984652814","0.08054754814042406","Matrix;Vector","6.32310310210624","158.1501968024051","0.4255028571428573","0.24576000000000015","0.17974285714285718","0.3686503661332585","0.16109509628084812","Matrix;Vector"
"target-batch1","w4a8","middle","8","matrix","16","0","true","","2112","4936","1204.6644334684054","425.0146229733678","343.68658285714275","251.65824000000015","92.02834285714287","121.26893984652814","0.08054754814042406","Matrix;Vector","6.567529698660728","152.2642524485155","0.6712628571428569","0.4915200000000003","0.17974285714285718","0.3686503661332585","0.16109509628084812","Matrix;Vector"
"target-batch1","w4a8","middle","8","matrix","32","0","true","","2112","4936","1456.3226734683938","351.5704378759793","595.3448228571428","503.3164800000003","92.02834285714287","121.26893984652814","0.08054754814042406","Matrix;Vector","6.852462143715679","145.93294775325236","1.1627828571428571","0.9830400000000006","0.17974285714285718","0.3686503661332585","0.16109509628084812","Matrix;Vector"
"target-batch1","w4a8","middle","8","dedicated","","1","true","","2240","6224","1492.2738506112505","343.1005641426201","631.2959999999999","0","0","0.32666292345124465","0.08054754814042406","Recurrent","6.720264085107613","148.80367606624893","1.2329999999999999","0","0","0.17960421228710455","0.16109509628084812","Recurrent"
"target-batch1","w4a8","middle","8","dedicated","","2","true","","2368","7512","1176.6258506112638","435.1425729207064","315.64799999999997","0","0","0.32666292345124465","0.08054754814042406","Recurrent","6.453232958733986","154.96108793756966","0.6164999999999999","0","0","0.17960421228710455","0.16109509628084812","Recurrent"
"target-batch1","w4a8","middle","8","dedicated","","4","true","","2624","10088","1018.8018506112737","502.5511091217627","157.82399999999998","0","0","0.32666292345124465","0.08054754814042406","Recurrent","6.205850244963384","161.13827445507434","0.30824999999999997","0","0","0.17960421228710455","0.16109509628084812","Recurrent"
"target-batch1","w4a8","middle","8","dedicated","","8","true","","3136","15240","939.8898506112747","544.7446843553117","78.91199999999999","0","0","0.32666292345124465","0.08054754814042406","Recurrent","6.077204457250489","164.5493428819787","0.15412499999999998","0","0","0.17960421228710455","0.16109509628084812","Recurrent"
"target-batch1","w4a8","middle","8","dedicated","","16","true","","4160","25544","900.4338506112737","568.6147845868086","39.455999999999996","0","0","0.32666292345124465","0.08054754814042406","Recurrent","6.077204457250489","164.5493428819787","0.07706249999999999","0","0","0.17960421228710455","0.16109509628084812","Recurrent"
"target-batch1","w4a8","middle","16","vector","","0","true","","4160","6984","1123.4729363255503","455.729714037043","631.2959999999999","0","0","169.66475523114357","0.08054754814042406","Vector","6.720264085107613","148.80367606624893","1.2329999999999999","0","0","0.4631734430563353","0.16109509628084812","Vector"
"target-batch1","w4a8","middle","16","matrix","1","0","true","","4160","6984","613.4458761720803","834.6294593989197","99.8926628571429","7.864320000000005","92.02834285714287","121.26893984652814","0.08054754814042406","Matrix;Vector","6.266250611096641","159.58506323209318","0.19510285714285722","0.015360000000000009","0.17974285714285718","0.3686503661332585","0.16109509628084812","Matrix;Vector"
"target-batch1","w4a8","middle","16","matrix","2","0","true","","4160","6984","613.4458761720803","834.6294593989197","107.7569828571429","15.72864000000001","92.02834285714287","121.26893984652814","0.08054754814042406","Matrix;Vector","6.266250611096641","159.58506323209318","0.21046285714285723","0.030720000000000018","0.17974285714285718","0.3686503661332585","0.16109509628084812","Matrix;Vector"
"target-batch1","w4a8","middle","16","matrix","4","0","true","","4160","6984","615.662559182695","831.6243896326761","123.4856228571429","31.45728000000002","92.02834285714287","121.26893984652814","0.08054754814042406","Matrix;Vector","6.266250611096641","159.58506323209318","0.24118285714285723","0.061440000000000036","0.17974285714285718","0.3686503661332585","0.16109509628084812","Matrix;Vector"
"target-batch1","w4a8","middle","16","matrix","8","0","true","","4160","6984","639.3959534684102","800.7557714787692","154.94290285714285","62.91456000000004","92.02834285714287","121.26893984652814","0.08054754814042406","Matrix;Vector","6.266250611096641","159.58506323209318","0.30262285714285714","0.12288000000000007","0.17974285714285718","0.3686503661332585","0.16109509628084812","Matrix;Vector"
"target-batch1","w4a8","middle","16","matrix","16","0","true","","4160","6984","702.3105134684112","729.022263202997","217.85746285714293","125.82912000000007","92.02834285714287","121.26893984652814","0.08054754814042406","Matrix;Vector","6.32310310210624","158.1501968024051","0.4255028571428573","0.24576000000000015","0.17974285714285718","0.3686503661332585","0.16109509628084812","Matrix;Vector"
"target-batch1","w4a8","middle","16","matrix","32","0","true","","4160","6984","828.1396334684134","618.2532260358585","343.68658285714275","251.65824000000015","92.02834285714287","121.26893984652814","0.08054754814042406","Matrix;Vector","6.567529698660728","152.2642524485155","0.6712628571428569","0.4915200000000003","0.17974285714285718","0.3686503661332585","0.16109509628084812","Matrix;Vector"
"target-batch1","w4a8","middle","16","dedicated","","1","true","","4288","8272","1115.749050611265","458.8845491013414","631.2959999999999","0","0","0.32666292345124465","0.08054754814042406","Recurrent","6.720264085107613","148.80367606624893","1.2329999999999999","0","0","0.17960421228710455","0.16109509628084812","Recurrent"
"target-batch1","w4a8","middle","16","dedicated","","2","true","","4416","9560","800.1010506112705","639.91916972092","315.64799999999997","0","0","0.32666292345124465","0.08054754814042406","Recurrent","6.453232958733986","154.96108793756966","0.6164999999999999","0","0","0.17960421228710455","0.16109509628084812","Recurrent"
"target-batch1","w4a8","middle","16","dedicated","","4","true","","4672","12136","642.2770506112677","797.1637777073297","157.82399999999998","0","0","0.32666292345124465","0.08054754814042406","Recurrent","6.205850244963384","161.13827445507434","0.30824999999999997","0","0","0.17960421228710455","0.16109509628084812","Recurrent"
"target-batch1","w4a8","middle","16","dedicated","","8","true","","5184","17288","563.3650506112654","908.8245702222156","78.91199999999999","0","0","0.32666292345124465","0.08054754814042406","Recurrent","6.077204457250489","164.5493428819787","0.15412499999999998","0","0","0.17960421228710455","0.16109509628084812","Recurrent"
"target-batch1","w4a8","middle","16","dedicated","","16","true","","6208","27592","523.9090506112645","977.268858788811","39.455999999999996","0","0","0.32666292345124465","0.08054754814042406","Recurrent","6.077204457250489","164.5493428819787","0.07706249999999999","0","0","0.17960421228710455","0.16109509628084812","Recurrent"
"target-batch1","w4a8","f2-ceiling","1","vector","","0","true","","320","3144","6774.3577024794495","75.57912092722906","631.2959999999999","0","0","84.83237761557179","0.05253100965679828","Vector","18.35935312385511","54.46815000800089","1.2329999999999999","0","0","0.23158672152816764","0.10506201931359656","Vector"
"target-batch1","w4a8","f2-ceiling","1","matrix","1","0","true","","320","3144","6703.488575446476","76.37814165527969","217.85746285714293","125.82912000000007","92.02834285714287","60.63446992326407","0.05253100965679828","Matrix;Vector","18.22599411286609","54.86669170457375","0.4255028571428573","0.24576000000000015","0.17974285714285718","0.18432518306662926","0.10506201931359656","Matrix;Vector"
"target-batch1","w4a8","f2-ceiling","1","matrix","2","0","true","","320","3144","6829.317695446475","74.97088623383003","343.68658285714275","251.65824000000015","92.02834285714287","60.63446992326407","0.05253100965679828","Matrix;Vector","18.471754112866076","54.13671023822653","0.6712628571428569","0.4915200000000003","0.17974285714285718","0.18432518306662926","0.10506201931359656","Matrix;Vector"
"target-batch1","w4a8","f2-ceiling","1","matrix","4","0","true","","320","3144","7080.975935446479","72.30641717577262","595.3448228571428","503.3164800000003","92.02834285714287","60.63446992326407","0.05253100965679828","Matrix;Vector","18.963274112866067","52.73350973298051","1.1627828571428571","0.9830400000000006","0.17974285714285718","0.18432518306662926","0.10506201931359656","Matrix;Vector"
"target-batch1","w4a8","f2-ceiling","1","matrix","8","0","true","","320","3144","7584.2924154464845","67.50794562683785","1098.661302857143","1006.6329600000006","92.02834285714287","60.63446992326407","0.05253100965679828","Matrix;Vector","19.946314112866048","50.13457595932303","2.1458228571428575","1.9660800000000012","0.17974285714285718","0.18432518306662926","0.10506201931359656","Matrix;Vector"
"target-batch1","w4a8","f2-ceiling","1","matrix","16","0","true","","320","3144","8590.92537544651","59.59777062705413","2105.2942628571427","2013.2659200000012","92.02834285714287","60.63446992326407","0.05253100965679828","Matrix;Vector","21.912394112866053","45.63627300828992","4.111902857142857","3.9321600000000023","0.17974285714285718","0.18432518306662926","0.10506201931359656","Matrix;Vector"
"target-batch1","w4a8","f2-ceiling","1","matrix","32","0","true","","320","3144","10604.191295446535","48.28279552254532","4118.5601828571425","4026.5318400000024","92.02834285714287","60.63446992326407","0.05253100965679828","Matrix;Vector","25.844554112866046","38.6928710641665","8.044062857142857","7.864320000000005","0.17974285714285718","0.18432518306662926","0.10506201931359656","Matrix;Vector"
"target-batch1","w4a8","f2-ceiling","1","dedicated","","1","true","","448","4432","6766.633816765166","75.66539196069057","631.2959999999999","0","0","0.16333146172562232","0.05253100965679828","Recurrent","18.35935312385511","54.46815000800089","1.2329999999999999","0","0","0.08980210614355227","0.10506201931359656","Recurrent"
"target-batch1","w4a8","f2-ceiling","1","dedicated","","2","true","","576","5720","6450.9858167651555","79.36771441496398","315.64799999999997","0","0","0.16333146172562232","0.05253100965679828","Recurrent","17.84918789042145","56.02495789383436","0.6164999999999999","0","0","0.08980210614355227","0.10506201931359656","Recurrent"
"target-batch1","w4a8","f2-ceiling","1","dedicated","","4","true","","832","8296","6439.937482918991","79.50387738359363","157.82399999999998","0","0","0.16333146172562232","0.05253100965679828","Recurrent","17.84918789042145","56.02495789383436","0.30824999999999997","0","0","0.08980210614355227","0.10506201931359656","Recurrent"
"target-batch1","w4a8","f2-ceiling","1","dedicated","","8","true","","1344","13448","6439.937482918991","79.50387738359363","78.91199999999999","0","0","0.16333146172562232","0.05253100965679828","Recurrent","17.95461625572323","55.69598290251617","0.15412499999999998","0","0","0.08980210614355227","0.10506201931359656","Recurrent"
"target-batch1","w4a8","f2-ceiling","1","dedicated","","16","true","","2368","23752","6439.937482918991","79.50387738359363","39.455999999999996","0","0","0.16333146172562232","0.05253100965679828","Recurrent","17.905553275036826","55.84859538488308","0.07706249999999999","0","0","0.08980210614355227","0.10506201931359656","Recurrent"
"target-batch1","w4a8","f2-ceiling","2","vector","","0","true","","576","3400","3759.9520135904786","136.17195063909273","631.2959999999999","0","0","84.83237761557179","0.05253100965679828","Vector","10.035370901633105","99.64753767469273","1.2329999999999999","0","0","0.23158672152816764","0.10506201931359656","Vector"
"target-batch1","w4a8","f2-ceiling","2","matrix","1","0","true","","576","3400","3453.480966557512","148.25621017114514","154.94290285714285","62.91456000000004","92.02834285714287","60.63446992326407","0.05253100965679828","Matrix;Vector","9.45145189064411","105.80385019891908","0.30262285714285714","0.12288000000000007","0.17974285714285718","0.18432518306662926","0.10506201931359656","Matrix;Vector"
"target-batch1","w4a8","f2-ceiling","2","matrix","2","0","true","","576","3400","3516.3955265575096","145.6036433140498","217.85746285714293","125.82912000000007","92.02834285714287","60.63446992326407","0.05253100965679828","Matrix;Vector","9.574331890644105","104.44593016220642","0.4255028571428573","0.24576000000000015","0.17974285714285718","0.18432518306662926","0.10506201931359656","Matrix;Vector"
"target-batch1","w4a8","f2-ceiling","2","matrix","4","0","true","","576","3400","3642.224646557512","140.57342687083354","343.68658285714275","251.65824000000015","92.02834285714287","60.63446992326407","0.05253100965679828","Matrix;Vector","9.820091890644111","101.8320409967578","0.6712628571428569","0.4915200000000003","0.17974285714285718","0.18432518306662926","0.10506201931359656","Matrix;Vector"
"target-batch1","w4a8","f2-ceiling","2","matrix","8","0","true","","576","3400","3893.882886557509","131.48828943149013","595.3448228571428","503.3164800000003","92.02834285714287","60.63446992326407","0.05253100965679828","Matrix;Vector","10.31161189064409","96.97804868968332","1.1627828571428571","0.9830400000000006","0.17974285714285718","0.18432518306662926","0.10506201931359656","Matrix;Vector"
"target-batch1","w4a8","f2-ceiling","2","matrix","16","0","true","","576","3400","4397.199366557526","116.43774987642507","1098.661302857143","1006.6329600000006","92.02834285714287","60.63446992326407","0.05253100965679828","Matrix;Vector","11.294651890644031","88.53747859448008","2.1458228571428575","1.9660800000000012","0.17974285714285718","0.18432518306662926","0.10506201931359656","Matrix;Vector"
"target-batch1","w4a8","f2-ceiling","2","matrix","32","0","true","","576","3400","5403.832326557554","94.74757339966605","2105.2942628571427","2013.2659200000012","92.02834285714287","60.63446992326407","0.05253100965679828","Matrix;Vector","13.260731890643948","75.41061897990305","4.111902857142857","3.9321600000000023","0.17974285714285718","0.18432518306662926","0.10506201931359656","Matrix;Vector"
"target-batch1","w4a8","f2-ceiling","2","dedicated","","1","true","","704","4688","3752.228127876192","136.45225784547335","631.2959999999999","0","0","0.16333146172562232","0.05253100965679828","Recurrent","10.035370901633105","99.64753767469273","1.2329999999999999","0","0","0.08980210614355227","0.10506201931359656","Recurrent"
"target-batch1","w4a8","f2-ceiling","2","dedicated","","2","true","","832","5976","3436.5801278761933","148.98532289320315","315.64799999999997","0","0","0.16333146172562232","0.05253100965679828","Recurrent","9.418870901633111","106.16983823683292","0.6164999999999999","0","0","0.08980210614355227","0.10506201931359656","Recurrent"
"target-batch1","w4a8","f2-ceiling","2","dedicated","","4","true","","1088","8552","3278.756127876193","156.15678020299936","157.82399999999998","0","0","0.16333146172562232","0.05253100965679828","Recurrent","9.197525668199448","108.7248936371563","0.30824999999999997","0","0","0.08980210614355227","0.10506201931359656","Recurrent"
"target-batch1","w4a8","f2-ceiling","2","dedicated","","8","true","","1600","13704","3249.5695428212525","157.55933001374862","78.91199999999999","0","0","0.16333146172562232","0.05253100965679828","Recurrent","9.30295403350125","107.49273794096574","0.15412499999999998","0","0","0.08980210614355227","0.10506201931359656","Recurrent"
"target-batch1","w4a8","f2-ceiling","2","dedicated","","16","true","","2624","24008","3249.5695428212525","157.55933001374862","39.455999999999996","0","0","0.16333146172562232","0.05253100965679828","Recurrent","9.253891052814843","108.06265108295398","0.07706249999999999","0","0","0.08980210614355227","0.10506201931359656","Recurrent"
"target-batch1","w4a8","f2-ceiling","4","vector","","0","true","","1088","3912","2252.749169146036","227.2778554365585","631.2959999999999","0","0","84.83237761557179","0.05253100965679828","Vector","5.902686812042139","169.4143754942052","1.2329999999999999","0","0","0.23158672152816764","0.10506201931359656","Vector"
"target-batch1","w4a8","f2-ceiling","4","matrix","1","0","true","","1088","3912","1828.4771621130785","280.01443529560277","123.4856228571429","31.45728000000002","92.02834285714287","60.63446992326407","0.05253100965679828","Matrix;Vector","5.1216654887820665","195.24898730506516","0.24118285714285723","0.061440000000000036","0.17974285714285718","0.18432518306662926","0.10506201931359656","Matrix;Vector"
"target-batch1","w4a8","f2-ceiling","4","matrix","2","0","true","","1088","3912","1859.9344421130784","275.2785197193912","154.94290285714285","62.91456000000004","92.02834285714287","60.63446992326407","0.05253100965679828","Matrix;Vector","5.183105488782068","192.9345258676148","0.30262285714285714","0.12288000000000007","0.17974285714285718","0.18432518306662926","0.10506201931359656","Matrix;Vector"
"target-batch1","w4a8","f2-ceiling","4","matrix","4","0","true","","1088","3912","1922.8490021130783","266.27155821249994","217.85746285714293","125.82912000000007","92.02834285714287","60.63446992326407","0.05253100965679828","Matrix;Vector","5.30598548878207","188.46640310536148","0.4255028571428573","0.24576000000000015","0.17974285714285718","0.18432518306662926","0.10506201931359656","Matrix;Vector"
"target-batch1","w4a8","f2-ceiling","4","matrix","8","0","true","","1088","3912","2048.678122113076","249.91724882184317","343.68658285714275","251.65824000000015","92.02834285714287","60.63446992326407","0.05253100965679828","Matrix;Vector","5.551745488782072","180.12353088242477","0.6712628571428569","0.4915200000000003","0.17974285714285718","0.18432518306662926","0.10506201931359656","Matrix;Vector"
"target-batch1","w4a8","f2-ceiling","4","matrix","16","0","true","","1088","3912","2300.3363621130698","222.57614513804452","595.3448228571428","503.3164800000003","92.02834285714287","60.63446992326407","0.05253100965679828","Matrix;Vector","6.004942349282682","166.5294921806293","1.1627828571428571","0.9830400000000006","0.17974285714285718","0.18432518306662926","0.10506201931359656","Matrix;Vector"
"target-batch1","w4a8","f2-ceiling","4","matrix","32","0","true","","1088","3912","2803.6528421130633","182.61890071030146","1098.661302857143","1006.6329600000006","92.02834285714287","60.63446992326407","0.05253100965679828","Matrix;Vector","6.987982349282684","143.10282282018784","2.1458228571428575","1.9660800000000012","0.17974285714285718","0.18432518306662926","0.10506201931359656","Matrix;Vector"
"target-batch1","w4a8","f2-ceiling","4","dedicated","","1","true","","1216","5200","2245.0252834317507","228.0597923678417","631.2959999999999","0","0","0.16333146172562232","0.05253100965679828","Recurrent","5.902686812042139","169.4143754942052","1.2329999999999999","0","0","0.08980210614355227","0.10506201931359656","Recurrent"
"target-batch1","w4a8","f2-ceiling","4","dedicated","","2","true","","1344","6488","1929.377283431758","265.3705962005069","315.64799999999997","0","0","0.16333146172562232","0.05253100965679828","Recurrent","5.286186812042138","189.17227777912828","0.6164999999999999","0","0","0.08980210614355227","0.10506201931359656","Recurrent"
"target-batch1","w4a8","f2-ceiling","4","dedicated","","4","true","","1600","9064","1771.5532834317626","289.01191106607854","157.82399999999998","0","0","0.16333146172562232","0.05253100965679828","Recurrent","5.0365508550824325","198.54857595469133","0.30824999999999997","0","0","0.08980210614355227","0.10506201931359656","Recurrent"
"target-batch1","w4a8","f2-ceiling","4","dedicated","","8","true","","2112","14216","1692.6412834317623","302.4858279256551","78.91199999999999","0","0","0.16333146172562232","0.05253100965679828","Recurrent","5.034607631639211","198.62521037700236","0.15412499999999998","0","0","0.08980210614355227","0.10506201931359656","Recurrent"
"target-batch1","w4a8","f2-ceiling","4","dedicated","","16","true","","3136","24520","1660.9091691460496","308.2649006406792","39.455999999999996","0","0","0.16333146172562232","0.05253100965679828","Recurrent","4.985544650952809","200.57989046570583","0.07706249999999999","0","0","0.08980210614355227","0.10506201931359656","Recurrent"
"target-batch1","w4a8","f2-ceiling","8","vector","","0","true","","2112","4936","1499.4348264545376","341.4619901890905","631.2959999999999","0","0","84.83237761557179","0.05253100965679828","Vector","5.030704959726873","198.77929793248936","1.2329999999999999","0","0","0.23158672152816764","0.10506201931359656","Vector"
"target-batch1","w4a8","f2-ceiling","8","matrix","1","0","true","","2112","4936","968.1719235974189","528.8316956120467","107.7569828571429","15.72864000000001","92.02834285714287","60.63446992326407","0.05253100965679828","Matrix;Vector","4.228944050844089","236.46564910226274","0.21046285714285723","0.030720000000000018","0.17974285714285718","0.18432518306662926","0.10506201931359656","Matrix;Vector"
"target-batch1","w4a8","f2-ceiling","8","matrix","2","0","true","","2112","4936","983.9005635974193","520.3777891212735","123.4856228571429","31.45728000000002","92.02834285714287","60.63446992326407","0.05253100965679828","Matrix;Vector","4.259664050844088","234.7602975407982","0.24118285714285723","0.061440000000000036","0.17974285714285718","0.18432518306662926","0.10506201931359656","Matrix;Vector"
"target-batch1","w4a8","f2-ceiling","8","matrix","4","0","true","","2112","4936","1015.357843597418","504.2557195264099","154.94290285714285","62.91456000000004","92.02834285714287","60.63446992326407","0.05253100965679828","Matrix;Vector","4.321104050844089","231.4223374937382","0.30262285714285714","0.12288000000000007","0.17974285714285718","0.18432518306662926","0.10506201931359656","Matrix;Vector"
"target-batch1","w4a8","f2-ceiling","8","matrix","8","0","true","","2112","4936","1078.2724035974136","474.8336304368238","217.85746285714293","125.82912000000007","92.02834285714287","60.63446992326407","0.05253100965679828","Matrix;Vector","4.428356967510757","225.81738720176264","0.4255028571428573","0.24576000000000015","0.17974285714285718","0.18432518306662926","0.10506201931359656","Matrix;Vector"
"target-batch1","w4a8","f2-ceiling","8","matrix","16","0","true","","2112","4936","1204.101523597407","425.21331463009415","343.68658285714275","251.65824000000015","92.02834285714287","60.63446992326407","0.05253100965679828","Matrix;Vector","4.6741169675107574","213.94415393343462","0.6712628571428569","0.4915200000000003","0.17974285714285718","0.18432518306662926","0.10506201931359656","Matrix;Vector"
"target-batch1","w4a8","f2-ceiling","8","matrix","32","0","true","","2112","4936","1455.7597635973957","351.7063823324619","595.3448228571428","503.3164800000003","92.02834285714287","60.63446992326407","0.05253100965679828","Matrix;Vector","4.960487816869728","201.59307651138252","1.1627828571428571","0.9830400000000006","0.17974285714285718","0.18432518306662926","0.10506201931359656","Matrix;Vector"
"target-batch1","w4a8","f2-ceiling","8","dedicated","","1","true","","2240","6224","1491.7109407402525","343.2300360724867","631.2959999999999","0","0","0.16333146172562232","0.05253100965679828","Recurrent","5.030704959726873","198.77929793248936","1.2329999999999999","0","0","0.08980210614355227","0.10506201931359656","Recurrent"
"target-batch1","w4a8","f2-ceiling","8","dedicated","","2","true","","2368","7512","1176.0629407402657","435.3508492306753","315.64799999999997","0","0","0.16333146172562232","0.05253100965679828","Recurrent","4.4435119812470205","225.0472158554553","0.6164999999999999","0","0","0.08980210614355227","0.10506201931359656","Recurrent"
"target-batch1","w4a8","f2-ceiling","8","dedicated","","4","true","","2624","10088","1018.2389407402752","502.82893289051407","157.82399999999998","0","0","0.16333146172562232","0.05253100965679828","Recurrent","4.3111041103679","231.95913956127174","0.30824999999999997","0","0","0.08980210614355227","0.10506201931359656","Recurrent"
"target-batch1","w4a8","f2-ceiling","8","dedicated","","8","true","","3136","15240","939.3269407402762","545.071133163174","78.91199999999999","0","0","0.16333146172562232","0.05253100965679828","Recurrent","4.172606193701232","239.65837023142814","0.15412499999999998","0","0","0.08980210614355227","0.10506201931359656","Recurrent"
"target-batch1","w4a8","f2-ceiling","8","dedicated","","16","true","","4160","25544","899.8709407402749","568.970478787553","39.455999999999996","0","0","0.16333146172562232","0.05253100965679828","Recurrent","4.1235432130148295","242.5098873327616","0.07706249999999999","0","0","0.08980210614355227","0.10506201931359656","Recurrent"
"target-batch1","w4a8","f2-ceiling","16","vector","","0","true","","4160","6984","1122.910026454552","455.95816934378615","631.2959999999999","0","0","84.83237761557179","0.05253100965679828","Vector","5.013718293060206","199.45276969074254","1.2329999999999999","0","0","0.23158672152816764","0.10506201931359656","Vector"
"target-batch1","w4a8","f2-ceiling","16","matrix","1","0","true","","4160","6984","583.78280359741","877.0385096048273","99.8926628571429","7.864320000000005","92.02834285714287","60.63446992326407","0.05253100965679828","Matrix;Vector","4.196597384177421","238.28828654622316","0.19510285714285722","0.015360000000000009","0.17974285714285718","0.18432518306662926","0.10506201931359656","Matrix;Vector"
"target-batch1","w4a8","f2-ceiling","16","matrix","2","0","true","","4160","6984","591.6471235974104","865.3806966674163","107.7569828571429","15.72864000000001","92.02834285714287","60.63446992326407","0.05253100965679828","Matrix;Vector","4.211957384177423","237.41930622484102","0.21046285714285723","0.030720000000000018","0.17974285714285718","0.18432518306662926","0.10506201931359656","Matrix;Vector"
"target-batch1","w4a8","f2-ceiling","16","matrix","4","0","true","","4160","6984","607.3757635974108","842.9707451075885","123.4856228571429","31.45728000000002","92.02834285714287","60.63446992326407","0.05253100965679828","Matrix;Vector","4.242677384177421","235.7002216876978","0.24118285714285723","0.061440000000000036","0.17974285714285718","0.18432518306662926","0.10506201931359656","Matrix;Vector"
"target-batch1","w4a8","f2-ceiling","16","matrix","8","0","true","","4160","6984","638.8330435974116","801.4613601024982","154.94290285714285","62.91456000000004","92.02834285714287","60.63446992326407","0.05253100965679828","Matrix;Vector","4.304117384177422","232.33567088020163","0.30262285714285714","0.12288000000000007","0.17974285714285718","0.18432518306662926","0.10506201931359656","Matrix;Vector"
"target-batch1","w4a8","f2-ceiling","16","matrix","16","0","true","","4160","6984","701.7476035974126","729.6070515599945","217.85746285714293","125.82912000000007","92.02834285714287","60.63446992326407","0.05253100965679828","Matrix;Vector","4.41137030084409","226.68693213277874","0.4255028571428573","0.24576000000000015","0.17974285714285718","0.18432518306662926","0.10506201931359656","Matrix;Vector"
"target-batch1","w4a8","f2-ceiling","16","matrix","32","0","true","","4160","6984","827.5767235974148","618.6737560408585","343.68658285714275","251.65824000000015","92.02834285714287","60.63446992326407","0.05253100965679828","Matrix;Vector","4.65713030084409","214.72450530721744","0.6712628571428569","0.4915200000000003","0.17974285714285718","0.18432518306662926","0.10506201931359656","Matrix;Vector"
"target-batch1","w4a8","f2-ceiling","16","dedicated","","1","true","","4288","8272","1115.1861407402666","459.1161791699919","631.2959999999999","0","0","0.16333146172562232","0.05253100965679828","Recurrent","5.013718293060206","199.45276969074254","1.2329999999999999","0","0","0.08980210614355227","0.10506201931359656","Recurrent"
"target-batch1","w4a8","f2-ceiling","16","dedicated","","2","true","","4416","9560","799.538140740272","640.3697008449807","315.64799999999997","0","0","0.16333146172562232","0.05253100965679828","Recurrent","4.426525314580354","225.91082823047236","0.6164999999999999","0","0","0.08980210614355227","0.10506201931359656","Recurrent"
"target-batch1","w4a8","f2-ceiling","16","dedicated","","4","true","","4672","12136","641.7141407402693","797.8630475703193","157.82399999999998","0","0","0.16333146172562232","0.05253100965679828","Recurrent","4.294117443701233","232.87672335716763","0.30824999999999997","0","0","0.08980210614355227","0.10506201931359656","Recurrent"
"target-batch1","w4a8","f2-ceiling","16","dedicated","","8","true","","5184","17288","562.802140740267","909.7335687574932","78.91199999999999","0","0","0.16333146172562232","0.05253100965679828","Recurrent","4.155619527034564","240.63800679885546","0.15412499999999998","0","0","0.08980210614355227","0.10506201931359656","Recurrent"
"target-batch1","w4a8","f2-ceiling","16","dedicated","","16","true","","6208","27592","523.346140740266","978.3200068615828","39.455999999999996","0","0","0.16333146172562232","0.05253100965679828","Recurrent","4.106556546348163","243.51302331128738","0.07706249999999999","0","0","0.08980210614355227","0.10506201931359656","Recurrent"
"target-batch8","w8a16","bandwidth-constrained","1","vector","","0","true","","320","3144","107253.63717841431","38.18984705559574","5050.3679999999995","0","0","5435.482651693803","2.1290794444212713","Vector","302.1955686898105","26.47292293095013","9.863999999999999","0","0","15.108164926071503","4.258158888842543","Vector"
"target-batch8","w8a16","bandwidth-constrained","1","matrix","1","0","true","","320","3144","105704.97108610664","38.74936020429373","1742.8597028571435","1006.6329600000006","736.226742857143","3886.8165593861136","2.1290794444212713","Matrix;Vector","299.170830228272","26.740574921344688","3.4040228571428583","1.9660800000000012","1.4379428571428574","12.08342646453303","4.258158888842543","Matrix;Vector"
"target-batch8","w8a16","bandwidth-constrained","1","matrix","2","0","true","","320","3144","105704.97108610664","38.74936020429373","2749.492662857142","2013.2659200000012","736.226742857143","3886.8165593861136","2.1290794444212713","Matrix;Vector","299.170830228272","26.740574921344688","5.3701028571428555","3.9321600000000023","1.4379428571428574","12.08342646453303","4.258158888842543","Matrix;Vector"
"target-batch8","w8a16","bandwidth-constrained","1","matrix","4","0","true","","320","3144","106580.91310957765","38.43089611916565","4762.758582857143","4026.5318400000024","736.226742857143","3886.8165593861136","2.1290794444212713","Matrix;Vector","299.170830228272","26.740574921344688","9.302262857142857","7.864320000000005","1.4379428571428574","12.08342646453303","4.258158888842543","Matrix;Vector"
"target-batch8","w8a16","bandwidth-constrained","1","matrix","8","0","true","","320","3144","110607.44494957766","37.03186527694617","8789.290422857144","8053.063680000005","736.226742857143","3886.8165593861136","2.1290794444212713","Matrix;Vector","304.253986620882","26.29382145111696","17.16658285714286","15.72864000000001","1.4379428571428574","12.08342646453303","4.258158888842543","Matrix;Vector"
"target-batch8","w8a16","bandwidth-constrained","1","matrix","16","0","true","","320","3144","118660.50862957763","34.518645228350394","16842.35410285714","16106.12736000001","736.226742857143","3886.8165593861136","2.1290794444212713","Matrix;Vector","319.98262662088223","25.001357368937594","32.895222857142855","31.45728000000002","1.4379428571428574","12.08342646453303","4.258158888842543","Matrix;Vector"
"target-batch8","w8a16","bandwidth-constrained","1","matrix","32","0","true","","320","3144","134766.63598957795","30.393279240989298","32948.48146285714","32212.25472000002","736.226742857143","3886.8165593861136","2.1290794444212713","Matrix;Vector","351.4399066208811","22.763493414622573","64.35250285714285","62.91456000000004","1.4379428571428574","12.08342646453303","4.258158888842543","Matrix;Vector"
"target-batch8","w8a16","bandwidth-constrained","1","dedicated","","1","true","","448","4432","101794.92440918364","40.23776257778203","5050.3679999999995","0","0","16.663697847651132","2.1290794444212713","Recurrent","286.4606837637387","27.92704358200192","9.863999999999999","0","0","6.03394954145611","4.258158888842543","Recurrent"
"target-batch8","w8a16","bandwidth-constrained","1","dedicated","","2","true","","576","5720","101794.92440918364","40.23776257778203","2525.1839999999997","0","0","16.663697847651132","2.1290794444212713","Recurrent","293.1213533051949","27.2924504127493","4.9319999999999995","0","0","6.03394954145611","4.258158888842543","Recurrent"
"target-batch8","w8a16","bandwidth-constrained","1","dedicated","","4","true","","832","8296","101794.92440918364","40.23776257778203","1262.5919999999999","0","0","16.663697847651132","2.1290794444212713","Recurrent","293.1213533051949","27.2924504127493","2.4659999999999997","0","0","6.03394954145611","4.258158888842543","Recurrent"
"target-batch8","w8a16","bandwidth-constrained","1","dedicated","","8","true","","1344","13448","101794.92440918364","40.23776257778203","631.2959999999999","0","0","16.663697847651132","2.1290794444212713","Recurrent","293.1213533051949","27.2924504127493","1.2329999999999999","0","0","6.03394954145611","4.258158888842543","Recurrent"
"target-batch8","w8a16","bandwidth-constrained","1","dedicated","","16","true","","2368","23752","101794.92440918364","40.23776257778203","315.64799999999997","0","0","16.663697847651132","2.1290794444212713","Recurrent","293.1213533051949","27.2924504127493","0.6164999999999999","0","0","6.03394954145611","4.258158888842543","Recurrent"
"target-batch8","w8a16","bandwidth-constrained","2","vector","","0","true","","576","3400","56908.06550718135","71.97573777100393","5050.3679999999995","0","0","5435.482651693803","2.1290794444212713","Vector","167.40719262143165","47.78767193170069","9.863999999999999","0","0","15.108164926071503","4.258158888842543","Vector"
"target-batch8","w8a16","bandwidth-constrained","2","matrix","1","0","true","","576","3400","55359.39941487369","73.98924199491057","1239.5432228571428","503.3164800000003","736.226742857143","3886.8165593861136","2.1290794444212713","Matrix;Vector","164.38245415989292","48.66699454564958","2.420982857142857","0.9830400000000006","1.4379428571428574","12.08342646453303","4.258158888842543","Matrix;Vector"
"target-batch8","w8a16","bandwidth-constrained","2","matrix","2","0","true","","576","3400","55359.39941487369","73.98924199491057","1742.8597028571435","1006.6329600000006","736.226742857143","3886.8165593861136","2.1290794444212713","Matrix;Vector","164.38245415989292","48.66699454564958","3.4040228571428583","1.9660800000000012","1.4379428571428574","12.08342646453303","4.258158888842543","Matrix;Vector"
"target-batch8","w8a16","bandwidth-constrained","2","matrix","4","0","true","","576","3400","55359.39941487369","73.98924199491057","2749.492662857142","2013.2659200000012","736.226742857143","3886.8165593861136","2.1290794444212713","Matrix;Vector","164.38245415989292","48.66699454564958","5.3701028571428555","3.9321600000000023","1.4379428571428574","12.08342646453303","4.258158888842543","Matrix;Vector"
"target-batch8","w8a16","bandwidth-constrained","2","matrix","8","0","true","","576","3400","56235.3414383447","72.83675879323631","4762.758582857143","4026.5318400000024","736.226742857143","3886.8165593861136","2.1290794444212713","Matrix;Vector","164.38245415989292","48.66699454564958","9.302262857142857","7.864320000000005","1.4379428571428574","12.08342646453303","4.258158888842543","Matrix;Vector"
"target-batch8","w8a16","bandwidth-constrained","2","matrix","16","0","true","","576","3400","60261.873278344596","67.97000785357129","8789.290422857144","8053.063680000005","736.226742857143","3886.8165593861136","2.1290794444212713","Matrix;Vector","169.4656105525031","47.20721787693601","17.16658285714286","15.72864000000001","1.4379428571428574","12.08342646453303","4.258158888842543","Matrix;Vector"
"target-batch8","w8a16","bandwidth-constrained","2","matrix","32","0","true","","576","3400","68314.93695834454","59.95760491585555","16842.35410285714","16106.12736000001","736.226742857143","3886.8165593861136","2.1290794444212713","Matrix;Vector","185.1942505525037","43.19788533463112","32.895222857142855","31.45728000000002","1.4379428571428574","12.08342646453303","4.258158888842543","Matrix;Vector"
"target-batch8","w8a16","bandwidth-constrained","2","dedicated","","1","true","","704","4688","53737.4812097734","76.22240394949974","5050.3679999999995","0","0","16.663697847651132","2.1290794444212713","Recurrent","156.91518769535966","50.982955298957194","9.863999999999999","0","0","6.03394954145611","4.258158888842543","Recurrent"
"target-batch8","w8a16","bandwidth-constrained","2","dedicated","","2","true","","832","5976","51449.35273795074","79.61227463564678","2525.1839999999997","0","0","16.663697847651132","2.1290794444212713","Recurrent","158.33297723681576","50.52642942496145","4.9319999999999995","0","0","6.03394954145611","4.258158888842543","Recurrent"
"target-batch8","w8a16","bandwidth-constrained","2","dedicated","","4","true","","1088","8552","51449.35273795074","79.61227463564678","1262.5919999999999","0","0","16.663697847651132","2.1290794444212713","Recurrent","158.33297723681576","50.52642942496145","2.4659999999999997","0","0","6.03394954145611","4.258158888842543","Recurrent"
"target-batch8","w8a16","bandwidth-constrained","2","dedicated","","8","true","","1600","13704","51449.35273795074","79.61227463564678","631.2959999999999","0","0","16.663697847651132","2.1290794444212713","Recurrent","158.33297723681576","50.52642942496145","1.2329999999999999","0","0","6.03394954145611","4.258158888842543","Recurrent"
"target-batch8","w8a16","bandwidth-constrained","2","dedicated","","16","true","","2624","24008","51449.35273795074","79.61227463564678","315.64799999999997","0","0","16.663697847651132","2.1290794444212713","Recurrent","158.33297723681576","50.52642942496145","0.6164999999999999","0","0","6.03394954145611","4.258158888842543","Recurrent"
"target-batch8","w8a16","bandwidth-constrained","4","vector","","0","true","","1088","3912","31735.241573214185","129.06786893524668","5050.3679999999995","0","0","5435.482651693803","2.1290794444212713","Vector","102.41964957503309","78.11001144013058","9.863999999999999","0","0","15.108164926071503","4.258158888842543","Vector"
"target-batch8","w8a16","bandwidth-constrained","4","matrix","1","0","true","","1088","3912","30186.575480906486","135.6894558175633","987.8849828571432","251.65824000000015","736.226742857143","3886.8165593861136","2.1290794444212713","Matrix;Vector","99.39491111349463","80.48701800100365","1.9294628571428578","0.4915200000000003","1.4379428571428574","12.08342646453303","4.258158888842543","Matrix;Vector"
"target-batch8","w8a16","bandwidth-constrained","4","matrix","2","0","true","","1088","3912","30186.575480906486","135.6894558175633","1239.5432228571428","503.3164800000003","736.226742857143","3886.8165593861136","2.1290794444212713","Matrix;Vector","99.39491111349463","80.48701800100365","2.420982857142857","0.9830400000000006","1.4379428571428574","12.08342646453303","4.258158888842543","Matrix;Vector"
"target-batch8","w8a16","bandwidth-constrained","4","matrix","4","0","true","","1088","3912","30186.575480906486","135.6894558175633","1742.8597028571435","1006.6329600000006","736.226742857143","3886.8165593861136","2.1290794444212713","Matrix;Vector","99.39491111349463","80.48701800100365","3.4040228571428583","1.9660800000000012","1.4379428571428574","12.08342646453303","4.258158888842543","Matrix;Vector"
"target-batch8","w8a16","bandwidth-constrained","4","matrix","8","0","true","","1088","3912","30186.575480906486","135.6894558175633","2749.492662857142","2013.2659200000012","736.226742857143","3886.8165593861136","2.1290794444212713","Matrix;Vector","99.39491111349463","80.48701800100365","5.3701028571428555","3.9321600000000023","1.4379428571428574","12.08342646453303","4.258158888842543","Matrix;Vector"
"target-batch8","w8a16","bandwidth-constrained","4","matrix","16","0","true","","1088","3912","31062.517504377534","131.8631047667905","4762.758582857143","4026.5318400000024","736.226742857143","3886.8165593861136","2.1290794444212713","Matrix;Vector","99.39491111349463","80.48701800100365","9.302262857142857","7.864320000000005","1.4379428571428574","12.08342646453303","4.258158888842543","Matrix;Vector"
"target-batch8","w8a16","bandwidth-constrained","4","matrix","32","0","true","","1088","3912","35089.04934437731","116.73157513617124","8789.290422857144","8053.063680000005","736.226742857143","3886.8165593861136","2.1290794444212713","Matrix;Vector","104.47806750610442","76.571094689635","17.16658285714286","15.72864000000001","1.4379428571428574","12.08342646453303","4.258158888842543","Matrix;Vector"
"target-batch8","w8a16","bandwidth-constrained","4","dedicated","","1","true","","1216","5200","29926.49535580609","136.86868279433622","5050.3679999999995","0","0","16.663697847651132","2.1290794444212713","Recurrent","94.58101480769177","84.58357119836487","9.863999999999999","0","0","6.03394954145611","4.258158888842543","Recurrent"
"target-batch8","w8a16","bandwidth-constrained","4","dedicated","","2","true","","1344","6488","27401.311355806094","149.48189693600537","2525.1839999999997","0","0","16.663697847651132","2.1290794444212713","Recurrent","93.34543419041778","85.70317412290989","4.9319999999999995","0","0","6.03394954145611","4.258158888842543","Recurrent"
"target-batch8","w8a16","bandwidth-constrained","4","dedicated","","4","true","","1600","9064","26276.528803983387","155.88055905539045","1262.5919999999999","0","0","16.663697847651132","2.1290794444212713","Recurrent","93.34543419041778","85.70317412290989","2.4659999999999997","0","0","6.03394954145611","4.258158888842543","Recurrent"
"target-batch8","w8a16","bandwidth-constrained","4","dedicated","","8","true","","2112","14216","26276.528803983387","155.88055905539045","631.2959999999999","0","0","16.663697847651132","2.1290794444212713","Recurrent","93.34543419041778","85.70317412290989","1.2329999999999999","0","0","6.03394954145611","4.258158888842543","Recurrent"
"target-batch8","w8a16","bandwidth-constrained","4","dedicated","","16","true","","3136","24520","26276.528803983387","155.88055905539045","315.64799999999997","0","0","16.663697847651132","2.1290794444212713","Recurrent","93.34543419041778","85.70317412290989","0.6164999999999999","0","0","6.03394954145611","4.258158888842543","Recurrent"
"target-batch8","w8a16","bandwidth-constrained","8","vector","","0","true","","2112","4936","19151.94137218848","213.86865803317528","5050.3679999999995","0","0","5435.482651693803","2.1290794444212713","Vector","86.1307928290015","92.88199652222733","9.863999999999999","0","0","15.108164926071503","4.258158888842543","Vector"
"target-batch8","w8a16","bandwidth-constrained","8","matrix","1","0","true","","2112","4936","17603.275279880752","232.68397129944486","862.0558628571432","125.82912000000007","736.226742857143","3886.8165593861136","2.1290794444212713","Matrix;Vector","83.10605436746307","96.26254141036549","1.6837028571428578","0.24576000000000015","1.4379428571428574","12.08342646453303","4.258158888842543","Matrix;Vector"
"target-batch8","w8a16","bandwidth-constrained","8","matrix","2","0","true","","2112","4936","17603.275279880752","232.68397129944486","987.8849828571432","251.65824000000015","736.226742857143","3886.8165593861136","2.1290794444212713","Matrix;Vector","83.10605436746307","96.26254141036549","1.9294628571428578","0.4915200000000003","1.4379428571428574","12.08342646453303","4.258158888842543","Matrix;Vector"
"target-batch8","w8a16","bandwidth-constrained","8","matrix","4","0","true","","2112","4936","17603.275279880752","232.68397129944486","1239.5432228571428","503.3164800000003","736.226742857143","3886.8165593861136","2.1290794444212713","Matrix;Vector","83.10605436746307","96.26254141036549","2.420982857142857","0.9830400000000006","1.4379428571428574","12.08342646453303","4.258158888842543","Matrix;Vector"
"target-batch8","w8a16","bandwidth-constrained","8","matrix","8","0","true","","2112","4936","17603.275279880752","232.68397129944486","1742.8597028571435","1006.6329600000006","736.226742857143","3886.8165593861136","2.1290794444212713","Matrix;Vector","83.10605436746307","96.26254141036549","3.4040228571428583","1.9660800000000012","1.4379428571428574","12.08342646453303","4.258158888842543","Matrix;Vector"
"target-batch8","w8a16","bandwidth-constrained","8","matrix","16","0","true","","2112","4936","17603.275279880752","232.68397129944486","2749.492662857142","2013.2659200000012","736.226742857143","3886.8165593861136","2.1290794444212713","Matrix;Vector","83.10605436746307","96.26254141036549","5.3701028571428555","3.9321600000000023","1.4379428571428574","12.08342646453303","4.258158888842543","Matrix;Vector"
"target-batch8","w8a16","bandwidth-constrained","8","matrix","32","0","true","","2112","4936","18479.217303351797","221.65440953265153","4762.758582857143","4026.5318400000024","736.226742857143","3886.8165593861136","2.1290794444212713","Matrix;Vector","83.10605436746307","96.26254141036549","9.302262857142857","7.864320000000005","1.4379428571428574","12.08342646453303","4.258158888842543","Matrix;Vector"
"target-batch8","w8a16","bandwidth-constrained","8","dedicated","","1","true","","2240","6224","18024.11419478037","227.25111235625474","5050.3679999999995","0","0","16.663697847651132","2.1290794444212713","Recurrent","80.88662790293003","98.90386343711343","9.863999999999999","0","0","6.03394954145611","4.258158888842543","Recurrent"
"target-batch8","w8a16","bandwidth-constrained","8","dedicated","","2","true","","2368","7512","15498.930194780332","264.27630478518023","2525.1839999999997","0","0","16.663697847651132","2.1290794444212713","Recurrent","77.0565774443862","103.81981999880301","4.9319999999999995","0","0","6.03394954145611","4.258158888842543","Recurrent"
"target-batch8","w8a16","bandwidth-constrained","8","dedicated","","4","true","","2624","10088","14236.338194780345","287.714434987346","1262.5919999999999","0","0","16.663697847651132","2.1290794444212713","Recurrent","77.0565774443862","103.81981999880301","2.4659999999999997","0","0","6.03394954145611","4.258158888842543","Recurrent"
"target-batch8","w8a16","bandwidth-constrained","8","dedicated","","8","true","","3136","15240","13693.228602957663","299.12594894642206","631.2959999999999","0","0","16.663697847651132","2.1290794444212713","Recurrent","77.0565774443862","103.81981999880301","1.2329999999999999","0","0","6.03394954145611","4.258158888842543","Recurrent"
"target-batch8","w8a16","bandwidth-constrained","8","dedicated","","16","true","","4160","25544","13693.228602957663","299.12594894642206","315.64799999999997","0","0","16.663697847651132","2.1290794444212713","Recurrent","77.0565774443862","103.81981999880301","0.6164999999999999","0","0","6.03394954145611","4.258158888842543","Recurrent"
"target-batch8","w8a16","bandwidth-constrained","16","vector","","0","true","","4160","6984","12863.270652188441","318.4260139393975","5050.3679999999995","0","0","5435.482651693803","2.1290794444212713","Vector","86.1307928290015","92.88199652222733","9.863999999999999","0","0","15.108164926071503","4.258158888842543","Vector"
"target-batch8","w8a16","bandwidth-constrained","16","matrix","1","0","true","","4160","6984","11314.604559880734","362.0100002896765","799.1413028571432","62.91456000000004","736.226742857143","3886.8165593861136","2.1290794444212713","Matrix;Vector","83.10605436746307","96.26254141036549","1.5608228571428577","0.12288000000000007","1.4379428571428574","12.08342646453303","4.258158888842543","Matrix;Vector"
"target-batch8","w8a16","bandwidth-constrained","16","matrix","2","0","true","","4160","6984","11314.604559880734","362.0100002896765","862.0558628571432","125.82912000000007","736.226742857143","3886.8165593861136","2.1290794444212713","Matrix;Vector","83.10605436746307","96.26254141036549","1.6837028571428578","0.24576000000000015","1.4379428571428574","12.08342646453303","4.258158888842543","Matrix;Vector"
"target-batch8","w8a16","bandwidth-constrained","16","matrix","4","0","true","","4160","6984","11314.604559880734","362.0100002896765","987.8849828571432","251.65824000000015","736.226742857143","3886.8165593861136","2.1290794444212713","Matrix;Vector","83.10605436746307","96.26254141036549","1.9294628571428578","0.4915200000000003","1.4379428571428574","12.08342646453303","4.258158888842543","Matrix;Vector"
"target-batch8","w8a16","bandwidth-constrained","16","matrix","8","0","true","","4160","6984","11314.604559880734","362.0100002896765","1239.5432228571428","503.3164800000003","736.226742857143","3886.8165593861136","2.1290794444212713","Matrix;Vector","83.10605436746307","96.26254141036549","2.420982857142857","0.9830400000000006","1.4379428571428574","12.08342646453303","4.258158888842543","Matrix;Vector"
"target-batch8","w8a16","bandwidth-constrained","16","matrix","16","0","true","","4160","6984","11314.604559880734","362.0100002896765","1742.8597028571435","1006.6329600000006","736.226742857143","3886.8165593861136","2.1290794444212713","Matrix;Vector","83.10605436746307","96.26254141036549","3.4040228571428583","1.9660800000000012","1.4379428571428574","12.08342646453303","4.258158888842543","Matrix;Vector"
"target-batch8","w8a16","bandwidth-constrained","16","matrix","32","0","true","","4160","6984","11314.604559880734","362.0100002896765","2749.492662857142","2013.2659200000012","736.226742857143","3886.8165593861136","2.1290794444212713","Matrix;Vector","83.10605436746307","96.26254141036549","5.3701028571428555","3.9321600000000023","1.4379428571428574","12.08342646453303","4.258158888842543","Matrix;Vector"
"target-batch8","w8a16","bandwidth-constrained","16","dedicated","","1","true","","4288","8272","12075.902994780348","339.1878853093175","5050.3679999999995","0","0","16.663697847651132","2.1290794444212713","Recurrent","80.88662790293003","98.90386343711343","9.863999999999999","0","0","6.03394954145611","4.258158888842543","Recurrent"
"target-batch8","w8a16","bandwidth-constrained","16","dedicated","","2","true","","4416","9560","9550.718994780338","428.86823518088505","2525.1839999999997","0","0","16.663697847651132","2.1290794444212713","Recurrent","77.0565774443862","103.81981999880301","4.9319999999999995","0","0","6.03394954145611","4.258158888842543","Recurrent"
"target-batch8","w8a16","bandwidth-constrained","16","dedicated","","4","true","","4672","12136","8288.126994780323","494.2009217015581","1262.5919999999999","0","0","16.663697847651132","2.1290794444212713","Recurrent","77.0565774443862","103.81981999880301","2.4659999999999997","0","0","6.03394954145611","4.258158888842543","Recurrent"
"target-batch8","w8a16","bandwidth-constrained","16","dedicated","","8","true","","5184","17288","7656.830994780318","534.9471606193547","631.2959999999999","0","0","16.663697847651132","2.1290794444212713","Recurrent","77.0565774443862","103.81981999880301","1.2329999999999999","0","0","6.03394954145611","4.258158888842543","Recurrent"
"target-batch8","w8a16","bandwidth-constrained","16","dedicated","","16","true","","6208","27592","7404.557882957626","553.172797720628","315.64799999999997","0","0","16.663697847651132","2.1290794444212713","Recurrent","77.0565774443862","103.81981999880301","0.6164999999999999","0","0","6.03394954145611","4.258158888842543","Recurrent"
"target-batch8","w8a16","middle","1","vector","","0","true","","320","3144","101301.57693394423","40.43372397520407","5050.3679999999995","0","0","1358.8706629234507","0.7096931481404242","Vector","281.148260171706","28.45473770712346","9.863999999999999","0","0","3.7770412315178756","1.4193862962808483","Vector"
"target-batch8","w8a16","middle","1","matrix","1","0","true","","320","3144","103418.20689051534","39.60617886496784","1742.8597028571435","1006.6329600000006","736.226742857143","971.7041398465284","0.7096931481404242","Matrix;Vector","285.2281750728052","28.04772003312078","3.4040228571428583","1.9660800000000012","1.4379428571428574","3.0208566161332575","1.4193862962808483","Matrix;Vector"
"target-batch8","w8a16","middle","1","matrix","2","0","true","","320","3144","104424.83985051535","39.2243838330367","2749.492662857142","2013.2659200000012","736.226742857143","971.7041398465284","0.7096931481404242","Matrix;Vector","287.1942550728054","27.85571040747996","5.3701028571428555","3.9321600000000023","1.4379428571428574","3.0208566161332575","1.4193862962808483","Matrix;Vector"
"target-batch8","w8a16","middle","1","matrix","4","0","true","","320","3144","106438.10577051525","38.482458611497066","4762.758582857143","4026.5318400000024","736.226742857143","971.7041398465284","0.7096931481404242","Matrix;Vector","291.1264150728053","27.47947141106845","9.302262857142857","7.864320000000005","1.4379428571428574","3.0208566161332575","1.4193862962808483","Matrix;Vector"
"target-batch8","w8a16","middle","1","matrix","8","0","true","","320","3144","110464.63761051526","37.07973962166963","8789.290422857144","8053.063680000005","736.226742857143","971.7041398465284","0.7096931481404242","Matrix;Vector","298.99073507280565","26.756681935485265","17.16658285714286","15.72864000000001","1.4379428571428574","3.0208566161332575","1.4193862962808483","Matrix;Vector"
"target-batch8","w8a16","middle","1","matrix","16","0","true","","320","3144","118517.70129051518","34.56023830532897","16842.35410285714","16106.12736000001","736.226742857143","971.7041398465284","0.7096931481404242","Matrix;Vector","314.719375072806","25.419470911663165","32.895222857142855","31.45728000000002","1.4379428571428574","3.0208566161332575","1.4193862962808483","Matrix;Vector"
"target-batch8","w8a16","middle","1","matrix","32","0","true","","320","3144","134623.8286505155","30.425520066237663","32948.48146285714","32212.25472000002","736.226742857143","971.7041398465284","0.7096931481404242","Matrix;Vector","346.17665507280503","23.109588364118615","64.35250285714285","62.91456000000004","1.4379428571428574","3.0208566161332575","1.4193862962808483","Matrix;Vector"
"target-batch8","w8a16","middle","1","dedicated","","1","true","","448","4432","101301.57693394423","40.43372397520407","5050.3679999999995","0","0","4.165924461912783","0.7096931481404242","Recurrent","281.06097507280475","28.4635744892286","9.863999999999999","0","0","1.5084873853640275","1.4193862962808483","Recurrent"
"target-batch8","w8a16","middle","1","dedicated","","2","true","","576","5720","101301.57693394423","40.43372397520406","2525.1839999999997","0","0","4.165924461912783","0.7096931481404242","Recurrent","278.45732591346416","28.729716389240014","4.9319999999999995","0","0","1.5084873853640275","1.4193862962808483","Recurrent"
"target-batch8","w8a16","middle","1","dedicated","","4","true","","832","8296","101301.57693394423","40.43372397520406","1262.5919999999999","0","0","4.165924461912783","0.7096931481404242","Recurrent","278.45732591346416","28.729716389240014","2.4659999999999997","0","0","1.5084873853640275","1.4193862962808483","Recurrent"
"target-batch8","w8a16","middle","1","dedicated","","8","true","","1344","13448","101301.57693394423","40.43372397520407","631.2959999999999","0","0","4.165924461912783","0.7096931481404242","Recurrent","278.45732591346416","28.729716389240014","1.2329999999999999","0","0","1.5084873853640275","1.4193862962808483","Recurrent"
"target-batch8","w8a16","middle","1","dedicated","","16","true","","2368","23752","101301.57693394423","40.43372397520407","315.64799999999997","0","0","4.165924461912783","0.7096931481404242","Recurrent","278.45732591346416","28.729716389240014","0.6164999999999999","0","0","1.5084873853640275","1.4193862962808483","Recurrent"
"target-batch8","w8a16","middle","2","vector","","0","true","","576","3400","53657.81513320789","76.33557180499243","5050.3679999999995","0","0","1358.8706629234507","0.7096931481404242","Vector","147.9645446161471","54.06700653020477","9.863999999999999","0","0","3.7770412315178756","1.4193862962808483","Vector"
"target-batch8","w8a16","middle","2","matrix","1","0","true","","576","3400","52569.72528543644","77.91556790072723","1239.5432228571428","503.3164800000003","736.226742857143","971.7041398465284","0.7096931481404242","Matrix;Vector","146.41841327623638","54.63793672526019","2.420982857142857","0.9830400000000006","1.4379428571428574","3.0208566161332575","1.4193862962808483","Matrix;Vector"
"target-batch8","w8a16","middle","2","matrix","2","0","true","","576","3400","53073.04176543646","77.17665812528384","1742.8597028571435","1006.6329600000006","736.226742857143","971.7041398465284","0.7096931481404242","Matrix;Vector","146.801579517246","54.495326455667815","3.4040228571428583","1.9660800000000012","1.4379428571428574","3.0208566161332575","1.4193862962808483","Matrix;Vector"
"target-batch8","w8a16","middle","2","matrix","4","0","true","","576","3400","54079.674725436365","75.7401005238193","2749.492662857142","2013.2659200000012","736.226742857143","971.7041398465284","0.7096931481404242","Matrix;Vector","148.76765951724593","53.77512845170894","5.3701028571428555","3.9321600000000023","1.4379428571428574","3.0208566161332575","1.4193862962808483","Matrix;Vector"
"target-batch8","w8a16","middle","2","matrix","8","0","true","","576","3400","56092.940645436356","73.0216664141541","4762.758582857143","4026.5318400000024","736.226742857143","971.7041398465284","0.7096931481404242","Matrix;Vector","152.69981951724597","52.39036971550891","9.302262857142857","7.864320000000005","1.4379428571428574","3.0208566161332575","1.4193862962808483","Matrix;Vector"
"target-batch8","w8a16","middle","2","matrix","16","0","true","","576","3400","60119.47248543625","68.131003660956","8789.290422857144","8053.063680000005","736.226742857143","971.7041398465284","0.7096931481404242","Matrix;Vector","160.5641395172461","49.82432580558079","17.16658285714286","15.72864000000001","1.4379428571428574","3.0208566161332575","1.4193862962808483","Matrix;Vector"
"target-batch8","w8a16","middle","2","matrix","32","0","true","","576","3400","68172.53616543618","60.08284611944206","16842.35410285714","16106.12736000001","736.226742857143","971.7041398465284","0.7096931481404242","Matrix;Vector","176.292779517247","45.37905648720768","32.895222857142855","31.45728000000002","1.4379428571428574","3.0208566161332575","1.4193862962808483","Matrix;Vector"
"target-batch8","w8a16","middle","2","dedicated","","1","true","","704","4688","53596.024047493614","76.42357941272599","5050.3679999999995","0","0","4.165924461912783","0.7096931481404242","Recurrent","147.8772595172461","54.09891978061039","9.863999999999999","0","0","1.5084873853640275","1.4193862962808483","Recurrent"
"target-batch8","w8a16","middle","2","dedicated","","2","true","","832","5976","51070.84004749366","80.2023228165211","2525.1839999999997","0","0","4.165924461912783","0.7096931481404242","Recurrent","142.94525951724603","55.96547956201945","4.9319999999999995","0","0","1.5084873853640275","1.4193862962808483","Recurrent"
"target-batch8","w8a16","middle","2","dedicated","","4","true","","1088","8552","50956.8945517223","80.38166446431455","1262.5919999999999","0","0","4.165924461912783","0.7096931481404242","Recurrent","140.56654461614707","56.91254645154754","2.4659999999999997","0","0","1.5084873853640275","1.4193862962808483","Recurrent"
"target-batch8","w8a16","middle","2","dedicated","","8","true","","1600","13704","50956.8945517223","80.38166446431455","631.2959999999999","0","0","4.165924461912783","0.7096931481404242","Recurrent","140.03073035790527","57.13031689224756","1.2329999999999999","0","0","1.5084873853640275","1.4193862962808483","Recurrent"
"target-batch8","w8a16","middle","2","dedicated","","16","true","","2624","24008","50956.8945517223","80.38166446431455","315.64799999999997","0","0","4.165924461912783","0.7096931481404242","Recurrent","140.03073035790527","57.13031689224756","0.6164999999999999","0","0","1.5084873853640275","1.4193862962808483","Recurrent"
"target-batch8","w8a16","middle","4","vector","","0","true","","1088","3912","29847.312022097576","137.23178814117364","5050.3679999999995","0","0","1358.8706629234507","0.7096931481404242","Vector","81.82300358195926","97.77201581199202","9.863999999999999","0","0","3.7770412315178756","1.4193862962808483","Vector"
"target-batch8","w8a16","middle","4","matrix","1","0","true","","1088","3912","27145.725854326138","150.88931576118574","987.8849828571432","251.65824000000015","736.226742857143","971.7041398465284","0.7096931481404242","Matrix;Vector","77.50678935071765","103.21676419597331","1.9294628571428578","0.4915200000000003","1.4379428571428574","3.0208566161332575","1.4193862962808483","Matrix;Vector"
"target-batch8","w8a16","middle","4","matrix","2","0","true","","1088","3912","27397.384094326157","149.50332432826164","1239.5432228571428","503.3164800000003","736.226742857143","971.7041398465284","0.7096931481404242","Matrix;Vector","77.50678935071765","103.21676419597331","2.420982857142857","0.9830400000000006","1.4379428571428574","3.0208566161332575","1.4193862962808483","Matrix;Vector"
"target-batch8","w8a16","middle","4","matrix","4","0","true","","1088","3912","27900.70057432614","146.8063495068323","1742.8597028571435","1006.6329600000006","736.226742857143","971.7041398465284","0.7096931481404242","Matrix;Vector","77.88995559172726","102.7090070757427","3.4040228571428583","1.9660800000000012","1.4379428571428574","3.0208566161332575","1.4193862962808483","Matrix;Vector"
"target-batch8","w8a16","middle","4","matrix","8","0","true","","1088","3912","28907.333534326157","141.69414813497704","2749.492662857142","2013.2659200000012","736.226742857143","971.7041398465284","0.7096931481404242","Matrix;Vector","79.85603559172729","100.18027993401618","5.3701028571428555","3.9321600000000023","1.4379428571428574","3.0208566161332575","1.4193862962808483","Matrix;Vector"
"target-batch8","w8a16","middle","4","matrix","16","0","true","","1088","3912","30920.599454326162","132.4683244272265","4762.758582857143","4026.5318400000024","736.226742857143","971.7041398465284","0.7096931481404242","Matrix;Vector","83.78819559172726","95.47884333231626","9.302262857142857","7.864320000000005","1.4379428571428574","3.0208566161332575","1.4193862962808483","Matrix;Vector"
"target-batch8","w8a16","middle","4","matrix","32","0","true","","1088","3912","34947.131294325976","117.2056145468234","8789.290422857144","8053.063680000005","736.226742857143","971.7041398465284","0.7096931481404242","Matrix;Vector","91.65251559172717","87.28620211186112","17.16658285714286","15.72864000000001","1.4379428571428574","3.0208566161332575","1.4193862962808483","Matrix;Vector"
"target-batch8","w8a16","middle","4","dedicated","","1","true","","1216","5200","29785.520936383284","137.516480196816","5050.3679999999995","0","0","4.165924461912783","0.7096931481404242","Recurrent","81.74056765521932","97.87061956486403","9.863999999999999","0","0","1.5084873853640275","1.4193862962808483","Recurrent"
"target-batch8","w8a16","middle","4","dedicated","","2","true","","1344","6488","27260.336936383283","150.25492933409905","2525.1839999999997","0","0","4.165924461912783","0.7096931481404242","Recurrent","76.80856765521939","104.15504733678463","4.9319999999999995","0","0","1.5084873853640275","1.4193862962808483","Recurrent"
"target-batch8","w8a16","middle","4","dedicated","","4","true","","1600","9064","25997.744936383275","157.55212654108848","1262.5919999999999","0","0","4.165924461912783","0.7096931481404242","Recurrent","74.34256765521937","107.60995015805517","2.4659999999999997","0","0","1.5084873853640275","1.4193862962808483","Recurrent"
"target-batch8","w8a16","middle","4","dedicated","","8","true","","2112","14216","25711.536889263458","159.30591849258124","631.2959999999999","0","0","4.165924461912783","0.7096931481404242","Recurrent","73.46749096732329","108.89170018829446","1.2329999999999999","0","0","1.5084873853640275","1.4193862962808483","Recurrent"
"target-batch8","w8a16","middle","4","dedicated","","16","true","","3136","24520","25711.536889263458","159.30591849258124","315.64799999999997","0","0","4.165924461912783","0.7096931481404242","Recurrent","73.46749096732329","108.89170018829446","0.6164999999999999","0","0","1.5084873853640275","1.4193862962808483","Recurrent"
"target-batch8","w8a16","middle","8","vector","","0","true","","2112","4936","17942.06046654195","228.29039104166165","5050.3679999999995","0","0","1358.8706629234507","0.7096931481404242","Vector","52.587566769993416","152.12721354821872","9.863999999999999","0","0","3.7770412315178756","1.4193862962808483","Vector"
"target-batch8","w8a16","middle","8","matrix","1","0","true","","2112","4936","14543.3744157599","281.6402770708686","862.0558628571432","125.82912000000007","736.226742857143","971.7041398465284","0.7096931481404242","Matrix;Vector","45.744423386126684","174.88470523439216","1.6837028571428578","0.24576000000000015","1.4379428571428574","3.0208566161332575","1.4193862962808483","Matrix;Vector"
"target-batch8","w8a16","middle","8","matrix","2","0","true","","2112","4936","14559.555258770506","281.32727457678465","987.8849828571432","251.65824000000015","736.226742857143","971.7041398465284","0.7096931481404242","Matrix;Vector","45.744423386126684","174.88470523439216","1.9294628571428578","0.4915200000000003","1.4379428571428574","3.0208566161332575","1.4193862962808483","Matrix;Vector"
"target-batch8","w8a16","middle","8","matrix","4","0","true","","2112","4936","14811.213498770507","276.54722554232393","1239.5432228571428","503.3164800000003","736.226742857143","971.7041398465284","0.7096931481404242","Matrix;Vector","45.744423386126684","174.88470523439216","2.420982857142857","0.9830400000000006","1.4379428571428574","3.0208566161332575","1.4193862962808483","Matrix;Vector"
"target-batch8","w8a16","middle","8","matrix","8","0","true","","2112","4936","15314.529978770515","267.45842057692954","1742.8597028571435","1006.6329600000006","736.226742857143","971.7041398465284","0.7096931481404242","Matrix;Vector","46.07909790552461","173.61450991081244","3.4040228571428583","1.9660800000000012","1.4379428571428574","3.0208566161332575","1.4193862962808483","Matrix;Vector"
"target-batch8","w8a16","middle","8","matrix","16","0","true","","2112","4936","16321.162938770512","250.96250894414237","2749.492662857142","2013.2659200000012","736.226742857143","971.7041398465284","0.7096931481404242","Matrix;Vector","48.04517790552463","166.50994644522055","5.3701028571428555","3.9321600000000023","1.4379428571428574","3.0208566161332575","1.4193862962808483","Matrix;Vector"
"target-batch8","w8a16","middle","8","matrix","32","0","true","","2112","4936","18334.428858770538","223.4048320540195","4762.758582857143","4026.5318400000024","736.226742857143","971.7041398465284","0.7096931481404242","Matrix;Vector","51.97733790552457","153.91323069567392","9.302262857142857","7.864320000000005","1.4379428571428574","3.0208566161332575","1.4193862962808483","Matrix;Vector"
"target-batch8","w8a16","middle","8","dedicated","","1","true","","2240","6224","17880.269380827667","229.0793227305616","5050.3679999999995","0","0","4.165924461912783","0.7096931481404242","Recurrent","49.35291363812531","162.0978258479145","9.863999999999999","0","0","1.5084873853640275","1.4193862962808483","Recurrent"
"target-batch8","w8a16","middle","8","dedicated","","2","true","","2368","7512","15355.085380827652","266.7520172251379","2525.1839999999997","0","0","4.165924461912783","0.7096931481404242","Recurrent","47.60707504838175","168.04224985193528","4.9319999999999995","0","0","1.5084873853640275","1.4193862962808483","Recurrent"
"target-batch8","w8a16","middle","8","dedicated","","4","true","","2624","10088","14092.493380827662","290.65119204330887","1262.5919999999999","0","0","4.165924461912783","0.7096931481404242","Recurrent","45.14107504838176","177.22218603402064","2.4659999999999997","0","0","1.5084873853640275","1.4193862962808483","Recurrent"
"target-batch8","w8a16","middle","8","dedicated","","8","true","","3136","15240","13461.197380827654","304.28199543629006","631.2959999999999","0","0","4.165924461912783","0.7096931481404242","Recurrent","44.23205415535745","180.86431102433951","1.2329999999999999","0","0","1.5084873853640275","1.4193862962808483","Recurrent"
"target-batch8","w8a16","middle","8","dedicated","","16","true","","4160","25544","13145.549380827653","311.5883468494576","315.64799999999997","0","0","4.165924461912783","0.7096931481404242","Recurrent","44.23205415535745","180.86431102433951","0.6164999999999999","0","0","1.5084873853640275","1.4193862962808483","Recurrent"
"target-batch8","w8a16","middle","16","vector","","0","true","","4160","6984","11989.434688764175","341.63412256947703","5050.3679999999995","0","0","1358.8706629234507","0.7096931481404242","Vector","46.390877552655546","172.44769709130148","9.863999999999999","0","0","3.7770412315178756","1.4193862962808483","Vector"
"target-batch8","w8a16","middle","16","matrix","1","0","true","","4160","6984","7910.770828610704","517.775080171213","799.1413028571432","62.91456000000004","736.226742857143","971.7041398465284","0.7096931481404242","Matrix;Vector","39.670884168788795","201.65923113692605","1.5608228571428577","0.12288000000000007","1.4379428571428574","3.0208566161332575","1.4193862962808483","Matrix;Vector"
"target-batch8","w8a16","middle","16","matrix","2","0","true","","4160","6984","7910.770828610704","517.775080171213","862.0558628571432","125.82912000000007","736.226742857143","971.7041398465284","0.7096931481404242","Matrix;Vector","39.670884168788795","201.65923113692605","1.6837028571428578","0.24576000000000015","1.4379428571428574","3.0208566161332575","1.4193862962808483","Matrix;Vector"
"target-batch8","w8a16","middle","16","matrix","4","0","true","","4160","6984","7926.951671621323","516.7181748645925","987.8849828571432","251.65824000000015","736.226742857143","971.7041398465284","0.7096931481404242","Matrix;Vector","39.670884168788795","201.65923113692605","1.9294628571428578","0.4915200000000003","1.4379428571428574","3.0208566161332575","1.4193862962808483","Matrix;Vector"
"target-batch8","w8a16","middle","16","matrix","8","0","true","","4160","6984","8116.818825907036","504.6311970062091","1239.5432228571428","503.3164800000003","736.226742857143","971.7041398465284","0.7096931481404242","Matrix;Vector","39.670884168788795","201.65923113692605","2.420982857142857","0.9830400000000006","1.4379428571428574","3.0208566161332575","1.4193862962808483","Matrix;Vector"
"target-batch8","w8a16","middle","16","matrix","16","0","true","","4160","6984","8620.13530590704","475.16655535478327","1742.8597028571435","1006.6329600000006","736.226742857143","971.7041398465284","0.7096931481404242","Matrix;Vector","40.05405040979841","199.73011263906943","3.4040228571428583","1.9660800000000012","1.4379428571428574","3.0208566161332575","1.4193862962808483","Matrix;Vector"
"target-batch8","w8a16","middle","16","matrix","32","0","true","","4160","6984","9626.768265907041","425.4802740506262","2749.492662857142","2013.2659200000012","736.226742857143","971.7041398465284","0.7096931481404242","Matrix;Vector","41.89698040979842","190.944548312342","5.3701028571428555","3.9321600000000023","1.4379428571428574","3.0208566161332575","1.4193862962808483","Matrix;Vector"
"target-batch8","w8a16","middle","16","dedicated","","1","true","","4288","8272","11927.643603049892","343.40395608003035","5050.3679999999995","0","0","4.165924461912783","0.7096931481404242","Recurrent","39.10822290064081","204.56056058402274","9.863999999999999","0","0","1.5084873853640275","1.4193862962808483","Recurrent"
"target-batch8","w8a16","middle","16","dedicated","","2","true","","4416","9560","9402.459603049898","435.6306937677638","2525.1839999999997","0","0","4.165924461912783","0.7096931481404242","Recurrent","41.458877552655544","192.9622911242463","4.9319999999999995","0","0","1.5084873853640275","1.4193862962808483","Recurrent"
"target-batch8","w8a16","middle","16","dedicated","","4","true","","4672","12136","8139.867603049897","503.2022877700474","1262.5919999999999","0","0","4.165924461912783","0.7096931481404242","Recurrent","39.11602755265555","204.5197454989748","2.4659999999999997","0","0","1.5084873853640275","1.4193862962808483","Recurrent"
"target-batch8","w8a16","middle","16","dedicated","","8","true","","5184","17288","7508.571603049894","545.5098807789557","631.2959999999999","0","0","4.165924461912783","0.7096931481404242","Recurrent","38.158514938019565","209.65176482874944","1.2329999999999999","0","0","1.5084873853640275","1.4193862962808483","Recurrent"
"target-batch8","w8a16","middle","16","dedicated","","16","true","","6208","27592","7192.923603049887","569.4485616757067","315.64799999999997","0","0","4.165924461912783","0.7096931481404242","Recurrent","38.158514938019565","209.65176482874944","0.6164999999999999","0","0","1.5084873853640275","1.4193862962808483","Recurrent"
"target-batch8","w8a16","f2-ceiling","1","vector","","0","true","","320","3144","101280.07829327931","40.442306809233585","5050.3679999999995","0","0","679.4353314617254","0.4628433574828853","Vector","280.40626364031147","28.530033160250394","9.863999999999999","0","0","1.8885206157589378","0.9256867149657706","Vector"
"target-batch8","w8a16","f2-ceiling","1","matrix","1","0","true","","320","3144","103400.10435539078","39.61311282551384","1742.8597028571435","1006.6329600000006","736.226742857143","485.8520699232642","0.4628433574828853","Matrix;Vector","284.57346364031196","28.11224875876564","3.4040228571428583","1.9660800000000012","1.4379428571428574","1.5104283080666288","0.9256867149657706","Matrix;Vector"
"target-batch8","w8a16","f2-ceiling","1","matrix","2","0","true","","320","3144","104406.7373153908","39.23118474267466","2749.492662857142","2013.2659200000012","736.226742857143","485.8520699232642","0.4628433574828853","Matrix;Vector","286.5395436403121","27.919357650831802","5.3701028571428555","3.9321600000000023","1.4379428571428574","1.5104283080666288","0.9256867149657706","Matrix;Vector"
"target-batch8","w8a16","f2-ceiling","1","matrix","4","0","true","","320","3144","106420.00323539073","38.48900465582627","4762.758582857143","4026.5318400000024","736.226742857143","485.8520699232642","0.4628433574828853","Matrix;Vector","290.471703640312","27.541409024495945","9.302262857142857","7.864320000000005","1.4379428571428574","1.5104283080666288","0.9256867149657706","Matrix;Vector"
"target-batch8","w8a16","f2-ceiling","1","matrix","8","0","true","","320","3144","110446.53507539074","37.08581710783478","8789.290422857144","8053.063680000005","736.226742857143","485.8520699232642","0.4628433574828853","Matrix;Vector","298.33602364031236","26.815400642482143","17.16658285714286","15.72864000000001","1.4379428571428574","1.5104283080666288","0.9256867149657706","Matrix;Vector"
"target-batch8","w8a16","f2-ceiling","1","matrix","16","0","true","","320","3144","118499.59875539069","34.56551788377821","16842.35410285714","16106.12736000001","736.226742857143","485.8520699232642","0.4628433574828853","Matrix;Vector","314.0646636403127","25.472461330963743","32.895222857142855","31.45728000000002","1.4379428571428574","1.5104283080666288","0.9256867149657706","Matrix;Vector"
"target-batch8","w8a16","f2-ceiling","1","matrix","32","0","true","","320","3144","134605.72611539104","30.42961186130147","32948.48146285714","32212.25472000002","736.226742857143","485.8520699232642","0.4628433574828853","Matrix;Vector","345.5219436403118","23.153377512624772","64.35250285714285","62.91456000000004","1.4379428571428574","1.5104283080666288","0.9256867149657706","Matrix;Vector"
"target-batch8","w8a16","f2-ceiling","1","dedicated","","1","true","","448","4432","101280.07829327931","40.442306809233585","5050.3679999999995","0","0","2.0829622309563915","0.4628433574828853","Recurrent","280.40626364031147","28.530033160250394","9.863999999999999","0","0","0.7542436926820137","0.9256867149657706","Recurrent"
"target-batch8","w8a16","f2-ceiling","1","dedicated","","2","true","","576","5720","101280.07829327931","40.442306809233585","2525.1839999999997","0","0","2.0829622309563915","0.4628433574828853","Recurrent","278.39443242674236","28.736206863997353","4.9319999999999995","0","0","0.7542436926820137","0.9256867149657706","Recurrent"
"target-batch8","w8a16","f2-ceiling","1","dedicated","","4","true","","832","8296","101280.07829327931","40.442306809233585","1262.5919999999999","0","0","2.0829622309563915","0.4628433574828853","Recurrent","278.39443242674236","28.736206863997353","2.4659999999999997","0","0","0.7542436926820137","0.9256867149657706","Recurrent"
"target-batch8","w8a16","f2-ceiling","1","dedicated","","8","true","","1344","13448","101280.07829327931","40.442306809233585","631.2959999999999","0","0","2.0829622309563915","0.4628433574828853","Recurrent","278.39443242674236","28.736206863997353","1.2329999999999999","0","0","0.7542436926820137","0.9256867149657706","Recurrent"
"target-batch8","w8a16","f2-ceiling","1","dedicated","","16","true","","2368","23752","101280.07829327931","40.442306809233585","315.64799999999997","0","0","2.0829622309563915","0.4628433574828853","Recurrent","278.39443242674236","28.736206863997353","0.6164999999999999","0","0","0.7542436926820137","0.9256867149657706","Recurrent"
"target-batch8","w8a16","f2-ceiling","2","vector","","0","true","","576","3400","53641.338247057065","76.3590196265232","5050.3679999999995","0","0","679.4353314617254","0.4628433574828853","Vector","147.22254808475284","54.33950236613601","9.863999999999999","0","0","1.8885206157589378","0.9256867149657706","Vector"
"target-batch8","w8a16","f2-ceiling","2","matrix","1","0","true","","576","3400","52551.62275031171","77.94240759150877","1239.5432228571428","503.3164800000003","736.226742857143","485.8520699232642","0.4628433574828853","Matrix;Vector","145.16382808475274","55.11014765558031","2.420982857142857","0.9830400000000006","1.4379428571428574","1.5104283080666288","0.9256867149657706","Matrix;Vector"
"target-batch8","w8a16","f2-ceiling","2","matrix","2","0","true","","576","3400","53054.93923031172","77.20299107721614","1742.8597028571435","1006.6329600000006","736.226742857143","485.8520699232642","0.4628433574828853","Matrix;Vector","146.14686808475278","54.739455623234285","3.4040228571428583","1.9660800000000012","1.4379428571428574","1.5104283080666288","0.9256867149657706","Matrix;Vector"
"target-batch8","w8a16","f2-ceiling","2","matrix","4","0","true","","576","3400","54061.572190311614","75.76546212124487","2749.492662857142","2013.2659200000012","736.226742857143","485.8520699232642","0.4628433574828853","Matrix;Vector","148.11294808475273","54.01283347234615","5.3701028571428555","3.9321600000000023","1.4379428571428574","1.5104283080666288","0.9256867149657706","Matrix;Vector"
"target-batch8","w8a16","f2-ceiling","2","matrix","8","0","true","","576","3400","56074.83811031161","73.04523986216887","4762.758582857143","4026.5318400000024","736.226742857143","485.8520699232642","0.4628433574828853","Matrix;Vector","152.04510808475274","52.61596443826823","9.302262857142857","7.864320000000005","1.4379428571428574","1.5104283080666288","0.9256867149657706","Matrix;Vector"
"target-batch8","w8a16","f2-ceiling","2","matrix","16","0","true","","576","3400","60101.3699503115","68.15152472208781","8789.290422857144","8053.063680000005","736.226742857143","485.8520699232642","0.4628433574828853","Matrix;Vector","159.90942808475276","50.02831975460485","17.16658285714286","15.72864000000001","1.4379428571428574","1.5104283080666288","0.9256867149657706","Matrix;Vector"
"target-batch8","w8a16","f2-ceiling","2","matrix","32","0","true","","576","3400","68154.43363031145","60.09880475594353","16842.35410285714","16106.12736000001","736.226742857143","485.8520699232642","0.4628433574828853","Matrix;Vector","175.63806808475377","45.548212225493266","32.895222857142855","31.45728000000002","1.4379428571428574","1.5104283080666288","0.9256867149657706","Matrix;Vector"
"target-batch8","w8a16","f2-ceiling","2","dedicated","","1","true","","704","4688","53579.54716134279","76.44708133993396","5050.3679999999995","0","0","2.0829622309563915","0.4628433574828853","Recurrent","147.22254808475284","54.33950236613601","9.863999999999999","0","0","0.7542436926820137","0.9256867149657706","Recurrent"
"target-batch8","w8a16","f2-ceiling","2","dedicated","","2","true","","832","5976","51054.36316134283","80.22820668736489","2525.1839999999997","0","0","2.0829622309563915","0.4628433574828853","Recurrent","142.2905480847528","56.222989563825024","4.9319999999999995","0","0","0.7542436926820137","0.9256867149657706","Recurrent"
"target-batch8","w8a16","f2-ceiling","2","dedicated","","4","true","","1088","8552","50882.84768036043","80.49863926112293","1262.5919999999999","0","0","2.0829622309563915","0.4628433574828853","Recurrent","139.96783687118375","57.15598796716863","2.4659999999999997","0","0","0.7542436926820137","0.9256867149657706","Recurrent"
"target-batch8","w8a16","f2-ceiling","2","dedicated","","8","true","","1600","13704","50882.84768036043","80.49863926112293","631.2959999999999","0","0","2.0829622309563915","0.4628433574828853","Recurrent","139.96783687118375","57.15598796716862","1.2329999999999999","0","0","0.7542436926820137","0.9256867149657706","Recurrent"
"target-batch8","w8a16","f2-ceiling","2","dedicated","","16","true","","2624","24008","50882.84768036043","80.49863926112293","315.64799999999997","0","0","2.0829622309563915","0.4628433574828853","Recurrent","139.96783687118375","57.15598796716862","0.6164999999999999","0","0","0.7542436926820137","0.9256867149657706","Recurrent"
"target-batch8","w8a16","f2-ceiling","4","vector","","0","true","","1088","3912","29830.83513594675","137.30758731136692","5050.3679999999995","0","0","679.4353314617254","0.4628433574828853","Vector","81.08733314580303","98.65905918517767","9.863999999999999","0","0","1.8885206157589378","0.9256867149657706","Vector"
"target-batch8","w8a16","f2-ceiling","4","matrix","1","0","true","","1088","3912","27127.623319201408","150.99000571497834","987.8849828571432","251.65824000000015","736.226742857143","485.8520699232642","0.4628433574828853","Matrix;Vector","75.76216108231094","105.59360881098007","1.9294628571428578","0.4915200000000003","1.4379428571428574","1.5104283080666288","0.9256867149657706","Matrix;Vector"
"target-batch8","w8a16","f2-ceiling","4","matrix","2","0","true","","1088","3912","27379.28155920142","149.6021723997154","1239.5432228571428","503.3164800000003","736.226742857143","485.8520699232642","0.4628433574828853","Matrix;Vector","76.25368108231098","104.91296795710768","2.420982857142857","0.9830400000000006","1.4379428571428574","1.5104283080666288","0.9256867149657706","Matrix;Vector"
"target-batch8","w8a16","f2-ceiling","4","matrix","4","0","true","","1088","3912","27882.598039201406","146.90166225691195","1742.8597028571435","1006.6329600000006","736.226742857143","485.8520699232642","0.4628433574828853","Matrix;Vector","77.23672108231095","103.57767507342037","3.4040228571428583","1.9660800000000012","1.4379428571428574","1.5104283080666288","0.9256867149657706","Matrix;Vector"
"target-batch8","w8a16","f2-ceiling","4","matrix","8","0","true","","1088","3912","28889.230999201423","141.7829363513769","2749.492662857142","2013.2659200000012","736.226742857143","485.8520699232642","0.4628433574828853","Matrix;Vector","79.20280108231098","101.00652869190894","5.3701028571428555","3.9321600000000023","1.4379428571428574","1.5104283080666288","0.9256867149657706","Matrix;Vector"
"target-batch8","w8a16","f2-ceiling","4","matrix","16","0","true","","1088","3912","30902.496919201418","132.5459237390921","4762.758582857143","4026.5318400000024","736.226742857143","485.8520699232642","0.4628433574828853","Matrix;Vector","83.13496108231094","96.22907012705875","9.302262857142857","7.864320000000005","1.4379428571428574","1.5104283080666288","0.9256867149657706","Matrix;Vector"
"target-batch8","w8a16","f2-ceiling","4","matrix","32","0","true","","1088","3912","34929.02875920124","117.26635825569596","8789.290422857144","8053.063680000005","736.226742857143","485.8520699232642","0.4628433574828853","Matrix;Vector","90.99928108231084","87.91278244015824","17.16658285714286","15.72864000000001","1.4379428571428574","1.5104283080666288","0.9256867149657706","Matrix;Vector"
"target-batch8","w8a16","f2-ceiling","4","dedicated","","1","true","","1216","5200","29769.044050232456","137.5925942764029","5050.3679999999995","0","0","2.0829622309563915","0.4628433574828853","Recurrent","81.08733314580303","98.65905918517767","9.863999999999999","0","0","0.7542436926820137","0.9256867149657706","Recurrent"
"target-batch8","w8a16","f2-ceiling","4","dedicated","","2","true","","1344","6488","27243.860050232463","150.34580241007552","2525.1839999999997","0","0","2.0829622309563915","0.4628433574828853","Recurrent","76.15533314580306","105.04845385790138","4.9319999999999995","0","0","0.7542436926820137","0.9256867149657706","Recurrent"
"target-batch8","w8a16","f2-ceiling","4","dedicated","","4","true","","1600","9064","25981.268050232447","157.65204346765339","1262.5919999999999","0","0","2.0829622309563915","0.4628433574828853","Recurrent","73.68933314580303","108.56388107314062","2.4659999999999997","0","0","0.7542436926820137","0.9256867149657706","Recurrent"
"target-batch8","w8a16","f2-ceiling","4","dedicated","","8","true","","2112","14216","25689.227769250072","159.44426343959236","631.2959999999999","0","0","2.0829622309563915","0.4628433574828853","Recurrent","72.45633314580303","110.41132848803835","1.2329999999999999","0","0","0.7542436926820137","0.9256867149657706","Recurrent"
"target-batch8","w8a16","f2-ceiling","4","dedicated","","16","true","","3136","24520","25689.227769250072","159.44426343959236","315.64799999999997","0","0","2.0829622309563915","0.4628433574828853","Recurrent","72.14901986076883","110.88161717842013","0.6164999999999999","0","0","0.7542436926820137","0.9256867149657706","Recurrent"
"target-batch8","w8a16","f2-ceiling","8","vector","","0","true","","2112","4936","17925.58358039114","228.5002316175987","5050.3679999999995","0","0","679.4353314617254","0.4628433574828853","Vector","47.791404256914134","167.39411876232148","9.863999999999999","0","0","1.8885206157589378","0.9256867149657706","Vector"
"target-batch8","w8a16","f2-ceiling","8","matrix","1","0","true","","2112","4936","14415.623603645796","284.13616452666656","862.0558628571432","125.82912000000007","736.226742857143","485.8520699232642","0.4628433574828853","Matrix;Vector","42.807606985851905","186.8826725736861","1.6837028571428578","0.24576000000000015","1.4379428571428574","1.5104283080666288","0.9256867149657706","Matrix;Vector"
"target-batch8","w8a16","f2-ceiling","8","matrix","2","0","true","","2112","4936","14541.452723645789","281.67749659148654","987.8849828571432","251.65824000000015","736.226742857143","485.8520699232642","0.4628433574828853","Matrix;Vector","43.053366985851895","185.81589687582257","1.9294628571428578","0.4915200000000003","1.4379428571428574","1.5104283080666288","0.9256867149657706","Matrix;Vector"
"target-batch8","w8a16","f2-ceiling","8","matrix","4","0","true","","2112","4936","14793.11096364579","276.8856402190154","1239.5432228571428","503.3164800000003","736.226742857143","485.8520699232642","0.4628433574828853","Matrix;Vector","43.544886985851896","183.71846969310698","2.420982857142857","0.9830400000000006","1.4379428571428574","1.5104283080666288","0.9256867149657706","Matrix;Vector"
"target-batch8","w8a16","f2-ceiling","8","matrix","8","0","true","","2112","4936","15296.4274436458","267.77494386125403","1742.8597028571435","1006.6329600000006","736.226742857143","485.8520699232642","0.4628433574828853","Matrix;Vector","44.527926985851906","179.6625295972544","3.4040228571428583","1.9660800000000012","1.4379428571428574","1.5104283080666288","0.9256867149657706","Matrix;Vector"
"target-batch8","w8a16","f2-ceiling","8","matrix","16","0","true","","2112","4936","16303.060403645792","251.2411718160614","2749.492662857142","2013.2659200000012","736.226742857143","485.8520699232642","0.4628433574828853","Matrix;Vector","46.494006985851904","172.0651868623497","5.3701028571428555","3.9321600000000023","1.4379428571428574","1.5104283080666288","0.9256867149657706","Matrix;Vector"
"target-batch8","w8a16","f2-ceiling","8","matrix","32","0","true","","2112","4936","18316.32632364581","223.62562926781834","4762.758582857143","4026.5318400000024","736.226742857143","485.8520699232642","0.4628433574828853","Matrix;Vector","50.426166985851864","158.647790982102","9.302262857142857","7.864320000000005","1.4379428571428574","1.5104283080666288","0.9256867149657706","Matrix;Vector"
"target-batch8","w8a16","f2-ceiling","8","dedicated","","1","true","","2240","6224","17863.792494676858","229.29061682845602","5050.3679999999995","0","0","2.0829622309563915","0.4628433574828853","Recurrent","47.791404256914134","167.39411876232148","9.863999999999999","0","0","0.7542436926820137","0.9256867149657706","Recurrent"
"target-batch8","w8a16","f2-ceiling","8","dedicated","","2","true","","2368","7512","15338.608494676853","267.038564901209","2525.1839999999997","0","0","2.0829622309563915","0.4628433574828853","Recurrent","46.055904128709045","173.70194226657648","4.9319999999999995","0","0","0.7542436926820137","0.9256867149657706","Recurrent"
"target-batch8","w8a16","f2-ceiling","8","dedicated","","4","true","","2624","10088","14076.016494676865","290.9914180300219","1262.5919999999999","0","0","2.0829622309563915","0.4628433574828853","Recurrent","43.58990412870905","183.5287358370459","2.4659999999999997","0","0","0.7542436926820137","0.9256867149657706","Recurrent"
"target-batch8","w8a16","f2-ceiling","8","dedicated","","8","true","","3136","15240","13444.720494676862","304.654901648697","631.2959999999999","0","0","2.0829622309563915","0.4628433574828853","Recurrent","42.35690412870905","188.87121626478097","1.2329999999999999","0","0","0.7542436926820137","0.9256867149657706","Recurrent"
"target-batch8","w8a16","f2-ceiling","8","dedicated","","16","true","","4160","25544","13129.07249467686","311.9793878555176","315.64799999999997","0","0","2.0829622309563915","0.4628433574828853","Recurrent","42.04959084367483","190.25155392691232","0.6164999999999999","0","0","0.7542436926820137","0.9256867149657706","Recurrent"
"target-batch8","w8a16","f2-ceiling","16","vector","","0","true","","4160","6984","11972.957802613379","342.1042709351195","5050.3679999999995","0","0","679.4353314617254","0.4628433574828853","Vector","37.62343249084228","212.63344331879438","9.863999999999999","0","0","1.8885206157589378","0.9256867149657706","Vector"
"target-batch8","w8a16","f2-ceiling","16","matrix","1","0","true","","4160","6984","7659.940019756248","534.7300356707417","799.1413028571432","62.91456000000004","736.226742857143","485.8520699232642","0.4628433574828853","Matrix;Vector","34.774351575091394","230.05461317445068","1.5608228571428577","0.12288000000000007","1.4379428571428574","1.5104283080666288","0.9256867149657706","Matrix;Vector"
"target-batch8","w8a16","f2-ceiling","16","matrix","2","0","true","","4160","6984","7722.854579756247","530.3738349206726","862.0558628571432","125.82912000000007","736.226742857143","485.8520699232642","0.4628433574828853","Matrix;Vector","34.8972315750914","229.2445457395583","1.6837028571428578","0.24576000000000015","1.4379428571428574","1.5104283080666288","0.9256867149657706","Matrix;Vector"
"target-batch8","w8a16","f2-ceiling","16","matrix","4","0","true","","4160","6984","7848.6836997562505","521.8709476249127","987.8849828571432","251.65824000000015","736.226742857143","485.8520699232642","0.4628433574828853","Matrix;Vector","35.142991575091386","227.64140562439283","1.9294628571428578","0.4915200000000003","1.4379428571428574","1.5104283080666288","0.9256867149657706","Matrix;Vector"
"target-batch8","w8a16","f2-ceiling","16","matrix","8","0","true","","4160","6984","8100.34193975625","505.6576661161608","1239.5432228571428","503.3164800000003","736.226742857143","485.8520699232642","0.4628433574828853","Matrix;Vector","35.6345115750914","224.50146350797797","2.420982857142857","0.9830400000000006","1.4379428571428574","1.5104283080666288","0.9256867149657706","Matrix;Vector"
"target-batch8","w8a16","f2-ceiling","16","matrix","16","0","true","","4160","6984","8603.658419756253","476.0765479246027","1742.8597028571435","1006.6329600000006","736.226742857143","485.8520699232642","0.4628433574828853","Matrix;Vector","36.18652657509142","221.07675859408698","3.4040228571428583","1.9660800000000012","1.4379428571428574","1.5104283080666288","0.9256867149657706","Matrix;Vector"
"target-batch8","w8a16","f2-ceiling","16","matrix","32","0","true","","4160","6984","9610.29137975625","426.20976182138287","2749.492662857142","2013.2659200000012","736.226742857143","485.8520699232642","0.4628433574828853","Matrix;Vector","38.152606575091426","209.68423177731023","5.3701028571428555","3.9321600000000023","1.4379428571428574","1.5104283080666288","0.9256867149657706","Matrix;Vector"
"target-batch8","w8a16","f2-ceiling","16","dedicated","","1","true","","4288","8272","11911.166716899099","343.87899165148576","5050.3679999999995","0","0","2.0829622309563915","0.4628433574828853","Recurrent","37.16678965201445","215.24592451762638","9.863999999999999","0","0","0.7542436926820137","0.9256867149657706","Recurrent"
"target-batch8","w8a16","f2-ceiling","16","dedicated","","2","true","","4416","9560","9385.982716899107","436.3954338660039","2525.1839999999997","0","0","2.0829622309563915","0.4628433574828853","Recurrent","37.71450371794856","212.11998598281306","4.9319999999999995","0","0","0.7542436926820137","0.9256867149657706","Recurrent"
"target-batch8","w8a16","f2-ceiling","16","dedicated","","4","true","","4672","12136","8123.390716899108","504.22294614970104","1262.5919999999999","0","0","2.0829622309563915","0.4628433574828853","Recurrent","35.248503717948566","226.9599885434681","2.4659999999999997","0","0","0.7542436926820137","0.9256867149657706","Recurrent"
"target-batch8","w8a16","f2-ceiling","16","dedicated","","8","true","","5184","17288","7492.094716899106","546.7095858733735","631.2959999999999","0","0","2.0829622309563915","0.4628433574828853","Recurrent","34.446528717948546","232.2440111601596","1.2329999999999999","0","0","0.7542436926820137","0.9256867149657706","Recurrent"
"target-batch8","w8a16","f2-ceiling","16","dedicated","","16","true","","6208","27592","7176.446716899098","570.7559968855811","315.64799999999997","0","0","2.0829622309563915","0.4628433574828853","Recurrent","34.13921543291432","234.33461778641328","0.6164999999999999","0","0","0.7542436926820137","0.9256867149657706","Recurrent"
"target-batch8","w4a8","bandwidth-constrained","1","vector","","0","true","","320","3144","54620.33765839033","74.99038225683334","5050.3679999999995","0","0","5429.409544001496","2.1290794444212713","Vector","163.46693489249367","48.93956080635703","9.863999999999999","0","0","15.096303387609959","4.258158888842543","Vector"
"target-batch8","w4a8","bandwidth-constrained","1","matrix","1","0","true","","320","3144","55834.67172608257","73.3594355151657","1742.8597028571435","1006.6329600000006","736.226742857143","3880.743451693806","2.1290794444212713","Matrix;Vector","160.44219643095505","49.86219447227982","3.4040228571428583","1.9660800000000012","1.4379428571428574","12.071564926071492","4.258158888842543","Matrix;Vector"
"target-batch8","w4a8","bandwidth-constrained","1","matrix","2","0","true","","320","3144","55834.67172608257","73.3594355151657","2749.492662857142","2013.2659200000012","736.226742857143","3880.743451693806","2.1290794444212713","Matrix;Vector","160.44219643095505","49.86219447227982","5.3701028571428555","3.9321600000000023","1.4379428571428574","12.071564926071492","4.258158888842543","Matrix;Vector"
"target-batch8","w4a8","bandwidth-constrained","1","matrix","4","0","true","","320","3144","56716.68685724594","72.21860491092329","4762.758582857143","4026.5318400000024","736.226742857143","3880.743451693806","2.1290794444212713","Matrix;Vector","160.44219643095505","49.86219447227982","9.302262857142857","7.864320000000005","1.4379428571428574","12.071564926071492","4.258158888842543","Matrix;Vector"
"target-batch8","w4a8","bandwidth-constrained","1","matrix","8","0","true","","320","3144","60743.21869724586","67.43139543551577","8789.290422857144","8053.063680000005","736.226742857143","3880.743451693806","2.1290794444212713","Matrix;Vector","165.53721436202682","48.32750164868758","17.16658285714286","15.72864000000001","1.4379428571428574","12.071564926071492","4.258158888842543","Matrix;Vector"
"target-batch8","w4a8","bandwidth-constrained","1","matrix","16","0","true","","320","3144","68796.28237724576","59.53810087497903","16842.35410285714","16106.12736000001","736.226742857143","3880.743451693806","2.1290794444212713","Matrix;Vector","181.26585436202765","44.13407052396225","32.895222857142855","31.45728000000002","1.4379428571428574","12.071564926071492","4.258158888842543","Matrix;Vector"
"target-batch8","w4a8","bandwidth-constrained","1","matrix","32","0","true","","320","3144","84902.4097372457","48.24362480024089","32948.48146285714","32212.25472000002","736.226742857143","3880.743451693806","2.1290794444212713","Matrix;Vector","212.72313436202887","37.6075692189876","64.35250285714285","62.91456000000004","1.4379428571428574","12.071564926071492","4.258158888842543","Matrix;Vector"
"target-batch8","w4a8","bandwidth-constrained","1","dedicated","","1","true","","448","4432","54179.50502867459","75.60054300666249","5050.3679999999995","0","0","10.590590155343437","2.1290794444212713","Recurrent","152.99176293345488","52.290396859337264","9.863999999999999","0","0","6.02208800299457","4.258158888842543","Recurrent"
"target-batch8","w4a8","bandwidth-constrained","1","dedicated","","2","true","","576","5720","51716.11211438891","79.20162271557098","2525.1839999999997","0","0","10.590590155343437","2.1290794444212713","Recurrent","154.39271950787798","51.81591480155122","4.9319999999999995","0","0","6.02208800299457","4.258158888842543","Recurrent"
"target-batch8","w4a8","bandwidth-constrained","1","dedicated","","4","true","","832","8296","51714.17944361973","79.20458265156418","1262.5919999999999","0","0","10.590590155343437","2.1290794444212713","Recurrent","154.39271950787798","51.81591480155122","2.4659999999999997","0","0","6.02208800299457","4.258158888842543","Recurrent"
"target-batch8","w4a8","bandwidth-constrained","1","dedicated","","8","true","","1344","13448","51714.17944361973","79.20458265156418","631.2959999999999","0","0","10.590590155343437","2.1290794444212713","Recurrent","154.39271950787798","51.81591480155122","1.2329999999999999","0","0","6.02208800299457","4.258158888842543","Recurrent"
"target-batch8","w4a8","bandwidth-constrained","1","dedicated","","16","true","","2368","23752","51714.17944361973","79.20458265156418","315.64799999999997","0","0","10.590590155343437","2.1290794444212713","Recurrent","154.39271950787798","51.81591480155122","0.6164999999999999","0","0","6.02208800299457","4.258158888842543","Recurrent"
"target-batch8","w4a8","bandwidth-constrained","2","vector","","0","true","","576","3400","30505.092147280055","134.27266438745093","5050.3679999999995","0","0","5429.409544001496","2.1290794444212713","Vector","97.20617044804895","82.29930222665786","9.863999999999999","0","0","15.096303387609959","4.258158888842543","Vector"
"target-batch8","w4a8","bandwidth-constrained","2","matrix","1","0","true","","576","3400","30337.92733497234","135.01251930544035","1239.5432228571428","503.3164800000003","736.226742857143","3880.743451693806","2.1290794444212713","Matrix;Vector","94.1814319865105","84.94243325102372","2.420982857142857","0.9830400000000006","1.4379428571428574","12.071564926071492","4.258158888842543","Matrix;Vector"
"target-batch8","w4a8","bandwidth-constrained","2","matrix","2","0","true","","576","3400","30337.92733497234","135.01251930544035","1742.8597028571435","1006.6329600000006","736.226742857143","3880.743451693806","2.1290794444212713","Matrix;Vector","94.1814319865105","84.94243325102372","3.4040228571428583","1.9660800000000012","1.4379428571428574","12.071564926071492","4.258158888842543","Matrix;Vector"
"target-batch8","w4a8","bandwidth-constrained","2","matrix","4","0","true","","576","3400","30337.92733497234","135.01251930544035","2749.492662857142","2013.2659200000012","736.226742857143","3880.743451693806","2.1290794444212713","Matrix;Vector","94.1814319865105","84.94243325102372","5.3701028571428555","3.9321600000000023","1.4379428571428574","12.071564926071492","4.258158888842543","Matrix;Vector"
"target-batch8","w4a8","bandwidth-constrained","2","matrix","8","0","true","","576","3400","31219.94246613569","131.19819181098543","4762.758582857143","4026.5318400000024","736.226742857143","3880.743451693806","2.1290794444212713","Matrix;Vector","94.1814319865105","84.94243325102372","9.302262857142857","7.864320000000005","1.4379428571428574","12.071564926071492","4.258158888842543","Matrix;Vector"
"target-batch8","w4a8","bandwidth-constrained","2","matrix","16","0","true","","576","3400","35246.474306135475","116.2102048682638","8789.290422857144","8053.063680000005","736.226742857143","3880.743451693806","2.1290794444212713","Matrix;Vector","99.27644991758184","80.58305878827765","17.16658285714286","15.72864000000001","1.4379428571428574","12.071564926071492","4.258158888842543","Matrix;Vector"
"target-batch8","w4a8","bandwidth-constrained","2","matrix","32","0","true","","576","3400","43299.53798613505","94.59685231079327","16842.35410285714","16106.12736000001","736.226742857143","3880.743451693806","2.1290794444212713","Matrix;Vector","115.00508991758181","69.56213856041664","32.895222857142855","31.45728000000002","1.4379428571428574","12.071564926071492","4.258158888842543","Matrix;Vector"
"target-batch8","w4a8","bandwidth-constrained","2","dedicated","","1","true","","704","4688","30064.259517564256","136.24150621794024","5050.3679999999995","0","0","10.590590155343437","2.1290794444212713","Recurrent","89.23175277472471","89.65418420275651","9.863999999999999","0","0","6.02208800299457","4.258158888842543","Recurrent"
"target-batch8","w4a8","bandwidth-constrained","2","dedicated","","2","true","","832","5976","27539.075517564266","148.73411409136062","2525.1839999999997","0","0","10.590590155343437","2.1290794444212713","Recurrent","88.13195506343361","90.772977794966","4.9319999999999995","0","0","6.02208800299457","4.258158888842543","Recurrent"
"target-batch8","w4a8","bandwidth-constrained","2","dedicated","","4","true","","1088","8552","26276.48351756426","155.88082770900712","1262.5919999999999","0","0","10.590590155343437","2.1290794444212713","Recurrent","88.13195506343361","90.772977794966","2.4659999999999997","0","0","6.02208800299457","4.258158888842543","Recurrent"
"target-batch8","w4a8","bandwidth-constrained","2","dedicated","","8","true","","1600","13704","26082.704907454325","157.03892730962045","631.2959999999999","0","0","10.590590155343437","2.1290794444212713","Recurrent","88.13195506343361","90.772977794966","1.2329999999999999","0","0","6.02208800299457","4.258158888842543","Recurrent"
"target-batch8","w4a8","bandwidth-constrained","2","dedicated","","16","true","","2624","24008","26082.704907454325","157.03892730962045","315.64799999999997","0","0","10.590590155343437","2.1290794444212713","Recurrent","88.13195506343361","90.772977794966","0.6164999999999999","0","0","6.02208800299457","4.258158888842543","Recurrent"
"target-batch8","w4a8","bandwidth-constrained","4","vector","","0","true","","1088","3912","18446.986648867336","222.04168507117657","5050.3679999999995","0","0","5429.409544001496","2.1290794444212713","Vector","64.71393069835418","123.62098722282461","9.863999999999999","0","0","15.096303387609959","4.258158888842543","Vector"
"target-batch8","w4a8","bandwidth-constrained","4","matrix","1","0","true","","1088","3912","17589.072396559655","232.87185973497725","987.8849828571432","251.65824000000015","736.226742857143","3880.743451693806","2.1290794444212713","Matrix;Vector","61.68919223681573","129.68235942025595","1.9294628571428578","0.4915200000000003","1.4379428571428574","12.071564926071492","4.258158888842543","Matrix;Vector"
"target-batch8","w4a8","bandwidth-constrained","4","matrix","2","0","true","","1088","3912","17589.072396559655","232.87185973497725","1239.5432228571428","503.3164800000003","736.226742857143","3880.743451693806","2.1290794444212713","Matrix;Vector","61.68919223681573","129.68235942025595","2.420982857142857","0.9830400000000006","1.4379428571428574","12.071564926071492","4.258158888842543","Matrix;Vector"
"target-batch8","w4a8","bandwidth-constrained","4","matrix","4","0","true","","1088","3912","17589.072396559655","232.87185973497725","1742.8597028571435","1006.6329600000006","736.226742857143","3880.743451693806","2.1290794444212713","Matrix;Vector","61.68919223681573","129.68235942025595","3.4040228571428583","1.9660800000000012","1.4379428571428574","12.071564926071492","4.258158888842543","Matrix;Vector"
"target-batch8","w4a8","bandwidth-constrained","4","matrix","8","0","true","","1088","3912","17589.072396559655","232.87185973497725","2749.492662857142","2013.2659200000012","736.226742857143","3880.743451693806","2.1290794444212713","Matrix;Vector","61.68919223681573","129.68235942025595","5.3701028571428555","3.9321600000000023","1.4379428571428574","12.071564926071492","4.258158888842543","Matrix;Vector"
"target-batch8","w4a8","bandwidth-constrained","4","matrix","16","0","true","","1088","3912","18471.087527722982","221.75196743842906","4762.758582857143","4026.5318400000024","736.226742857143","3880.743451693806","2.1290794444212713","Matrix;Vector","61.68919223681573","129.68235942025595","9.302262857142857","7.864320000000005","1.4379428571428574","12.071564926071492","4.258158888842543","Matrix;Vector"
"target-batch8","w4a8","bandwidth-constrained","4","matrix","32","0","true","","1088","3912","22497.61936772295","182.0637078550844","8789.290422857144","8053.063680000005","736.226742857143","3880.743451693806","2.1290794444212713","Matrix;Vector","66.78421016788712","119.78879408604226","17.16658285714286","15.72864000000001","1.4379428571428574","12.071564926071492","4.258158888842543","Matrix;Vector"
"target-batch8","w4a8","bandwidth-constrained","4","dedicated","","1","true","","1216","5200","18006.15401915156","227.47778318698406","5050.3679999999995","0","0","10.590590155343437","2.1290794444212713","Recurrent","58.12975492979187","137.62315030679665","9.863999999999999","0","0","6.02208800299457","4.258158888842543","Recurrent"
"target-batch8","w4a8","bandwidth-constrained","4","dedicated","","2","true","","1344","6488","15480.97001915159","264.5829037155176","2525.1839999999997","0","0","10.590590155343437","2.1290794444212713","Recurrent","55.63971531373886","143.78218786508774","4.9319999999999995","0","0","6.02208800299457","4.258158888842543","Recurrent"
"target-batch8","w4a8","bandwidth-constrained","4","dedicated","","4","true","","1600","9064","14218.378019151587","288.07786615905496","1262.5919999999999","0","0","10.590590155343437","2.1290794444212713","Recurrent","55.63971531373886","143.78218786508774","2.4659999999999997","0","0","6.02208800299457","4.258158888842543","Recurrent"
"target-batch8","w4a8","bandwidth-constrained","4","dedicated","","8","true","","2112","14216","13587.082019151576","301.46281550567755","631.2959999999999","0","0","10.590590155343437","2.1290794444212713","Recurrent","55.63971531373886","143.78218786508774","1.2329999999999999","0","0","6.02208800299457","4.258158888842543","Recurrent"
"target-batch8","w4a8","bandwidth-constrained","4","dedicated","","16","true","","3136","24520","13334.332711898813","307.176976043575","315.64799999999997","0","0","10.590590155343437","2.1290794444212713","Recurrent","55.63971531373886","143.78218786508774","0.6164999999999999","0","0","6.02208800299457","4.258158888842543","Recurrent"
"target-batch8","w4a8","bandwidth-constrained","8","vector","","0","true","","2112","4936","12419.729781858765","329.79783553607905","5050.3679999999995","0","0","5429.409544001496","2.1290794444212713","Vector","56.98868181251799","140.37875145662238","9.863999999999999","0","0","15.096303387609959","4.258158888842543","Vector"
"target-batch8","w4a8","bandwidth-constrained","8","matrix","1","0","true","","2112","4936","11216.440809551075","365.17822984561684","862.0558628571432","125.82912000000007","736.226742857143","3880.743451693806","2.1290794444212713","Matrix;Vector","53.96394335097954","148.247135091079","1.6837028571428578","0.24576000000000015","1.4379428571428574","12.071564926071492","4.258158888842543","Matrix;Vector"
"target-batch8","w4a8","bandwidth-constrained","8","matrix","2","0","true","","2112","4936","11216.440809551075","365.17822984561684","987.8849828571432","251.65824000000015","736.226742857143","3880.743451693806","2.1290794444212713","Matrix;Vector","53.96394335097954","148.247135091079","1.9294628571428578","0.4915200000000003","1.4379428571428574","12.071564926071492","4.258158888842543","Matrix;Vector"
"target-batch8","w4a8","bandwidth-constrained","8","matrix","4","0","true","","2112","4936","11216.440809551075","365.17822984561684","1239.5432228571428","503.3164800000003","736.226742857143","3880.743451693806","2.1290794444212713","Matrix;Vector","53.96394335097954","148.247135091079","2.420982857142857","0.9830400000000006","1.4379428571428574","12.071564926071492","4.258158888842543","Matrix;Vector"
"target-batch8","w4a8","bandwidth-constrained","8","matrix","8","0","true","","2112","4936","11216.440809551075","365.17822984561684","1742.8597028571435","1006.6329600000006","736.226742857143","3880.743451693806","2.1290794444212713","Matrix;Vector","53.96394335097954","148.247135091079","3.4040228571428583","1.9660800000000012","1.4379428571428574","12.071564926071492","4.258158888842543","Matrix;Vector"
"target-batch8","w4a8","bandwidth-constrained","8","matrix","16","0","true","","2112","4936","11216.440809551075","365.17822984561684","2749.492662857142","2013.2659200000012","736.226742857143","3880.743451693806","2.1290794444212713","Matrix;Vector","53.96394335097954","148.247135091079","5.3701028571428555","3.9321600000000023","1.4379428571428574","12.071564926071492","4.258158888842543","Matrix;Vector"
"target-batch8","w4a8","bandwidth-constrained","8","matrix","32","0","true","","2112","4936","12098.455940714412","338.55559916665965","4762.758582857143","4026.5318400000024","736.226742857143","3880.743451693806","2.1290794444212713","Matrix;Vector","53.96394335097954","148.247135091079","9.302262857142857","7.864320000000005","1.4379428571428574","12.071564926071492","4.258158888842543","Matrix;Vector"
"target-batch8","w4a8","bandwidth-constrained","8","dedicated","","1","true","","2240","6224","11978.897152142985","341.9346495739167","5050.3679999999995","0","0","10.590590155343437","2.1290794444212713","Recurrent","50.53674147435859","158.30066930728117","9.863999999999999","0","0","6.02208800299457","4.258158888842543","Recurrent"
"target-batch8","w4a8","bandwidth-constrained","8","dedicated","","2","true","","2368","7512","9453.713152142975","433.2689107529686","2525.1839999999997","0","0","10.590590155343437","2.1290794444212713","Recurrent","47.91446642790267","166.964188405138","4.9319999999999995","0","0","6.02208800299457","4.258158888842543","Recurrent"
"target-batch8","w4a8","bandwidth-constrained","8","dedicated","","4","true","","2624","10088","8191.121152142953","500.0536463715237","1262.5919999999999","0","0","10.590590155343437","2.1290794444212713","Recurrent","47.91446642790267","166.964188405138","2.4659999999999997","0","0","6.02208800299457","4.258158888842543","Recurrent"
"target-batch8","w4a8","bandwidth-constrained","8","dedicated","","8","true","","3136","15240","7559.825152142947","541.8114728273744","631.2959999999999","0","0","10.590590155343437","2.1290794444212713","Recurrent","47.91446642790267","166.964188405138","1.2329999999999999","0","0","6.02208800299457","4.258158888842543","Recurrent"
"target-batch8","w4a8","bandwidth-constrained","8","dedicated","","16","true","","4160","25544","7244.177152142941","565.419634828828","315.64799999999997","0","0","10.590590155343437","2.1290794444212713","Recurrent","47.91446642790267","166.964188405138","0.6164999999999999","0","0","6.02208800299457","4.258158888842543","Recurrent"
"target-batch8","w4a8","bandwidth-constrained","16","vector","","0","true","","4160","6984","9407.531381858733","435.3958369885039","5050.3679999999995","0","0","5429.409544001496","2.1290794444212713","Vector","56.98868181251799","140.37875145662238","9.863999999999999","0","0","15.096303387609959","4.258158888842543","Vector"
"target-batch8","w4a8","bandwidth-constrained","16","matrix","1","0","true","","4160","6984","7858.865289551018","521.1948352704245","799.1413028571432","62.91456000000004","736.226742857143","3880.743451693806","2.1290794444212713","Matrix;Vector","53.96394335097954","148.247135091079","1.5608228571428577","0.12288000000000007","1.4379428571428574","12.071564926071492","4.258158888842543","Matrix;Vector"
"target-batch8","w4a8","bandwidth-constrained","16","matrix","2","0","true","","4160","6984","7858.865289551018","521.1948352704245","862.0558628571432","125.82912000000007","736.226742857143","3880.743451693806","2.1290794444212713","Matrix;Vector","53.96394335097954","148.247135091079","1.6837028571428578","0.24576000000000015","1.4379428571428574","12.071564926071492","4.258158888842543","Matrix;Vector"
"target-batch8","w4a8","bandwidth-constrained","16","matrix","4","0","true","","4160","6984","7858.865289551018","521.1948352704245","987.8849828571432","251.65824000000015","736.226742857143","3880.743451693806","2.1290794444212713","Matrix;Vector","53.96394335097954","148.247135091079","1.9294628571428578","0.4915200000000003","1.4379428571428574","12.071564926071492","4.258158888842543","Matrix;Vector"
"target-batch8","w4a8","bandwidth-constrained","16","matrix","8","0","true","","4160","6984","7858.865289551018","521.1948352704245","1239.5432228571428","503.3164800000003","736.226742857143","3880.743451693806","2.1290794444212713","Matrix;Vector","53.96394335097954","148.247135091079","2.420982857142857","0.9830400000000006","1.4379428571428574","12.071564926071492","4.258158888842543","Matrix;Vector"
"target-batch8","w4a8","bandwidth-constrained","16","matrix","16","0","true","","4160","6984","7858.865289551018","521.1948352704245","1742.8597028571435","1006.6329600000006","736.226742857143","3880.743451693806","2.1290794444212713","Matrix;Vector","53.96394335097954","148.247135091079","3.4040228571428583","1.9660800000000012","1.4379428571428574","12.071564926071492","4.258158888842543","Matrix;Vector"
"target-batch8","w4a8","bandwidth-constrained","16","matrix","32","0","true","","4160","6984","7858.865289551018","521.1948352704245","2749.492662857142","2013.2659200000012","736.226742857143","3880.743451693806","2.1290794444212713","Matrix;Vector","53.96394335097954","148.247135091079","5.3701028571428555","3.9321600000000023","1.4379428571428574","12.071564926071492","4.258158888842543","Matrix;Vector"
"target-batch8","w4a8","bandwidth-constrained","16","dedicated","","1","true","","4288","8272","8966.69875214295","456.8013394027649","5050.3679999999995","0","0","10.590590155343437","2.1290794444212713","Recurrent","50.53674147435859","158.30066930728117","9.863999999999999","0","0","6.02208800299457","4.258158888842543","Recurrent"
"target-batch8","w4a8","bandwidth-constrained","16","dedicated","","2","true","","4416","9560","6441.5147521429135","635.8752805211498","2525.1839999999997","0","0","10.590590155343437","2.1290794444212713","Recurrent","47.91446642790267","166.964188405138","4.9319999999999995","0","0","6.02208800299457","4.258158888842543","Recurrent"
"target-batch8","w4a8","bandwidth-constrained","16","dedicated","","4","true","","4672","12136","5178.922752142878","790.8980681948193","1262.5919999999999","0","0","10.590590155343437","2.1290794444212713","Recurrent","47.91446642790267","166.964188405138","2.4659999999999997","0","0","6.02208800299457","4.258158888842543","Recurrent"
"target-batch8","w4a8","bandwidth-constrained","16","dedicated","","8","true","","5184","17288","4547.626752142855","900.689573538539","631.2959999999999","0","0","10.590590155343437","2.1290794444212713","Recurrent","47.91446642790267","166.964188405138","1.2329999999999999","0","0","6.02208800299457","4.258158888842543","Recurrent"
"target-batch8","w4a8","bandwidth-constrained","16","dedicated","","16","true","","6208","27592","4231.9787521428425","967.8687535768013","315.64799999999997","0","0","10.590590155343437","2.1290794444212713","Recurrent","47.91446642790267","166.964188405138","0.6164999999999999","0","0","6.02208800299457","4.258158888842543","Recurrent"
"target-batch8","w4a8","middle","1","vector","","0","true","","320","3144","54196.787507150766","75.57643521693183","5050.3679999999995","0","0","1357.352386000374","0.7096931481404242","Vector","147.63007182493845","54.18950150946549","9.863999999999999","0","0","3.7740758469024898","1.4193862962808483","Vector"
"target-batch8","w4a8","middle","1","matrix","1","0","true","","320","3144","53648.4596452079","76.34888358562354","1742.8597028571435","1006.6329600000006","736.226742857143","970.1858629234515","0.7096931481404242","Matrix;Vector","146.55439182493836","54.58724164033331","3.4040228571428583","1.9660800000000012","1.4379428571428574","3.017891231517873","1.4193862962808483","Matrix;Vector"
"target-batch8","w4a8","middle","1","matrix","2","0","true","","320","3144","54655.09260520784","74.94269618362536","2749.492662857142","2013.2659200000012","736.226742857143","970.1858629234515","0.7096931481404242","Matrix;Vector","148.52047182493834","53.86462823407693","5.3701028571428555","3.9321600000000023","1.4379428571428574","3.017891231517873","1.4193862962808483","Matrix;Vector"
"target-batch8","w4a8","middle","1","matrix","4","0","true","","320","3144","56668.358525207834","72.28019492002707","4762.758582857143","4026.5318400000024","736.226742857143","970.1858629234515","0.7096931481404242","Matrix;Vector","152.45263182493838","52.47531580292044","9.302262857142857","7.864320000000005","1.4379428571428574","3.017891231517873","1.4193862962808483","Matrix;Vector"
"target-batch8","w4a8","middle","1","matrix","8","0","true","","320","3144","60694.89036520775","67.48508771255575","8789.290422857144","8053.063680000005","736.226742857143","970.1858629234515","0.7096931481404242","Matrix;Vector","160.31695182493834","49.90114837472569","17.16658285714286","15.72864000000001","1.4379428571428574","3.017891231517873","1.4193862962808483","Matrix;Vector"
"target-batch8","w4a8","middle","1","matrix","16","0","true","","320","3144","68747.95404520766","59.57995487846125","16842.35410285714","16106.12736000001","736.226742857143","970.1858629234515","0.7096931481404242","Matrix;Vector","176.04559182493938","45.44277375576231","32.895222857142855","31.45728000000002","1.4379428571428574","3.017891231517873","1.4193862962808483","Matrix;Vector"
"target-batch8","w4a8","middle","1","matrix","32","0","true","","320","3144","84854.08140520757","48.271101780481054","32948.48146285714","32212.25472000002","736.226742857143","970.1858629234515","0.7096931481404242","Matrix;Vector","207.50287182494074","38.55368327985928","64.35250285714285","62.91456000000004","1.4379428571428574","3.017891231517873","1.4193862962808483","Matrix;Vector"
"target-batch8","w4a8","middle","1","dedicated","","1","true","","448","4432","54134.99642143649","75.66270011570661","5050.3679999999995","0","0","2.647647538835859","0.7096931481404242","Recurrent","147.63007182493845","54.18950150946549","9.863999999999999","0","0","1.5055220007486425","1.4193862962808483","Recurrent"
"target-batch8","w4a8","middle","1","dedicated","","2","true","","576","5720","51609.81242143653","79.36475270541179","2525.1839999999997","0","0","2.647647538835859","0.7096931481404242","Recurrent","142.69807182493844","56.06242535508382","4.9319999999999995","0","0","1.5055220007486425","1.4193862962808483","Recurrent"
"target-batch8","w4a8","middle","1","dedicated","","4","true","","832","8296","51526.04906235085","79.49377207329627","1262.5919999999999","0","0","2.647647538835859","0.7096931481404242","Recurrent","140.31935692383942","57.012804044862655","2.4659999999999997","0","0","1.5055220007486425","1.4193862962808483","Recurrent"
"target-batch8","w4a8","middle","1","dedicated","","8","true","","1344","13448","51526.04906235085","79.49377207329628","631.2959999999999","0","0","2.647647538835859","0.7096931481404242","Recurrent","139.87201813263064","57.195142436667865","1.2329999999999999","0","0","1.5055220007486425","1.4193862962808483","Recurrent"
"target-batch8","w4a8","middle","1","dedicated","","16","true","","2368","23752","51526.04906235085","79.49377207329627","315.64799999999997","0","0","2.647647538835859","0.7096931481404242","Recurrent","139.87201813263064","57.195142436667865","0.6164999999999999","0","0","1.5055220007486425","1.4193862962808483","Recurrent"
"target-batch8","w4a8","middle","2","vector","","0","true","","576","3400","30081.059253183284","136.1654177642214","5050.3679999999995","0","0","1357.352386000374","0.7096931481404242","Vector","81.03821404716072","98.7188586775166","9.863999999999999","0","0","3.7740758469024898","1.4193862962808483","Vector"
"target-batch8","w4a8","middle","2","matrix","1","0","true","","576","3400","27647.91603124043","148.1485980849976","1239.5432228571428","503.3164800000003","736.226742857143","970.1858629234515","0.7096931481404242","Matrix;Vector","76.95496242153571","103.95690866793554","2.420982857142857","0.9830400000000006","1.4379428571428574","3.017891231517873","1.4193862962808483","Matrix;Vector"
"target-batch8","w4a8","middle","2","matrix","2","0","true","","576","3400","28151.232511240414","145.49984617421356","1742.8597028571435","1006.6329600000006","736.226742857143","970.1858629234515","0.7096931481404242","Matrix;Vector","77.3410940471607","103.437895449498","3.4040228571428583","1.9660800000000012","1.4379428571428574","3.017891231517873","1.4193862962808483","Matrix;Vector"
"target-batch8","w4a8","middle","2","matrix","4","0","true","","576","3400","29157.865471240435","140.4766752916138","2749.492662857142","2013.2659200000012","736.226742857143","970.1858629234515","0.7096931481404242","Matrix;Vector","79.30717404716073","100.8735980838597","5.3701028571428555","3.9321600000000023","1.4379428571428574","3.017891231517873","1.4193862962808483","Matrix;Vector"
"target-batch8","w4a8","middle","2","matrix","8","0","true","","576","3400","31171.131391240433","131.4036359023862","4762.758582857143","4026.5318400000024","736.226742857143","970.1858629234515","0.7096931481404242","Matrix;Vector","83.23933404716071","96.10840946261607","9.302262857142857","7.864320000000005","1.4379428571428574","3.017891231517873","1.4193862962808483","Matrix;Vector"
"target-batch8","w4a8","middle","2","matrix","16","0","true","","576","3400","35197.66323124022","116.37136173189285","8789.290422857144","8053.063680000005","736.226742857143","970.1858629234515","0.7096931481404242","Matrix;Vector","91.10365404716062","87.81206509959226","17.16658285714286","15.72864000000001","1.4379428571428574","3.017891231517873","1.4193862962808483","Matrix;Vector"
"target-batch8","w4a8","middle","2","matrix","32","0","true","","576","3400","43250.72691123979","94.70361060996528","16842.35410285714","16106.12736000001","736.226742857143","970.1858629234515","0.7096931481404242","Matrix;Vector","106.83229404716056","74.88372379674297","32.895222857142855","31.45728000000002","1.4379428571428574","3.017891231517873","1.4193862962808483","Matrix;Vector"
"target-batch8","w4a8","middle","2","dedicated","","1","true","","704","4688","30019.268167468985","136.44569804798627","5050.3679999999995","0","0","2.647647538835859","0.7096931481404242","Recurrent","81.03821404716072","98.7188586775166","9.863999999999999","0","0","1.5055220007486425","1.4193862962808483","Recurrent"
"target-batch8","w4a8","middle","2","dedicated","","2","true","","832","5976","27494.084167468995","148.977502762081","2525.1839999999997","0","0","2.647647538835859","0.7096931481404242","Recurrent","76.10621404716075","105.11625233443668","4.9319999999999995","0","0","1.5055220007486425","1.4193862962808483","Recurrent"
"target-batch8","w4a8","middle","2","dedicated","","4","true","","1088","8552","26231.49216746898","156.14818912511808","1262.5919999999999","0","0","2.647647538835859","0.7096931481404242","Recurrent","73.64021404716071","108.63629476791898","2.4659999999999997","0","0","1.5055220007486425","1.4193862962808483","Recurrent"
"target-batch8","w4a8","middle","2","dedicated","","8","true","","1600","13704","26029.30467124037","157.36109941214247","631.2959999999999","0","0","2.647647538835859","0.7096931481404242","Recurrent","72.67973604790936","110.07194625371952","1.2329999999999999","0","0","1.5055220007486425","1.4193862962808483","Recurrent"
"target-batch8","w4a8","middle","2","dedicated","","16","true","","2624","24008","26029.30467124037","157.36109941214247","315.64799999999997","0","0","2.647647538835859","0.7096931481404242","Recurrent","72.67973604790936","110.07194625371952","0.6164999999999999","0","0","1.5055220007486425","1.4193862962808483","Recurrent"
"target-batch8","w4a8","middle","4","vector","","0","true","","1088","3912","18023.43649762767","227.25965719906606","5050.3679999999995","0","0","1357.352386000374","0.7096931481404242","Vector","47.9789977406894","166.73962310003537","9.863999999999999","0","0","3.7740758469024898","1.4193862962808483","Vector"
"target-batch8","w4a8","middle","4","matrix","1","0","true","","1088","3912","14647.885595684835","279.6308022235409","987.8849828571432","251.65824000000015","736.226742857143","970.1858629234515","0.7096931481404242","Matrix;Vector","41.60631413704248","192.27850786420726","1.9294628571428578","0.4915200000000003","1.4379428571428574","3.017891231517873","1.4193862962808483","Matrix;Vector"
"target-batch8","w4a8","middle","4","matrix","2","0","true","","1088","3912","14899.543835684839","274.9077451747188","1239.5432228571428","503.3164800000003","736.226742857143","970.1858629234515","0.7096931481404242","Matrix;Vector","41.60631413704248","192.27850786420726","2.420982857142857","0.9830400000000006","1.4379428571428574","3.017891231517873","1.4193862962808483","Matrix;Vector"
"target-batch8","w4a8","middle","4","matrix","4","0","true","","1088","3912","15402.860315684848","265.92463451927904","1742.8597028571435","1006.6329600000006","736.226742857143","970.1858629234515","0.7096931481404242","Matrix;Vector","41.99244576266746","190.51045621906212","3.4040228571428583","1.9660800000000012","1.4379428571428574","3.017891231517873","1.4193862962808483","Matrix;Vector"
"target-batch8","w4a8","middle","4","matrix","8","0","true","","1088","3912","16409.49327568484","249.61160781663787","2749.492662857142","2013.2659200000012","736.226742857143","970.1858629234515","0.7096931481404242","Matrix;Vector","43.95852576266744","181.98972465983246","5.3701028571428555","3.9321600000000023","1.4379428571428574","3.017891231517873","1.4193862962808483","Matrix;Vector"
"target-batch8","w4a8","middle","4","matrix","16","0","true","","1088","3912","18422.759195684823","222.33368826529576","4762.758582857143","4026.5318400000024","736.226742857143","970.1858629234515","0.7096931481404242","Matrix;Vector","47.41726059783225","168.71493416398948","9.302262857142857","7.864320000000005","1.4379428571428574","3.017891231517873","1.4193862962808483","Matrix;Vector"
"target-batch8","w4a8","middle","4","matrix","32","0","true","","1088","3912","22449.29103568481","182.45565053654053","8789.290422857144","8053.063680000005","736.226742857143","970.1858629234515","0.7096931481404242","Matrix;Vector","55.281580597832246","144.71366255243618","17.16658285714286","15.72864000000001","1.4379428571428574","3.017891231517873","1.4193862962808483","Matrix;Vector"
"target-batch8","w4a8","middle","4","dedicated","","1","true","","1216","5200","17961.64541191339","228.0414686999251","5050.3679999999995","0","0","2.647647538835859","0.7096931481404242","Recurrent","47.9789977406894","166.73962310003537","9.863999999999999","0","0","1.5055220007486425","1.4193862962808483","Recurrent"
"target-batch8","w4a8","middle","4","dedicated","","2","true","","1344","6488","15436.461411913404","265.34578688084747","2525.1839999999997","0","0","2.647647538835859","0.7096931481404242","Recurrent","43.520422905524576","183.82174312429447","4.9319999999999995","0","0","1.5055220007486425","1.4193862962808483","Recurrent"
"target-batch8","w4a8","middle","4","dedicated","","4","true","","1600","9064","14173.869411913414","288.98248466697686","1262.5919999999999","0","0","2.647647538835859","0.7096931481404242","Recurrent","41.054422905524596","194.8632920357884","2.4659999999999997","0","0","1.5055220007486425","1.4193862962808483","Recurrent"
"target-batch8","w4a8","middle","4","dedicated","","8","true","","2112","14216","13542.573411913403","302.4535939673584","631.2959999999999","0","0","2.647647538835859","0.7096931481404242","Recurrent","40.093944906273244","199.5313760893678","1.2329999999999999","0","0","1.5055220007486425","1.4193862962808483","Recurrent"
"target-batch8","w4a8","middle","4","dedicated","","16","true","","3136","24520","13288.716497627687","308.2314233079787","315.64799999999997","0","0","2.647647538835859","0.7096931481404242","Recurrent","40.093944906273244","199.5313760893678","0.6164999999999999","0","0","1.5055220007486425","1.4193862962808483","Recurrent"
"target-batch8","w4a8","middle","8","vector","","0","true","","2112","4936","11994.62511984988","341.4862873222723","5050.3679999999995","0","0","1357.352386000374","0.7096931481404242","Vector","37.012713541666436","216.14194784703196","9.863999999999999","0","0","3.7740758469024898","1.4193862962808483","Vector"
"target-batch8","w4a8","middle","8","matrix","1","0","true","","2112","4936","7914.442982773354","517.5348421759295","862.0558628571432","125.82912000000007","736.226742857143","970.1858629234515","0.7096931481404242","Matrix;Vector","32.254617850107444","248.0265007998956","1.6837028571428578","0.24576000000000015","1.4379428571428574","3.017891231517873","1.4193862962808483","Matrix;Vector"
"target-batch8","w4a8","middle","8","matrix","2","0","true","","2112","4936","7932.142102707052","516.3800581184914","987.8849828571432","251.65824000000015","736.226742857143","970.1858629234515","0.7096931481404242","Matrix;Vector","32.254617850107444","248.0265007998956","1.9294628571428578","0.4915200000000003","1.4379428571428574","3.017891231517873","1.4193862962808483","Matrix;Vector"
"target-batch8","w4a8","middle","8","matrix","4","0","true","","2112","4936","8122.009256992764","504.30870864539935","1239.5432228571428","503.3164800000003","736.226742857143","970.1858629234515","0.7096931481404242","Matrix;Vector","32.254617850107444","248.0265007998956","2.420982857142857","0.9830400000000006","1.4379428571428574","3.017891231517873","1.4193862962808483","Matrix;Vector"
"target-batch8","w4a8","middle","8","matrix","8","0","true","","2112","4936","8625.325736992765","474.8806160946308","1742.8597028571435","1006.6329600000006","736.226742857143","970.1858629234515","0.7096931481404242","Matrix;Vector","32.64074947573241","245.09241143337718","3.4040228571428583","1.9660800000000012","1.4379428571428574","3.017891231517873","1.4193862962808483","Matrix;Vector"
"target-batch8","w4a8","middle","8","matrix","16","0","true","","2112","4936","9631.958696992759","425.2509929552369","2749.492662857142","2013.2659200000012","736.226742857143","970.1858629234515","0.7096931481404242","Matrix;Vector","34.17580447573242","234.08373621989338","5.3701028571428555","3.9321600000000023","1.4379428571428574","3.017891231517873","1.4193862962808483","Matrix;Vector"
"target-batch8","w4a8","middle","8","matrix","32","0","true","","2112","4936","11645.224616992735","351.7321592941289","4762.758582857143","4026.5318400000024","736.226742857143","970.1858629234515","0.7096931481404242","Matrix;Vector","36.450976398809274","219.47285890156104","9.302262857142857","7.864320000000005","1.4379428571428574","3.017891231517873","1.4193862962808483","Matrix;Vector"
"target-batch8","w4a8","middle","8","dedicated","","1","true","","2240","6224","11932.834034135598","343.25458548093434","5050.3679999999995","0","0","2.647647538835859","0.7096931481404242","Recurrent","37.012713541666436","216.14194784703196","9.863999999999999","0","0","1.5055220007486425","1.4193862962808483","Recurrent"
"target-batch8","w4a8","middle","8","dedicated","","2","true","","2368","7512","9407.650034135613","435.3903456376123","2525.1839999999997","0","0","2.647647538835859","0.7096931481404242","Recurrent","33.737701618589554","237.12344398682987","4.9319999999999995","0","0","1.5055220007486425","1.4193862962808483","Recurrent"
"target-batch8","w4a8","middle","8","dedicated","","4","true","","2624","10088","8145.058034135623","502.8816225536789","1262.5919999999999","0","0","2.647647538835859","0.7096931481404242","Recurrent","31.702726618589562","252.34422566382764","2.4659999999999997","0","0","1.5055220007486425","1.4193862962808483","Recurrent"
"target-batch8","w4a8","middle","8","dedicated","","8","true","","3136","15240","7513.762034135622","545.133048051235","631.2959999999999","0","0","2.647647538835859","0.7096931481404242","Recurrent","30.74224861933819","260.2281992790748","1.2329999999999999","0","0","1.5055220007486425","1.4193862962808483","Recurrent"
"target-batch8","w4a8","middle","8","dedicated","","16","true","","4160","25544","7198.114034135614","569.0379425187682","315.64799999999997","0","0","2.647647538835859","0.7096931481404242","Recurrent","30.74224861933819","260.2281992790748","0.6164999999999999","0","0","1.5055220007486425","1.4193862962808483","Recurrent"
"target-batch8","w4a8","middle","16","vector","","0","true","","4160","6984","8980.219430960995","456.11357623158625","5050.3679999999995","0","0","1357.352386000374","0.7096931481404242","Vector","33.38921017093996","239.59836004035634","9.863999999999999","0","0","3.7740758469024898","1.4193862962808483","Vector"
"target-batch8","w4a8","middle","16","matrix","1","0","true","","4160","6984","4900.037293884397","835.9120052233288","799.1413028571432","62.91456000000004","736.226742857143","970.1858629234515","0.7096931481404242","Matrix;Vector","30.69036530355683","260.66812567632905","1.5608228571428577","0.12288000000000007","1.4379428571428574","3.017891231517873","1.4193862962808483","Matrix;Vector"
"target-batch8","w4a8","middle","16","matrix","2","0","true","","4160","6984","4900.037293884397","835.9120052233288","862.0558628571432","125.82912000000007","736.226742857143","970.1858629234515","0.7096931481404242","Matrix;Vector","30.69036530355683","260.66812567632905","1.6837028571428578","0.24576000000000015","1.4379428571428574","3.017891231517873","1.4193862962808483","Matrix;Vector"
"target-batch8","w4a8","middle","16","matrix","4","0","true","","4160","6984","4917.73641381809","832.9035262017834","987.8849828571432","251.65824000000015","736.226742857143","970.1858629234515","0.7096931481404242","Matrix;Vector","30.69036530355683","260.66812567632905","1.9294628571428578","0.4915200000000003","1.4379428571428574","3.017891231517873","1.4193862962808483","Matrix;Vector"
"target-batch8","w4a8","middle","16","matrix","8","0","true","","4160","6984","5107.603568103815","801.9416435486261","1239.5432228571428","503.3164800000003","736.226742857143","970.1858629234515","0.7096931481404242","Matrix;Vector","30.69036530355683","260.66812567632905","2.420982857142857","0.9830400000000006","1.4379428571428574","3.017891231517873","1.4193862962808483","Matrix;Vector"
"target-batch8","w4a8","middle","16","matrix","16","0","true","","4160","6984","5610.920048103824","730.0050553000159","1742.8597028571435","1006.6329600000006","736.226742857143","970.1858629234515","0.7096931481404242","Matrix;Vector","31.07649692918181","257.42927261816783","3.4040228571428583","1.9660800000000012","1.4379428571428574","3.017891231517873","1.4193862962808483","Matrix;Vector"
"target-batch8","w4a8","middle","16","matrix","32","0","true","","4160","6984","6617.553008103845","618.9599078366347","2749.492662857142","2013.2659200000012","736.226742857143","970.1858629234515","0.7096931481404242","Matrix;Vector","32.91942692918182","243.01759618143004","5.3701028571428555","3.9321600000000023","1.4379428571428574","3.017891231517873","1.4193862962808483","Matrix;Vector"
"target-batch8","w4a8","middle","16","dedicated","","1","true","","4288","8272","8918.428345246712","459.2737466106414","5050.3679999999995","0","0","2.647647538835859","0.7096931481404242","Recurrent","33.38921017093996","239.59836004035634","9.863999999999999","0","0","1.5055220007486425","1.4193862962808483","Recurrent"
"target-batch8","w4a8","middle","16","dedicated","","2","true","","4416","9560","6393.244345246701","640.6762793362224","2525.1839999999997","0","0","2.647647538835859","0.7096931481404242","Recurrent","32.48132407203894","246.29537829976212","4.9319999999999995","0","0","1.5055220007486425","1.4193862962808483","Recurrent"
"target-batch8","w4a8","middle","16","dedicated","","4","true","","4672","12136","5130.6523452466745","798.3390267701076","1262.5919999999999","0","0","2.647647538835859","0.7096931481404242","Recurrent","30.138474072038964","265.4414414239378","2.4659999999999997","0","0","1.5055220007486425","1.4193862962808483","Recurrent"
"target-batch8","w4a8","middle","16","dedicated","","8","true","","5184","17288","4499.3563452466515","910.3524339269599","631.2959999999999","0","0","2.647647538835859","0.7096931481404242","Recurrent","29.177996072787586","274.1792129947224","1.2329999999999999","0","0","1.5055220007486425","1.4193862962808483","Recurrent"
"target-batch8","w4a8","middle","16","dedicated","","16","true","","6208","27592","4183.708345246643","979.0357410199749","315.64799999999997","0","0","2.647647538835859","0.7096931481404242","Recurrent","29.177996072787586","274.1792129947224","0.6164999999999999","0","0","1.5055220007486425","1.4193862962808483","Recurrent"
"target-batch8","w4a8","f2-ceiling","1","vector","","0","true","","320","3144","54195.92727205093","75.5776348181854","5050.3679999999995","0","0","678.676193000187","0.4628433574828853","Vector","146.9593447788921","54.43682408925007","9.863999999999999","0","0","1.8870379234512449","0.9256867149657706","Vector"
"target-batch8","w4a8","f2-ceiling","1","matrix","1","0","true","","320","3144","53629.768484473316","76.37549286057161","1742.8597028571435","1006.6329600000006","736.226742857143","485.09293146172575","0.4628433574828853","Matrix;Vector","145.88366477889204","54.838216548269244","3.4040228571428583","1.9660800000000012","1.4379428571428574","1.5089456157589365","0.9256867149657706","Matrix;Vector"
"target-batch8","w4a8","f2-ceiling","1","matrix","2","0","true","","320","3144","54636.40144447326","74.96833414555581","2749.492662857142","2013.2659200000012","736.226742857143","485.09293146172575","0.4628433574828853","Matrix;Vector","147.849744778892","54.10898755330238","5.3701028571428555","3.9321600000000023","1.4379428571428574","1.5089456157589365","0.9256867149657706","Matrix;Vector"
"target-batch8","w4a8","f2-ceiling","1","matrix","4","0","true","","320","3144","56649.66736447325","72.30404326378671","4762.758582857143","4026.5318400000024","736.226742857143","485.09293146172575","0.4628433574828853","Matrix;Vector","151.78190477889203","52.70720519454531","9.302262857142857","7.864320000000005","1.4379428571428574","1.5089456157589365","0.9256867149657706","Matrix;Vector"
"target-batch8","w4a8","f2-ceiling","1","matrix","8","0","true","","320","3144","60676.199204473174","67.50587633541217","8789.290422857144","8053.063680000005","736.226742857143","485.09293146172575","0.4628433574828853","Matrix;Vector","159.64622477889205","50.11079974537385","17.16658285714286","15.72864000000001","1.4379428571428574","1.5089456157589365","0.9256867149657706","Matrix;Vector"
"target-batch8","w4a8","f2-ceiling","1","matrix","16","0","true","","320","3144","68729.2628844731","59.59615785324164","16842.35410285714","16106.12736000001","736.226742857143","485.09293146172575","0.4628433574828853","Matrix;Vector","175.374864778893","45.616571166490374","32.895222857142855","31.45728000000002","1.4379428571428574","1.5089456157589365","0.9256867149657706","Matrix;Vector"
"target-batch8","w4a8","f2-ceiling","1","matrix","32","0","true","","320","3144","84835.39024447302","48.281736999104005","32948.48146285714","32212.25472000002","736.226742857143","485.09293146172575","0.4628433574828853","Matrix;Vector","206.83214477889425","38.67870735736984","64.35250285714285","62.91456000000004","1.4379428571428574","1.5089456157589365","0.9256867149657706","Matrix;Vector"
"target-batch8","w4a8","f2-ceiling","1","dedicated","","1","true","","448","4432","54134.136186336655","75.6639024570567","5050.3679999999995","0","0","1.3238237694179296","0.4628433574828853","Recurrent","146.9593447788921","54.43682408925007","9.863999999999999","0","0","0.7527610003743213","0.9256867149657706","Recurrent"
"target-batch8","w4a8","f2-ceiling","1","dedicated","","2","true","","576","5720","51608.9521863367","79.36607558338305","2525.1839999999997","0","0","1.3238237694179296","0.4628433574828853","Recurrent","142.0273447788921","56.3271813076164","4.9319999999999995","0","0","0.7527610003743213","0.9256867149657706","Recurrent"
"target-batch8","w4a8","f2-ceiling","1","dedicated","","4","true","","832","8296","51523.17810593921","79.49820159730875","1262.5919999999999","0","0","1.3238237694179296","0.4628433574828853","Recurrent","139.85310779609222","57.20287611816328","2.4659999999999997","0","0","0.7527610003743213","0.9256867149657706","Recurrent"
"target-batch8","w4a8","f2-ceiling","1","dedicated","","8","true","","1344","13448","51523.17810593921","79.49820159730875","631.2959999999999","0","0","1.3238237694179296","0.4628433574828853","Recurrent","139.85310779609222","57.20287611816329","1.2329999999999999","0","0","0.7527610003743213","0.9256867149657706","Recurrent"
"target-batch8","w4a8","f2-ceiling","1","dedicated","","16","true","","2368","23752","51523.17810593921","79.49820159730875","315.64799999999997","0","0","1.3238237694179296","0.4628433574828853","Recurrent","139.85310779609222","57.20287611816329","0.6164999999999999","0","0","0.7527610003743213","0.9256867149657706","Recurrent"
"target-batch8","w4a8","f2-ceiling","2","vector","","0","true","","576","3400","30080.199018083444","136.169311829938","5050.3679999999995","0","0","678.676193000187","0.4628433574828853","Vector","80.36748700111438","99.54274170460337","9.863999999999999","0","0","1.8870379234512449","0.9256867149657706","Vector"
"target-batch8","w4a8","f2-ceiling","2","matrix","1","0","true","","576","3400","27629.22487050581","148.24882055857017","1239.5432228571428","503.3164800000003","736.226742857143","485.09293146172575","0.4628433574828853","Matrix;Vector","75.6873270011144","105.69801203155464","2.420982857142857","0.9830400000000006","1.4379428571428574","1.5089456157589365","0.9256867149657706","Matrix;Vector"
"target-batch8","w4a8","f2-ceiling","2","matrix","2","0","true","","576","3400","28132.54135050579","145.59651575616925","1742.8597028571435","1006.6329600000006","736.226742857143","485.09293146172575","0.4628433574828853","Matrix;Vector","76.67036700111436","104.34278995799934","3.4040228571428583","1.9660800000000012","1.4379428571428574","1.5089456157589365","0.9256867149657706","Matrix;Vector"
"target-batch8","w4a8","f2-ceiling","2","matrix","4","0","true","","576","3400","29139.17431050582","140.56678327097384","2749.492662857142","2013.2659200000012","736.226742857143","485.09293146172575","0.4628433574828853","Matrix;Vector","78.63644700111439","101.73399619500394","5.3701028571428555","3.9321600000000023","1.4379428571428574","1.5089456157589365","0.9256867149657706","Matrix;Vector"
"target-batch8","w4a8","f2-ceiling","2","matrix","8","0","true","","576","3400","31152.440230505817","131.48247680414516","4762.758582857143","4026.5318400000024","736.226742857143","485.09293146172575","0.4628433574828853","Matrix;Vector","82.56860700111437","96.88912397289238","9.302262857142857","7.864320000000005","1.4379428571428574","1.5089456157589365","0.9256867149657706","Matrix;Vector"
"target-batch8","w4a8","f2-ceiling","2","matrix","16","0","true","","576","3400","35178.97207050562","116.43319173143564","8789.290422857144","8053.063680000005","736.226742857143","485.09293146172575","0.4628433574828853","Matrix;Vector","90.4329270011143","88.4633536178855","17.16658285714286","15.72864000000001","1.4379428571428574","1.5089456157589365","0.9256867149657706","Matrix;Vector"
"target-batch8","w4a8","f2-ceiling","2","matrix","32","0","true","","576","3400","43232.03575050521","94.74455525615942","16842.35410285714","16106.12736000001","736.226742857143","485.09293146172575","0.4628433574828853","Matrix;Vector","106.16156700111424","75.35683794038228","32.895222857142855","31.45728000000002","1.4379428571428574","1.5089456157589365","0.9256867149657706","Matrix;Vector"
"target-batch8","w4a8","f2-ceiling","2","dedicated","","1","true","","704","4688","30018.40793236915","136.44960816137228","5050.3679999999995","0","0","1.3238237694179296","0.4628433574828853","Recurrent","80.36748700111438","99.54274170460337","9.863999999999999","0","0","0.7527610003743213","0.9256867149657706","Recurrent"
"target-batch8","w4a8","f2-ceiling","2","dedicated","","2","true","","832","5976","27493.22393236915","148.98216411708538","2525.1839999999997","0","0","1.3238237694179296","0.4628433574828853","Recurrent","75.43548700111442","106.05088292041931","4.9319999999999995","0","0","0.7527610003743213","0.9256867149657706","Recurrent"
"target-batch8","w4a8","f2-ceiling","2","dedicated","","4","true","","1088","8552","26230.63193236913","156.15331001406233","1262.5919999999999","0","0","1.3238237694179296","0.4628433574828853","Recurrent","72.96948700111439","109.6348669667614","2.4659999999999997","0","0","0.7527610003743213","0.9256867149657706","Recurrent"
"target-batch8","w4a8","f2-ceiling","2","dedicated","","8","true","","1600","13704","26000.23427716031","157.53704202573655","631.2959999999999","0","0","1.3238237694179296","0.4628433574828853","Recurrent","71.7364870011144","111.51926076162222","1.2329999999999999","0","0","0.7527610003743213","0.9256867149657706","Recurrent"
"target-batch8","w4a8","f2-ceiling","2","dedicated","","16","true","","2624","24008","26000.23427716031","157.53704202573655","315.64799999999997","0","0","1.3238237694179296","0.4628433574828853","Recurrent","71.4291737160802","111.99905562114928","0.6164999999999999","0","0","0.7527610003743213","0.9256867149657706","Recurrent"
"target-batch8","w4a8","f2-ceiling","4","vector","","0","true","","1088","3912","18022.576262527804","227.27050452361382","5050.3679999999995","0","0","678.676193000187","0.4628433574828853","Vector","47.30974761772","169.09834448162596","9.863999999999999","0","0","1.8870379234512449","0.9256867149657706","Vector"
"target-batch8","w4a8","f2-ceiling","4","matrix","1","0","true","","1088","3912","14629.19443495017","279.9880757763646","987.8849828571432","251.65824000000015","736.226742857143","485.09293146172575","0.4628433574828853","Matrix;Vector","39.85158948585192","200.74481603400423","1.9294628571428578","0.4915200000000003","1.4379428571428574","1.5089456157589365","0.9256867149657706","Matrix;Vector"
"target-batch8","w4a8","f2-ceiling","4","matrix","2","0","true","","1088","3912","14880.852674950173","275.2530442623789","1239.5432228571428","503.3164800000003","736.226742857143","485.09293146172575","0.4628433574828853","Matrix;Vector","40.34310948585192","198.29904293335522","2.420982857142857","0.9830400000000006","1.4379428571428574","1.5089456157589365","0.9256867149657706","Matrix;Vector"
"target-batch8","w4a8","f2-ceiling","4","matrix","4","0","true","","1088","3912","15384.169154950183","266.2477224960845","1742.8597028571435","1006.6329600000006","736.226742857143","485.09293146172575","0.4628433574828853","Matrix;Vector","41.32614948585192","193.58203218857383","3.4040228571428583","1.9660800000000012","1.4379428571428574","1.5089456157589365","0.9256867149657706","Matrix;Vector"
"target-batch8","w4a8","f2-ceiling","4","matrix","8","0","true","","1088","3912","16390.802114950173","249.89625103606173","2749.492662857142","2013.2659200000012","736.226742857143","485.09293146172575","0.4628433574828853","Matrix;Vector","43.29222948585191","184.79066786371985","5.3701028571428555","3.9321600000000023","1.4379428571428574","1.5089456157589365","0.9256867149657706","Matrix;Vector"
"target-batch8","w4a8","f2-ceiling","4","matrix","16","0","true","","1088","3912","18404.068034950167","222.55949022909002","4762.758582857143","4026.5318400000024","736.226742857143","485.09293146172575","0.4628433574828853","Matrix;Vector","46.74801047486287","171.1302773901303","9.302262857142857","7.864320000000005","1.4379428571428574","1.5089456157589365","0.9256867149657706","Matrix;Vector"
"target-batch8","w4a8","f2-ceiling","4","matrix","32","0","true","","1088","3912","22430.599874950174","182.60768873035315","8789.290422857144","8053.063680000005","736.226742857143","485.09293146172575","0.4628433574828853","Matrix;Vector","54.61233047486283","146.48706492542502","17.16658285714286","15.72864000000001","1.4379428571428574","1.5089456157589365","0.9256867149657706","Matrix;Vector"
"target-batch8","w4a8","f2-ceiling","4","dedicated","","1","true","","1216","5200","17960.785176813515","228.052390787889","5050.3679999999995","0","0","1.3238237694179296","0.4628433574828853","Recurrent","47.30974761772","169.09834448162596","9.863999999999999","0","0","0.7527610003743213","0.9256867149657706","Recurrent"
"target-batch8","w4a8","f2-ceiling","4","dedicated","","2","true","","1344","6488","15435.601176813529","265.36057475706065","2525.1839999999997","0","0","1.3238237694179296","0.4628433574828853","Recurrent","42.37774761772003","188.7783199844921","4.9319999999999995","0","0","0.7527610003743213","0.9256867149657706","Recurrent"
"target-batch8","w4a8","f2-ceiling","4","dedicated","","4","true","","1600","9064","14173.00917681354","289.00002454671994","1262.5919999999999","0","0","1.3238237694179296","0.4628433574828853","Recurrent","40.38812662870908","198.07801618392872","2.4659999999999997","0","0","0.7527610003743213","0.9256867149657706","Recurrent"
"target-batch8","w4a8","f2-ceiling","4","dedicated","","8","true","","2112","14216","13541.713176813533","302.47280728211524","631.2959999999999","0","0","1.3238237694179296","0.4628433574828853","Recurrent","39.15512662870906","204.31551852355122","1.2329999999999999","0","0","0.7527610003743213","0.9256867149657706","Recurrent"
"target-batch8","w4a8","f2-ceiling","4","dedicated","","16","true","","3136","24520","13287.856262527817","308.2513777298187","315.64799999999997","0","0","1.3238237694179296","0.4628433574828853","Recurrent","38.847813343674844","205.93179670697094","0.6164999999999999","0","0","0.7527610003743213","0.9256867149657706","Recurrent"
"target-batch8","w4a8","f2-ceiling","8","vector","","0","true","","2112","4936","11993.764884750011","341.51077992266096","5050.3679999999995","0","0","678.676193000187","0.4628433574828853","Vector","36.24843888278367","220.69915964848985","9.863999999999999","0","0","1.8870379234512449","0.9256867149657706","Vector"
"target-batch8","w4a8","f2-ceiling","8","matrix","1","0","true","","2112","4936","7743.66166189291","528.9487297923534","862.0558628571432","125.82912000000007","736.226742857143","485.09293146172575","0.4628433574828853","Matrix;Vector","30.166493278388096","265.194894420538","1.6837028571428578","0.24576000000000015","1.4379428571428574","1.5089456157589365","0.9256867149657706","Matrix;Vector"
"target-batch8","w4a8","f2-ceiling","8","matrix","2","0","true","","2112","4936","7869.490781892914","520.4911109908887","987.8849828571432","251.65824000000015","736.226742857143","485.09293146172575","0.4628433574828853","Matrix;Vector","30.412253278388086","263.0518668501638","1.9294628571428578","0.4915200000000003","1.4379428571428574","1.5089456157589365","0.9256867149657706","Matrix;Vector"
"target-batch8","w4a8","f2-ceiling","8","matrix","4","0","true","","2112","4936","8121.149021892911","504.3621276937592","1239.5432228571428","503.3164800000003","736.226742857143","485.09293146172575","0.4628433574828853","Matrix;Vector","30.90377327838809","258.86806533086474","2.420982857142857","0.9830400000000006","1.4379428571428574","1.5089456157589365","0.9256867149657706","Matrix;Vector"
"target-batch8","w4a8","f2-ceiling","8","matrix","8","0","true","","2112","4936","8624.465501892908","474.927982389286","1742.8597028571435","1006.6329600000006","736.226742857143","485.09293146172575","0.4628433574828853","Matrix;Vector","31.455788278388102","254.32521128381484","3.4040228571428583","1.9660800000000012","1.4379428571428574","1.5089456157589365","0.9256867149657706","Matrix;Vector"
"target-batch8","w4a8","f2-ceiling","8","matrix","16","0","true","","2112","4936","9631.098461892896","425.2889757286286","2749.492662857142","2013.2659200000012","736.226742857143","485.09293146172575","0.4628433574828853","Matrix;Vector","33.421868278388104","239.36423701283974","5.3701028571428555","3.9321600000000023","1.4379428571428574","1.5089456157589365","0.9256867149657706","Matrix;Vector"
"target-batch8","w4a8","f2-ceiling","8","matrix","32","0","true","","2112","4936","11644.364381892869","351.75814373941535","4762.758582857143","4026.5318400000024","736.226742857143","485.09293146172575","0.4628433574828853","Matrix;Vector","35.68670173992651","224.17314041240041","9.302262857142857","7.864320000000005","1.4379428571428574","1.5089456157589365","0.9256867149657706","Matrix;Vector"
"target-batch8","w4a8","f2-ceiling","8","dedicated","","1","true","","2240","6224","11931.973799035728","343.2793324044187","5050.3679999999995","0","0","1.3238237694179296","0.4628433574828853","Recurrent","36.24843888278367","220.69915964848985","9.863999999999999","0","0","0.7527610003743213","0.9256867149657706","Recurrent"
"target-batch8","w4a8","f2-ceiling","8","dedicated","","2","true","","2368","7512","9406.789799035752","435.430161352161","2525.1839999999997","0","0","1.3238237694179296","0.4628433574828853","Recurrent","31.55462838827819","253.52857595280108","4.9319999999999995","0","0","0.7527610003743213","0.9256867149657706","Recurrent"
"target-batch8","w4a8","f2-ceiling","8","dedicated","","4","true","","2624","10088","8144.197799035769","502.9347396848521","1262.5919999999999","0","0","1.3238237694179296","0.4628433574828853","Recurrent","30.517765421245254","262.14239114737796","2.4659999999999997","0","0","0.7527610003743213","0.9256867149657706","Recurrent"
"target-batch8","w4a8","f2-ceiling","8","dedicated","","8","true","","3136","15240","7512.901799035769","545.1954663543845","631.2959999999999","0","0","1.3238237694179296","0.4628433574828853","Recurrent","29.71579042124523","269.2171362966815","1.2329999999999999","0","0","0.7527610003743213","0.9256867149657706","Recurrent"
"target-batch8","w4a8","f2-ceiling","8","dedicated","","16","true","","4160","25544","7197.25379903576","569.1059554616172","315.64799999999997","0","0","1.3238237694179296","0.4628433574828853","Recurrent","29.40847713621101","272.03040684311753","0.6164999999999999","0","0","0.7527610003743213","0.9256867149657706","Recurrent"
"target-batch8","w4a8","f2-ceiling","16","vector","","0","true","","4160","6984","8979.359195861138","456.15727254657236","5050.3679999999995","0","0","678.676193000187","0.4628433574828853","Vector","32.50127665445646","246.14417719813068","9.863999999999999","0","0","1.8870379234512449","0.9256867149657706","Vector"
"target-batch8","w4a8","f2-ceiling","16","matrix","1","0","true","","4160","6984","4666.341413003939","877.7754642181692","799.1413028571432","62.91456000000004","736.226742857143","485.09293146172575","0.4628433574828853","Matrix;Vector","27.48739857753342","291.042456325377","1.5608228571428577","0.12288000000000007","1.4379428571428574","1.5089456157589365","0.9256867149657706","Matrix;Vector"
"target-batch8","w4a8","f2-ceiling","16","matrix","2","0","true","","4160","6984","4729.255973003943","866.0981819087898","862.0558628571432","125.82912000000007","736.226742857143","485.09293146172575","0.4628433574828853","Matrix;Vector","27.610278577533425","289.74716707529444","1.6837028571428578","0.24576000000000015","1.4379428571428574","1.5089456157589365","0.9256867149657706","Matrix;Vector"
"target-batch8","w4a8","f2-ceiling","16","matrix","4","0","true","","4160","6984","4855.085093003948","843.6515367984447","987.8849828571432","251.65824000000015","736.226742857143","485.09293146172575","0.4628433574828853","Matrix;Vector","27.85603857753342","287.19087165725705","1.9294628571428578","0.4915200000000003","1.4379428571428574","1.5089456157589365","0.9256867149657706","Matrix;Vector"
"target-batch8","w4a8","f2-ceiling","16","matrix","8","0","true","","4160","6984","5106.743333003956","802.0767312757417","1239.5432228571428","503.3164800000003","736.226742857143","485.09293146172575","0.4628433574828853","Matrix;Vector","28.34755857753342","282.2112520949272","2.420982857142857","0.9830400000000006","1.4379428571428574","1.5089456157589365","0.9256867149657706","Matrix;Vector"
"target-batch8","w4a8","f2-ceiling","16","matrix","16","0","true","","4160","6984","5610.059813003968","730.1169927824267","1742.8597028571435","1006.6329600000006","736.226742857143","485.09293146172575","0.4628433574828853","Matrix;Vector","28.899573577533435","276.82069351428805","3.4040228571428583","1.9660800000000012","1.4379428571428574","1.5089456157589365","0.9256867149657706","Matrix;Vector"
"target-batch8","w4a8","f2-ceiling","16","matrix","32","0","true","","4160","6984","6616.69277300399","619.0403787087743","2749.492662857142","2013.2659200000012","736.226742857143","485.09293146172575","0.4628433574828853","Matrix;Vector","30.86565357753343","259.1877725804277","5.3701028571428555","3.9321600000000023","1.4379428571428574","1.5089456157589365","0.9256867149657706","Matrix;Vector"
"target-batch8","w4a8","f2-ceiling","16","dedicated","","1","true","","4288","8272","8917.568110146854","459.318050550056","5050.3679999999995","0","0","1.3238237694179296","0.4628433574828853","Recurrent","32.50127665445646","246.14417719813068","9.863999999999999","0","0","0.7527610003743213","0.9256867149657706","Recurrent"
"target-batch8","w4a8","f2-ceiling","16","dedicated","","2","true","","4416","9560","6392.384110146846","640.7624963428404","2525.1839999999997","0","0","1.3238237694179296","0.4628433574828853","Recurrent","27.80746615995098","287.6925194831956","4.9319999999999995","0","0","0.7527610003743213","0.9256867149657706","Recurrent"
"target-batch8","w4a8","f2-ceiling","16","dedicated","","4","true","","4672","12136","5129.792110146816","798.4729033946702","1262.5919999999999","0","0","1.3238237694179296","0.4628433574828853","Recurrent","27.96155072039059","286.10716479920075","2.4659999999999997","0","0","0.7527610003743213","0.9256867149657706","Recurrent"
"target-batch8","w4a8","f2-ceiling","16","dedicated","","8","true","","5184","17288","4498.4961101467925","910.5265181314876","631.2959999999999","0","0","1.3238237694179296","0.4628433574828853","Recurrent","27.159575720390563","294.5554114085018","1.2329999999999999","0","0","0.7527610003743213","0.9256867149657706","Recurrent"
"target-batch8","w4a8","f2-ceiling","16","dedicated","","16","true","","6208","27592","4182.848110146783","979.2370873003716","315.64799999999997","0","0","1.3238237694179296","0.4628433574828853","Recurrent","26.852262435356337","297.9264789795295","0.6164999999999999","0","0","0.7527610003743213","0.9256867149657706","Recurrent"
