ggml_metal_device_init: testing tensor API for f16 support
ggml_metal_library_compile_pipeline: compiling pipeline: base = 'dummy_kernel', name = 'dummy_kernel'
ggml_metal_library_compile_pipeline: loaded dummy_kernel                                  0x101842440 | th_max = 1024 | th_width =   32
ggml_metal_device_init: testing tensor API for bfloat support
ggml_metal_library_compile_pipeline: compiling pipeline: base = 'dummy_kernel', name = 'dummy_kernel'
ggml_metal_library_compile_pipeline: loaded dummy_kernel                                  0x101842300 | th_max = 1024 | th_width =   32
ggml_metal_library_init: using embedded metal library
ggml_metal_library_compile_all: compiled 'fa' library in 0.007 sec
ggml_metal_library_compile_all: compiled 'mul_mv' library in 0.008 sec
ggml_metal_library_compile_all: compiled 'mul_mm' library in 0.009 sec
ggml_metal_library_compile_all: compiled 'quantize' library in 0.009 sec
ggml_metal_library_compile_all: compiled 'softmax' library in 0.000 sec
ggml_metal_library_compile_all: compiled 'norm' library in 0.000 sec
ggml_metal_library_compile_all: compiled 'unary' library in 0.000 sec
ggml_metal_library_compile_all: compiled 'binbcast' library in 0.009 sec
ggml_metal_library_compile_all: compiled 'reduce' library in 0.009 sec
ggml_metal_library_compile_all: compiled 'tri' library in 0.000 sec
ggml_metal_library_compile_all: compiled 'ssm' library in 0.000 sec
ggml_metal_library_compile_all: compiled 'wkv' library in 0.009 sec
ggml_metal_library_compile_all: compiled 'gated_delta_net' library in 0.007 sec
ggml_metal_library_compile_all: compiled 'solve_tri' library in 0.000 sec
ggml_metal_library_compile_all: compiled 'rope' library in 0.000 sec
ggml_metal_library_compile_all: compiled 'conv' library in 0.007 sec
ggml_metal_library_compile_all: compiled 'upscale' library in 0.007 sec
ggml_metal_library_compile_all: compiled 'argsort' library in 0.009 sec
ggml_metal_library_compile_all: compiled 'pool' library in 0.009 sec
ggml_metal_library_compile_all: compiled 'misc' library in 0.007 sec
ggml_metal_library_compile_all: loaded 20 libraries from embedded data in 0.009 sec (max single = 0.009 sec)
ggml_metal_rsets_init: creating a residency set collection (keep_alive = 180 s)
ggml_metal_device_init: GPU name:   MTL0 (Apple M5 Pro)
ggml_metal_device_init: GPU family: MTLGPUFamilyApple10  (1010)
ggml_metal_device_init: GPU family: MTLGPUFamilyMetal4  (5002)
ggml_metal_device_init: simdgroup reduction   = true
ggml_metal_device_init: simdgroup matrix mul. = true
ggml_metal_device_init: has unified memory    = true
ggml_metal_device_init: has bfloat            = true
ggml_metal_device_init: has tensor            = true
ggml_metal_device_init: use residency sets    = true
ggml_metal_device_init: use shared buffers    = true
ggml_metal_device_init: recommendedMaxWorkingSetSize  = 19069.67 MB
llama_model_loader: loaded meta data with 46 key-value pairs and 320 tensors from models/Qwen3.5-2B-Q4_K_M.gguf (version GGUF V3 (latest))
llama_model_loader: Dumping metadata keys/values. Note: KV overrides do not apply in this output.
llama_model_loader: - kv   0:                       general.architecture str              = qwen35
llama_model_loader: - kv   1:                               general.type str              = model
llama_model_loader: - kv   2:                               general.name str              = Qwen3.5-2B
llama_model_loader: - kv   3:                           general.basename str              = Qwen3.5-2B
llama_model_loader: - kv   4:                       general.quantized_by str              = Unsloth
llama_model_loader: - kv   5:                         general.size_label str              = 2B
llama_model_loader: - kv   6:                            general.license str              = apache-2.0
llama_model_loader: - kv   7:                       general.license.link str              = https://huggingface.co/Qwen/Qwen3.5-2...
llama_model_loader: - kv   8:                           general.repo_url str              = https://huggingface.co/unsloth
llama_model_loader: - kv   9:                   general.base_model.count u32              = 1
llama_model_loader: - kv  10:                  general.base_model.0.name str              = Qwen3.5 2B
llama_model_loader: - kv  11:          general.base_model.0.organization str              = Qwen
llama_model_loader: - kv  12:              general.base_model.0.repo_url str              = https://huggingface.co/Qwen/Qwen3.5-2B
llama_model_loader: - kv  13:                               general.tags arr[str,2]       = ["unsloth", "image-text-to-text"]
llama_model_loader: - kv  14:                         qwen35.block_count u32              = 24
llama_model_loader: - kv  15:                      qwen35.context_length u32              = 262144
llama_model_loader: - kv  16:                    qwen35.embedding_length u32              = 2048
llama_model_loader: - kv  17:                 qwen35.feed_forward_length u32              = 6144
llama_model_loader: - kv  18:                qwen35.attention.head_count u32              = 8
llama_model_loader: - kv  19:             qwen35.attention.head_count_kv u32              = 2
llama_model_loader: - kv  20:             qwen35.rope.dimension_sections arr[i32,4]       = [11, 11, 10, 0]
llama_model_loader: - kv  21:                      qwen35.rope.freq_base f32              = 10000000.000000
llama_model_loader: - kv  22:    qwen35.attention.layer_norm_rms_epsilon f32              = 0.000001
llama_model_loader: - kv  23:                qwen35.attention.key_length u32              = 256
llama_model_loader: - kv  24:              qwen35.attention.value_length u32              = 256
llama_model_loader: - kv  25:                     qwen35.ssm.conv_kernel u32              = 4
llama_model_loader: - kv  26:                      qwen35.ssm.state_size u32              = 128
llama_model_loader: - kv  27:                     qwen35.ssm.group_count u32              = 16
llama_model_loader: - kv  28:                  qwen35.ssm.time_step_rank u32              = 16
llama_model_loader: - kv  29:                      qwen35.ssm.inner_size u32              = 2048
llama_model_loader: - kv  30:             qwen35.full_attention_interval u32              = 4
llama_model_loader: - kv  31:                qwen35.rope.dimension_count u32              = 64
llama_model_loader: - kv  32:                       tokenizer.ggml.model str              = gpt2
llama_model_loader: - kv  33:                         tokenizer.ggml.pre str              = qwen35
llama_model_loader: - kv  34:                      tokenizer.ggml.tokens arr[str,248320]  = ["!", "\"", "#", "$", "%", "&", "'", ...
llama_model_loader: - kv  35:                  tokenizer.ggml.token_type arr[i32,248320]  = [1, 1, 1, 1, 1, 1, 1, 1, 1, 1, 1, 1, ...
llama_model_loader: - kv  36:                      tokenizer.ggml.merges arr[str,247587]  = ["Ġ Ġ", "ĠĠ ĠĠ", "i n", "Ġ t",...
llama_model_loader: - kv  37:                tokenizer.ggml.eos_token_id u32              = 248046
llama_model_loader: - kv  38:            tokenizer.ggml.padding_token_id u32              = 248055
llama_model_loader: - kv  39:                    tokenizer.chat_template str              = {%- set image_count = namespace(value...
llama_model_loader: - kv  40:               general.quantization_version u32              = 2
llama_model_loader: - kv  41:                          general.file_type u32              = 15
llama_model_loader: - kv  42:                      quantize.imatrix.file str              = Qwen3.5-2B-GGUF/imatrix_unsloth.gguf
llama_model_loader: - kv  43:                   quantize.imatrix.dataset str              = unsloth_calibration_Qwen3.5-2B.txt
llama_model_loader: - kv  44:             quantize.imatrix.entries_count u32              = 186
llama_model_loader: - kv  45:              quantize.imatrix.chunks_count u32              = 80
llama_model_loader: - type  f32:  133 tensors
llama_model_loader: - type q8_0:   36 tensors
llama_model_loader: - type q4_K:   98 tensors
llama_model_loader: - type q5_K:   36 tensors
llama_model_loader: - type q6_K:   17 tensors
print_info: file format = GGUF V3 (latest)
print_info: file type   = Q4_K - Medium
print_info: file size   = 1.18 GiB (5.40 BPW) 
llama_prepare_model_devices: using device MTL0 (Apple M5 Pro) (unknown id) - 18185 MiB free
init_tokenizer: initializing tokenizer for type 2
load: 0 unused tokens
load: control token: 248076 '<|audio_pad|>' is not marked as EOG
load: control token: 248075 '<tts_text_bos_single>' is not marked as EOG
load: control token: 248074 '<tts_text_eod>' is not marked as EOG
load: control token: 248073 '<tts_text_bos>' is not marked as EOG
load: control token: 248072 '<tts_pad>' is not marked as EOG
load: control token: 248062 '<|fim_suffix|>' is not marked as EOG
load: control token: 248061 '<|fim_middle|>' is not marked as EOG
load: control token: 248060 '<|fim_prefix|>' is not marked as EOG
load: control token: 248056 '<|image_pad|>' is not marked as EOG
load: control token: 248055 '<|vision_pad|>' is not marked as EOG
load: control token: 248054 '<|vision_end|>' is not marked as EOG
load: control token: 248052 '<|quad_end|>' is not marked as EOG
load: control token: 248050 '<|box_end|>' is not marked as EOG
load: control token: 248049 '<|box_start|>' is not marked as EOG
load: control token: 248048 '<|object_ref_end|>' is not marked as EOG
load: control token: 248047 '<|object_ref_start|>' is not marked as EOG
load: control token: 248045 '<|im_start|>' is not marked as EOG
load: control token: 248071 '<|audio_end|>' is not marked as EOG
load: control token: 248051 '<|quad_start|>' is not marked as EOG
load: control token: 248070 '<|audio_start|>' is not marked as EOG
load: control token: 248053 '<|vision_start|>' is not marked as EOG
load: control token: 248057 '<|video_pad|>' is not marked as EOG
load: printing all EOG tokens:
load:   - 248044 ('<|endoftext|>')
load:   - 248046 ('<|im_end|>')
load:   - 248063 ('<|fim_pad|>')
load:   - 248064 ('<|repo_name|>')
load:   - 248065 ('<|file_sep|>')
load: special tokens cache size = 33
load: token to piece cache size = 1.7581 MB
print_info: arch                  = qwen35
print_info: vocab_only            = 0
print_info: no_alloc              = 0
print_info: n_ctx_train           = 262144
print_info: n_embd_inp            = 2048
print_info: n_embd                = 2048
print_info: n_embd_out            = 2048
print_info: n_layer               = 24
print_info: n_layer_all           = 24
print_info: n_head                = 8
print_info: n_head_kv             = 2
print_info: n_rot                 = 64
print_info: n_swa                 = 0
print_info: is_swa_any            = 0
print_info: non_causal_type       = 0
print_info: n_embd_head_k         = 256
print_info: n_embd_head_v         = 256
print_info: n_gqa                 = 4
print_info: n_embd_k_gqa          = 512
print_info: n_embd_v_gqa          = 512
print_info: f_norm_eps            = 0.0e+00
print_info: f_norm_rms_eps        = 1.0e-06
print_info: f_clamp_kqv           = 0.0e+00
print_info: f_max_alibi_bias      = 0.0e+00
print_info: f_logit_scale         = 0.0e+00
print_info: f_attn_scale          = 0.0e+00
print_info: f_attn_value_scale    = 0.0000
print_info: n_ff                  = 6144
print_info: n_expert              = 0
print_info: n_expert_used         = 0
print_info: n_expert_groups       = 0
print_info: n_group_used          = 0
print_info: causal attn           = 1
print_info: pooling type          = -1
print_info: rope type             = 40
print_info: rope scaling          = linear
print_info: freq_base_train       = 10000000.0
print_info: freq_scale_train      = 1
print_info: n_ctx_orig_yarn       = 262144
print_info: rope_yarn_log_mul     = 0.0000
print_info: rope_finetuned        = unknown
print_info: mrope sections        = [11, 11, 10, 0]
print_info: ssm_d_conv            = 4
print_info: ssm_d_inner           = 2048
print_info: ssm_d_state           = 128
print_info: ssm_dt_rank           = 16
print_info: ssm_n_group           = 16
print_info: ssm_dt_b_c_rms        = 0
print_info: model type            = 2B
print_info: model params          = 1.88 B
print_info: general.name          = Qwen3.5-2B
print_info: vocab type            = BPE
print_info: n_vocab               = 248320
print_info: n_merges              = 247587
print_info: BOS token             = 11 ','
print_info: EOS token             = 248046 '<|im_end|>'
print_info: EOT token             = 248046 '<|im_end|>'
print_info: PAD token             = 248055 '<|vision_pad|>'
print_info: LF token              = 198 'Ċ'
print_info: FIM PRE token         = 248060 '<|fim_prefix|>'
print_info: FIM SUF token         = 248062 '<|fim_suffix|>'
print_info: FIM MID token         = 248061 '<|fim_middle|>'
print_info: FIM PAD token         = 248063 '<|fim_pad|>'
print_info: FIM REP token         = 248064 '<|repo_name|>'
print_info: FIM SEP token         = 248065 '<|file_sep|>'
print_info: EOG token             = 248044 '<|endoftext|>'
print_info: EOG token             = 248046 '<|im_end|>'
print_info: EOG token             = 248063 '<|fim_pad|>'
print_info: EOG token             = 248064 '<|repo_name|>'
print_info: EOG token             = 248065 '<|file_sep|>'
print_info: max token length      = 256
load_tensors: loading model tensors, this can take a while... (load_mode = mmap)
load_tensors: layer   0 assigned to device MTL0, is_swa = 0
load_tensors: layer   1 assigned to device MTL0, is_swa = 0
load_tensors: layer   2 assigned to device MTL0, is_swa = 0
load_tensors: layer   3 assigned to device MTL0, is_swa = 0
load_tensors: layer   4 assigned to device MTL0, is_swa = 0
load_tensors: layer   5 assigned to device MTL0, is_swa = 0
load_tensors: layer   6 assigned to device MTL0, is_swa = 0
load_tensors: layer   7 assigned to device MTL0, is_swa = 0
load_tensors: layer   8 assigned to device MTL0, is_swa = 0
load_tensors: layer   9 assigned to device MTL0, is_swa = 0
load_tensors: layer  10 assigned to device MTL0, is_swa = 0
load_tensors: layer  11 assigned to device MTL0, is_swa = 0
load_tensors: layer  12 assigned to device MTL0, is_swa = 0
load_tensors: layer  13 assigned to device MTL0, is_swa = 0
load_tensors: layer  14 assigned to device MTL0, is_swa = 0
load_tensors: layer  15 assigned to device MTL0, is_swa = 0
load_tensors: layer  16 assigned to device MTL0, is_swa = 0
load_tensors: layer  17 assigned to device MTL0, is_swa = 0
load_tensors: layer  18 assigned to device MTL0, is_swa = 0
load_tensors: layer  19 assigned to device MTL0, is_swa = 0
load_tensors: layer  20 assigned to device MTL0, is_swa = 0
load_tensors: layer  21 assigned to device MTL0, is_swa = 0
load_tensors: layer  22 assigned to device MTL0, is_swa = 0
load_tensors: layer  23 assigned to device MTL0, is_swa = 0
load_tensors: layer  24 assigned to device MTL0, is_swa = 0
create_tensor: loading tensor token_embd.weight
create_tensor: loading tensor output_norm.weight
create_tensor: loading tensor output.weight
create_tensor: loading tensor token_embd.weight
create_tensor: loading tensor blk.0.attn_norm.weight
create_tensor: loading tensor blk.0.post_attention_norm.weight
create_tensor: loading tensor blk.0.attn_qkv.weight
create_tensor: loading tensor blk.0.attn_gate.weight
create_tensor: loading tensor blk.0.ssm_conv1d.weight
create_tensor: loading tensor blk.0.ssm_dt.bias
create_tensor: loading tensor blk.0.ssm_a
create_tensor: loading tensor blk.0.ssm_beta.weight
create_tensor: loading tensor blk.0.ssm_alpha.weight
create_tensor: loading tensor blk.0.ssm_norm.weight
create_tensor: loading tensor blk.0.ssm_out.weight
create_tensor: loading tensor blk.0.ffn_gate.weight
create_tensor: loading tensor blk.0.ffn_down.weight
create_tensor: loading tensor blk.0.ffn_up.weight
create_tensor: loading tensor blk.1.attn_norm.weight
create_tensor: loading tensor blk.1.post_attention_norm.weight
create_tensor: loading tensor blk.1.attn_qkv.weight
create_tensor: loading tensor blk.1.attn_gate.weight
create_tensor: loading tensor blk.1.ssm_conv1d.weight
create_tensor: loading tensor blk.1.ssm_dt.bias
create_tensor: loading tensor blk.1.ssm_a
create_tensor: loading tensor blk.1.ssm_beta.weight
create_tensor: loading tensor blk.1.ssm_alpha.weight
create_tensor: loading tensor blk.1.ssm_norm.weight
create_tensor: loading tensor blk.1.ssm_out.weight
create_tensor: loading tensor blk.1.ffn_gate.weight
create_tensor: loading tensor blk.1.ffn_down.weight
create_tensor: loading tensor blk.1.ffn_up.weight
create_tensor: loading tensor blk.2.attn_norm.weight
create_tensor: loading tensor blk.2.post_attention_norm.weight
create_tensor: loading tensor blk.2.attn_qkv.weight
create_tensor: loading tensor blk.2.attn_gate.weight
create_tensor: loading tensor blk.2.ssm_conv1d.weight
create_tensor: loading tensor blk.2.ssm_dt.bias
create_tensor: loading tensor blk.2.ssm_a
create_tensor: loading tensor blk.2.ssm_beta.weight
create_tensor: loading tensor blk.2.ssm_alpha.weight
create_tensor: loading tensor blk.2.ssm_norm.weight
create_tensor: loading tensor blk.2.ssm_out.weight
create_tensor: loading tensor blk.2.ffn_gate.weight
create_tensor: loading tensor blk.2.ffn_down.weight
create_tensor: loading tensor blk.2.ffn_up.weight
create_tensor: loading tensor blk.3.attn_norm.weight
create_tensor: loading tensor blk.3.post_attention_norm.weight
create_tensor: loading tensor blk.3.attn_qkv.weight
create_tensor: loading tensor blk.3.attn_q.weight
create_tensor: loading tensor blk.3.attn_k.weight
create_tensor: loading tensor blk.3.attn_v.weight
create_tensor: loading tensor blk.3.attn_q.bias
create_tensor: loading tensor blk.3.attn_k.bias
create_tensor: loading tensor blk.3.attn_v.bias
create_tensor: loading tensor blk.3.attn_output.weight
create_tensor: loading tensor blk.3.attn_q_norm.weight
create_tensor: loading tensor blk.3.attn_k_norm.weight
create_tensor: loading tensor blk.3.ffn_gate.weight
create_tensor: loading tensor blk.3.ffn_down.weight
create_tensor: loading tensor blk.3.ffn_up.weight
create_tensor: loading tensor blk.4.attn_norm.weight
create_tensor: loading tensor blk.4.post_attention_norm.weight
create_tensor: loading tensor blk.4.attn_qkv.weight
create_tensor: loading tensor blk.4.attn_gate.weight
create_tensor: loading tensor blk.4.ssm_conv1d.weight
create_tensor: loading tensor blk.4.ssm_dt.bias
create_tensor: loading tensor blk.4.ssm_a
create_tensor: loading tensor blk.4.ssm_beta.weight
create_tensor: loading tensor blk.4.ssm_alpha.weight
create_tensor: loading tensor blk.4.ssm_norm.weight
create_tensor: loading tensor blk.4.ssm_out.weight
create_tensor: loading tensor blk.4.ffn_gate.weight
create_tensor: loading tensor blk.4.ffn_down.weight
create_tensor: loading tensor blk.4.ffn_up.weight
create_tensor: loading tensor blk.5.attn_norm.weight
create_tensor: loading tensor blk.5.post_attention_norm.weight
create_tensor: loading tensor blk.5.attn_qkv.weight
create_tensor: loading tensor blk.5.attn_gate.weight
create_tensor: loading tensor blk.5.ssm_conv1d.weight
create_tensor: loading tensor blk.5.ssm_dt.bias
create_tensor: loading tensor blk.5.ssm_a
create_tensor: loading tensor blk.5.ssm_beta.weight
create_tensor: loading tensor blk.5.ssm_alpha.weight
create_tensor: loading tensor blk.5.ssm_norm.weight
create_tensor: loading tensor blk.5.ssm_out.weight
create_tensor: loading tensor blk.5.ffn_gate.weight
create_tensor: loading tensor blk.5.ffn_down.weight
create_tensor: loading tensor blk.5.ffn_up.weight
create_tensor: loading tensor blk.6.attn_norm.weight
create_tensor: loading tensor blk.6.post_attention_norm.weight
create_tensor: loading tensor blk.6.attn_qkv.weight
create_tensor: loading tensor blk.6.attn_gate.weight
create_tensor: loading tensor blk.6.ssm_conv1d.weight
create_tensor: loading tensor blk.6.ssm_dt.bias
create_tensor: loading tensor blk.6.ssm_a
create_tensor: loading tensor blk.6.ssm_beta.weight
create_tensor: loading tensor blk.6.ssm_alpha.weight
create_tensor: loading tensor blk.6.ssm_norm.weight
create_tensor: loading tensor blk.6.ssm_out.weight
create_tensor: loading tensor blk.6.ffn_gate.weight
create_tensor: loading tensor blk.6.ffn_down.weight
create_tensor: loading tensor blk.6.ffn_up.weight
create_tensor: loading tensor blk.7.attn_norm.weight
create_tensor: loading tensor blk.7.post_attention_norm.weight
create_tensor: loading tensor blk.7.attn_qkv.weight
create_tensor: loading tensor blk.7.attn_q.weight
create_tensor: loading tensor blk.7.attn_k.weight
create_tensor: loading tensor blk.7.attn_v.weight
create_tensor: loading tensor blk.7.attn_q.bias
create_tensor: loading tensor blk.7.attn_k.bias
create_tensor: loading tensor blk.7.attn_v.bias
create_tensor: loading tensor blk.7.attn_output.weight
create_tensor: loading tensor blk.7.attn_q_norm.weight
create_tensor: loading tensor blk.7.attn_k_norm.weight
create_tensor: loading tensor blk.7.ffn_gate.weight
create_tensor: loading tensor blk.7.ffn_down.weight
create_tensor: loading tensor blk.7.ffn_up.weight
create_tensor: loading tensor blk.8.attn_norm.weight
create_tensor: loading tensor blk.8.post_attention_norm.weight
create_tensor: loading tensor blk.8.attn_qkv.weight
create_tensor: loading tensor blk.8.attn_gate.weight
create_tensor: loading tensor blk.8.ssm_conv1d.weight
create_tensor: loading tensor blk.8.ssm_dt.bias
create_tensor: loading tensor blk.8.ssm_a
create_tensor: loading tensor blk.8.ssm_beta.weight
create_tensor: loading tensor blk.8.ssm_alpha.weight
create_tensor: loading tensor blk.8.ssm_norm.weight
create_tensor: loading tensor blk.8.ssm_out.weight
create_tensor: loading tensor blk.8.ffn_gate.weight
create_tensor: loading tensor blk.8.ffn_down.weight
create_tensor: loading tensor blk.8.ffn_up.weight
create_tensor: loading tensor blk.9.attn_norm.weight
create_tensor: loading tensor blk.9.post_attention_norm.weight
create_tensor: loading tensor blk.9.attn_qkv.weight
create_tensor: loading tensor blk.9.attn_gate.weight
create_tensor: loading tensor blk.9.ssm_conv1d.weight
create_tensor: loading tensor blk.9.ssm_dt.bias
create_tensor: loading tensor blk.9.ssm_a
create_tensor: loading tensor blk.9.ssm_beta.weight
create_tensor: loading tensor blk.9.ssm_alpha.weight
create_tensor: loading tensor blk.9.ssm_norm.weight
create_tensor: loading tensor blk.9.ssm_out.weight
create_tensor: loading tensor blk.9.ffn_gate.weight
create_tensor: loading tensor blk.9.ffn_down.weight
create_tensor: loading tensor blk.9.ffn_up.weight
create_tensor: loading tensor blk.10.attn_norm.weight
create_tensor: loading tensor blk.10.post_attention_norm.weight
create_tensor: loading tensor blk.10.attn_qkv.weight
create_tensor: loading tensor blk.10.attn_gate.weight
create_tensor: loading tensor blk.10.ssm_conv1d.weight
create_tensor: loading tensor blk.10.ssm_dt.bias
create_tensor: loading tensor blk.10.ssm_a
create_tensor: loading tensor blk.10.ssm_beta.weight
create_tensor: loading tensor blk.10.ssm_alpha.weight
create_tensor: loading tensor blk.10.ssm_norm.weight
create_tensor: loading tensor blk.10.ssm_out.weight
create_tensor: loading tensor blk.10.ffn_gate.weight
create_tensor: loading tensor blk.10.ffn_down.weight
create_tensor: loading tensor blk.10.ffn_up.weight
create_tensor: loading tensor blk.11.attn_norm.weight
create_tensor: loading tensor blk.11.post_attention_norm.weight
create_tensor: loading tensor blk.11.attn_qkv.weight
create_tensor: loading tensor blk.11.attn_q.weight
create_tensor: loading tensor blk.11.attn_k.weight
create_tensor: loading tensor blk.11.attn_v.weight
create_tensor: loading tensor blk.11.attn_q.bias
create_tensor: loading tensor blk.11.attn_k.bias
create_tensor: loading tensor blk.11.attn_v.bias
create_tensor: loading tensor blk.11.attn_output.weight
create_tensor: loading tensor blk.11.attn_q_norm.weight
create_tensor: loading tensor blk.11.attn_k_norm.weight
create_tensor: loading tensor blk.11.ffn_gate.weight
create_tensor: loading tensor blk.11.ffn_down.weight
create_tensor: loading tensor blk.11.ffn_up.weight
create_tensor: loading tensor blk.12.attn_norm.weight
create_tensor: loading tensor blk.12.post_attention_norm.weight
create_tensor: loading tensor blk.12.attn_qkv.weight
create_tensor: loading tensor blk.12.attn_gate.weight
create_tensor: loading tensor blk.12.ssm_conv1d.weight
create_tensor: loading tensor blk.12.ssm_dt.bias
create_tensor: loading tensor blk.12.ssm_a
create_tensor: loading tensor blk.12.ssm_beta.weight
create_tensor: loading tensor blk.12.ssm_alpha.weight
create_tensor: loading tensor blk.12.ssm_norm.weight
create_tensor: loading tensor blk.12.ssm_out.weight
create_tensor: loading tensor blk.12.ffn_gate.weight
create_tensor: loading tensor blk.12.ffn_down.weight
create_tensor: loading tensor blk.12.ffn_up.weight
create_tensor: loading tensor blk.13.attn_norm.weight
create_tensor: loading tensor blk.13.post_attention_norm.weight
create_tensor: loading tensor blk.13.attn_qkv.weight
create_tensor: loading tensor blk.13.attn_gate.weight
create_tensor: loading tensor blk.13.ssm_conv1d.weight
create_tensor: loading tensor blk.13.ssm_dt.bias
create_tensor: loading tensor blk.13.ssm_a
create_tensor: loading tensor blk.13.ssm_beta.weight
create_tensor: loading tensor blk.13.ssm_alpha.weight
create_tensor: loading tensor blk.13.ssm_norm.weight
create_tensor: loading tensor blk.13.ssm_out.weight
create_tensor: loading tensor blk.13.ffn_gate.weight
create_tensor: loading tensor blk.13.ffn_down.weight
create_tensor: loading tensor blk.13.ffn_up.weight
create_tensor: loading tensor blk.14.attn_norm.weight
create_tensor: loading tensor blk.14.post_attention_norm.weight
create_tensor: loading tensor blk.14.attn_qkv.weight
create_tensor: loading tensor blk.14.attn_gate.weight
create_tensor: loading tensor blk.14.ssm_conv1d.weight
create_tensor: loading tensor blk.14.ssm_dt.bias
create_tensor: loading tensor blk.14.ssm_a
create_tensor: loading tensor blk.14.ssm_beta.weight
create_tensor: loading tensor blk.14.ssm_alpha.weight
create_tensor: loading tensor blk.14.ssm_norm.weight
create_tensor: loading tensor blk.14.ssm_out.weight
create_tensor: loading tensor blk.14.ffn_gate.weight
create_tensor: loading tensor blk.14.ffn_down.weight
create_tensor: loading tensor blk.14.ffn_up.weight
create_tensor: loading tensor blk.15.attn_norm.weight
create_tensor: loading tensor blk.15.post_attention_norm.weight
create_tensor: loading tensor blk.15.attn_qkv.weight
create_tensor: loading tensor blk.15.attn_q.weight
create_tensor: loading tensor blk.15.attn_k.weight
create_tensor: loading tensor blk.15.attn_v.weight
create_tensor: loading tensor blk.15.attn_q.bias
create_tensor: loading tensor blk.15.attn_k.bias
create_tensor: loading tensor blk.15.attn_v.bias
create_tensor: loading tensor blk.15.attn_output.weight
create_tensor: loading tensor blk.15.attn_q_norm.weight
create_tensor: loading tensor blk.15.attn_k_norm.weight
create_tensor: loading tensor blk.15.ffn_gate.weight
create_tensor: loading tensor blk.15.ffn_down.weight
create_tensor: loading tensor blk.15.ffn_up.weight
create_tensor: loading tensor blk.16.attn_norm.weight
create_tensor: loading tensor blk.16.post_attention_norm.weight
create_tensor: loading tensor blk.16.attn_qkv.weight
create_tensor: loading tensor blk.16.attn_gate.weight
create_tensor: loading tensor blk.16.ssm_conv1d.weight
create_tensor: loading tensor blk.16.ssm_dt.bias
create_tensor: loading tensor blk.16.ssm_a
create_tensor: loading tensor blk.16.ssm_beta.weight
create_tensor: loading tensor blk.16.ssm_alpha.weight
create_tensor: loading tensor blk.16.ssm_norm.weight
create_tensor: loading tensor blk.16.ssm_out.weight
create_tensor: loading tensor blk.16.ffn_gate.weight
create_tensor: loading tensor blk.16.ffn_down.weight
create_tensor: loading tensor blk.16.ffn_up.weight
create_tensor: loading tensor blk.17.attn_norm.weight
create_tensor: loading tensor blk.17.post_attention_norm.weight
create_tensor: loading tensor blk.17.attn_qkv.weight
create_tensor: loading tensor blk.17.attn_gate.weight
create_tensor: loading tensor blk.17.ssm_conv1d.weight
create_tensor: loading tensor blk.17.ssm_dt.bias
create_tensor: loading tensor blk.17.ssm_a
create_tensor: loading tensor blk.17.ssm_beta.weight
create_tensor: loading tensor blk.17.ssm_alpha.weight
create_tensor: loading tensor blk.17.ssm_norm.weight
create_tensor: loading tensor blk.17.ssm_out.weight
create_tensor: loading tensor blk.17.ffn_gate.weight
create_tensor: loading tensor blk.17.ffn_down.weight
create_tensor: loading tensor blk.17.ffn_up.weight
create_tensor: loading tensor blk.18.attn_norm.weight
create_tensor: loading tensor blk.18.post_attention_norm.weight
create_tensor: loading tensor blk.18.attn_qkv.weight
create_tensor: loading tensor blk.18.attn_gate.weight
create_tensor: loading tensor blk.18.ssm_conv1d.weight
create_tensor: loading tensor blk.18.ssm_dt.bias
create_tensor: loading tensor blk.18.ssm_a
create_tensor: loading tensor blk.18.ssm_beta.weight
create_tensor: loading tensor blk.18.ssm_alpha.weight
create_tensor: loading tensor blk.18.ssm_norm.weight
create_tensor: loading tensor blk.18.ssm_out.weight
create_tensor: loading tensor blk.18.ffn_gate.weight
create_tensor: loading tensor blk.18.ffn_down.weight
create_tensor: loading tensor blk.18.ffn_up.weight
create_tensor: loading tensor blk.19.attn_norm.weight
create_tensor: loading tensor blk.19.post_attention_norm.weight
create_tensor: loading tensor blk.19.attn_qkv.weight
create_tensor: loading tensor blk.19.attn_q.weight
create_tensor: loading tensor blk.19.attn_k.weight
create_tensor: loading tensor blk.19.attn_v.weight
create_tensor: loading tensor blk.19.attn_q.bias
create_tensor: loading tensor blk.19.attn_k.bias
create_tensor: loading tensor blk.19.attn_v.bias
create_tensor: loading tensor blk.19.attn_output.weight
create_tensor: loading tensor blk.19.attn_q_norm.weight
create_tensor: loading tensor blk.19.attn_k_norm.weight
create_tensor: loading tensor blk.19.ffn_gate.weight
create_tensor: loading tensor blk.19.ffn_down.weight
create_tensor: loading tensor blk.19.ffn_up.weight
create_tensor: loading tensor blk.20.attn_norm.weight
create_tensor: loading tensor blk.20.post_attention_norm.weight
create_tensor: loading tensor blk.20.attn_qkv.weight
create_tensor: loading tensor blk.20.attn_gate.weight
create_tensor: loading tensor blk.20.ssm_conv1d.weight
create_tensor: loading tensor blk.20.ssm_dt.bias
create_tensor: loading tensor blk.20.ssm_a
create_tensor: loading tensor blk.20.ssm_beta.weight
create_tensor: loading tensor blk.20.ssm_alpha.weight
create_tensor: loading tensor blk.20.ssm_norm.weight
create_tensor: loading tensor blk.20.ssm_out.weight
create_tensor: loading tensor blk.20.ffn_gate.weight
create_tensor: loading tensor blk.20.ffn_down.weight
create_tensor: loading tensor blk.20.ffn_up.weight
create_tensor: loading tensor blk.21.attn_norm.weight
create_tensor: loading tensor blk.21.post_attention_norm.weight
create_tensor: loading tensor blk.21.attn_qkv.weight
create_tensor: loading tensor blk.21.attn_gate.weight
create_tensor: loading tensor blk.21.ssm_conv1d.weight
create_tensor: loading tensor blk.21.ssm_dt.bias
create_tensor: loading tensor blk.21.ssm_a
create_tensor: loading tensor blk.21.ssm_beta.weight
create_tensor: loading tensor blk.21.ssm_alpha.weight
create_tensor: loading tensor blk.21.ssm_norm.weight
create_tensor: loading tensor blk.21.ssm_out.weight
create_tensor: loading tensor blk.21.ffn_gate.weight
create_tensor: loading tensor blk.21.ffn_down.weight
create_tensor: loading tensor blk.21.ffn_up.weight
create_tensor: loading tensor blk.22.attn_norm.weight
create_tensor: loading tensor blk.22.post_attention_norm.weight
create_tensor: loading tensor blk.22.attn_qkv.weight
create_tensor: loading tensor blk.22.attn_gate.weight
create_tensor: loading tensor blk.22.ssm_conv1d.weight
create_tensor: loading tensor blk.22.ssm_dt.bias
create_tensor: loading tensor blk.22.ssm_a
create_tensor: loading tensor blk.22.ssm_beta.weight
create_tensor: loading tensor blk.22.ssm_alpha.weight
create_tensor: loading tensor blk.22.ssm_norm.weight
create_tensor: loading tensor blk.22.ssm_out.weight
create_tensor: loading tensor blk.22.ffn_gate.weight
create_tensor: loading tensor blk.22.ffn_down.weight
create_tensor: loading tensor blk.22.ffn_up.weight
create_tensor: loading tensor blk.23.attn_norm.weight
create_tensor: loading tensor blk.23.post_attention_norm.weight
create_tensor: loading tensor blk.23.attn_qkv.weight
create_tensor: loading tensor blk.23.attn_q.weight
create_tensor: loading tensor blk.23.attn_k.weight
create_tensor: loading tensor blk.23.attn_v.weight
create_tensor: loading tensor blk.23.attn_q.bias
create_tensor: loading tensor blk.23.attn_k.bias
create_tensor: loading tensor blk.23.attn_v.bias
create_tensor: loading tensor blk.23.attn_output.weight
create_tensor: loading tensor blk.23.attn_q_norm.weight
create_tensor: loading tensor blk.23.attn_k_norm.weight
create_tensor: loading tensor blk.23.ffn_gate.weight
create_tensor: loading tensor blk.23.ffn_down.weight
create_tensor: loading tensor blk.23.ffn_up.weight
create_tensor: loading tensor blk.0.attn_qkv.scale
create_tensor: loading tensor blk.0.attn_gate.scale
create_tensor: loading tensor blk.0.ffn_gate.scale
create_tensor: loading tensor blk.0.ffn_down.scale
create_tensor: loading tensor blk.0.ffn_up.scale
create_tensor: loading tensor blk.0.ssm_out.scale
create_tensor: loading tensor blk.0.ssm_alpha.scale
create_tensor: loading tensor blk.0.ssm_beta.scale
create_tensor: loading tensor blk.0.attn_qkv.input_scale
create_tensor: loading tensor blk.0.attn_gate.input_scale
create_tensor: loading tensor blk.0.ffn_gate.input_scale
create_tensor: loading tensor blk.0.ffn_down.input_scale
create_tensor: loading tensor blk.0.ffn_up.input_scale
create_tensor: loading tensor blk.0.ssm_out.input_scale
create_tensor: loading tensor blk.0.ssm_alpha.input_scale
create_tensor: loading tensor blk.0.ssm_beta.input_scale
create_tensor: loading tensor blk.1.attn_qkv.scale
create_tensor: loading tensor blk.1.attn_gate.scale
create_tensor: loading tensor blk.1.ffn_gate.scale
create_tensor: loading tensor blk.1.ffn_down.scale
create_tensor: loading tensor blk.1.ffn_up.scale
create_tensor: loading tensor blk.1.ssm_out.scale
create_tensor: loading tensor blk.1.ssm_alpha.scale
create_tensor: loading tensor blk.1.ssm_beta.scale
create_tensor: loading tensor blk.1.attn_qkv.input_scale
create_tensor: loading tensor blk.1.attn_gate.input_scale
create_tensor: loading tensor blk.1.ffn_gate.input_scale
create_tensor: loading tensor blk.1.ffn_down.input_scale
create_tensor: loading tensor blk.1.ffn_up.input_scale
create_tensor: loading tensor blk.1.ssm_out.input_scale
create_tensor: loading tensor blk.1.ssm_alpha.input_scale
create_tensor: loading tensor blk.1.ssm_beta.input_scale
create_tensor: loading tensor blk.2.attn_qkv.scale
create_tensor: loading tensor blk.2.attn_gate.scale
create_tensor: loading tensor blk.2.ffn_gate.scale
create_tensor: loading tensor blk.2.ffn_down.scale
create_tensor: loading tensor blk.2.ffn_up.scale
create_tensor: loading tensor blk.2.ssm_out.scale
create_tensor: loading tensor blk.2.ssm_alpha.scale
create_tensor: loading tensor blk.2.ssm_beta.scale
create_tensor: loading tensor blk.2.attn_qkv.input_scale
create_tensor: loading tensor blk.2.attn_gate.input_scale
create_tensor: loading tensor blk.2.ffn_gate.input_scale
create_tensor: loading tensor blk.2.ffn_down.input_scale
create_tensor: loading tensor blk.2.ffn_up.input_scale
create_tensor: loading tensor blk.2.ssm_out.input_scale
create_tensor: loading tensor blk.2.ssm_alpha.input_scale
create_tensor: loading tensor blk.2.ssm_beta.input_scale
create_tensor: loading tensor blk.3.attn_q.scale
create_tensor: loading tensor blk.3.attn_k.scale
create_tensor: loading tensor blk.3.attn_v.scale
create_tensor: loading tensor blk.3.attn_output.scale
create_tensor: loading tensor blk.3.ffn_gate.scale
create_tensor: loading tensor blk.3.ffn_down.scale
create_tensor: loading tensor blk.3.ffn_up.scale
create_tensor: loading tensor blk.3.attn_q.input_scale
create_tensor: loading tensor blk.3.attn_k.input_scale
create_tensor: loading tensor blk.3.attn_v.input_scale
create_tensor: loading tensor blk.3.attn_output.input_scale
create_tensor: loading tensor blk.3.ffn_gate.input_scale
create_tensor: loading tensor blk.3.ffn_down.input_scale
create_tensor: loading tensor blk.3.ffn_up.input_scale
create_tensor: loading tensor blk.4.attn_qkv.scale
create_tensor: loading tensor blk.4.attn_gate.scale
create_tensor: loading tensor blk.4.ffn_gate.scale
create_tensor: loading tensor blk.4.ffn_down.scale
create_tensor: loading tensor blk.4.ffn_up.scale
create_tensor: loading tensor blk.4.ssm_out.scale
create_tensor: loading tensor blk.4.ssm_alpha.scale
create_tensor: loading tensor blk.4.ssm_beta.scale
create_tensor: loading tensor blk.4.attn_qkv.input_scale
create_tensor: loading tensor blk.4.attn_gate.input_scale
create_tensor: loading tensor blk.4.ffn_gate.input_scale
create_tensor: loading tensor blk.4.ffn_down.input_scale
create_tensor: loading tensor blk.4.ffn_up.input_scale
create_tensor: loading tensor blk.4.ssm_out.input_scale
create_tensor: loading tensor blk.4.ssm_alpha.input_scale
create_tensor: loading tensor blk.4.ssm_beta.input_scale
create_tensor: loading tensor blk.5.attn_qkv.scale
create_tensor: loading tensor blk.5.attn_gate.scale
create_tensor: loading tensor blk.5.ffn_gate.scale
create_tensor: loading tensor blk.5.ffn_down.scale
create_tensor: loading tensor blk.5.ffn_up.scale
create_tensor: loading tensor blk.5.ssm_out.scale
create_tensor: loading tensor blk.5.ssm_alpha.scale
create_tensor: loading tensor blk.5.ssm_beta.scale
create_tensor: loading tensor blk.5.attn_qkv.input_scale
create_tensor: loading tensor blk.5.attn_gate.input_scale
create_tensor: loading tensor blk.5.ffn_gate.input_scale
create_tensor: loading tensor blk.5.ffn_down.input_scale
create_tensor: loading tensor blk.5.ffn_up.input_scale
create_tensor: loading tensor blk.5.ssm_out.input_scale
create_tensor: loading tensor blk.5.ssm_alpha.input_scale
create_tensor: loading tensor blk.5.ssm_beta.input_scale
create_tensor: loading tensor blk.6.attn_qkv.scale
create_tensor: loading tensor blk.6.attn_gate.scale
create_tensor: loading tensor blk.6.ffn_gate.scale
create_tensor: loading tensor blk.6.ffn_down.scale
create_tensor: loading tensor blk.6.ffn_up.scale
create_tensor: loading tensor blk.6.ssm_out.scale
create_tensor: loading tensor blk.6.ssm_alpha.scale
create_tensor: loading tensor blk.6.ssm_beta.scale
create_tensor: loading tensor blk.6.attn_qkv.input_scale
create_tensor: loading tensor blk.6.attn_gate.input_scale
create_tensor: loading tensor blk.6.ffn_gate.input_scale
create_tensor: loading tensor blk.6.ffn_down.input_scale
create_tensor: loading tensor blk.6.ffn_up.input_scale
create_tensor: loading tensor blk.6.ssm_out.input_scale
create_tensor: loading tensor blk.6.ssm_alpha.input_scale
create_tensor: loading tensor blk.6.ssm_beta.input_scale
create_tensor: loading tensor blk.7.attn_q.scale
create_tensor: loading tensor blk.7.attn_k.scale
create_tensor: loading tensor blk.7.attn_v.scale
create_tensor: loading tensor blk.7.attn_output.scale
create_tensor: loading tensor blk.7.ffn_gate.scale
create_tensor: loading tensor blk.7.ffn_down.scale
create_tensor: loading tensor blk.7.ffn_up.scale
create_tensor: loading tensor blk.7.attn_q.input_scale
create_tensor: loading tensor blk.7.attn_k.input_scale
create_tensor: loading tensor blk.7.attn_v.input_scale
create_tensor: loading tensor blk.7.attn_output.input_scale
create_tensor: loading tensor blk.7.ffn_gate.input_scale
create_tensor: loading tensor blk.7.ffn_down.input_scale
create_tensor: loading tensor blk.7.ffn_up.input_scale
create_tensor: loading tensor blk.8.attn_qkv.scale
create_tensor: loading tensor blk.8.attn_gate.scale
create_tensor: loading tensor blk.8.ffn_gate.scale
create_tensor: loading tensor blk.8.ffn_down.scale
create_tensor: loading tensor blk.8.ffn_up.scale
create_tensor: loading tensor blk.8.ssm_out.scale
create_tensor: loading tensor blk.8.ssm_alpha.scale
create_tensor: loading tensor blk.8.ssm_beta.scale
create_tensor: loading tensor blk.8.attn_qkv.input_scale
create_tensor: loading tensor blk.8.attn_gate.input_scale
create_tensor: loading tensor blk.8.ffn_gate.input_scale
create_tensor: loading tensor blk.8.ffn_down.input_scale
create_tensor: loading tensor blk.8.ffn_up.input_scale
create_tensor: loading tensor blk.8.ssm_out.input_scale
create_tensor: loading tensor blk.8.ssm_alpha.input_scale
create_tensor: loading tensor blk.8.ssm_beta.input_scale
create_tensor: loading tensor blk.9.attn_qkv.scale
create_tensor: loading tensor blk.9.attn_gate.scale
create_tensor: loading tensor blk.9.ffn_gate.scale
create_tensor: loading tensor blk.9.ffn_down.scale
create_tensor: loading tensor blk.9.ffn_up.scale
create_tensor: loading tensor blk.9.ssm_out.scale
create_tensor: loading tensor blk.9.ssm_alpha.scale
create_tensor: loading tensor blk.9.ssm_beta.scale
create_tensor: loading tensor blk.9.attn_qkv.input_scale
create_tensor: loading tensor blk.9.attn_gate.input_scale
create_tensor: loading tensor blk.9.ffn_gate.input_scale
create_tensor: loading tensor blk.9.ffn_down.input_scale
create_tensor: loading tensor blk.9.ffn_up.input_scale
create_tensor: loading tensor blk.9.ssm_out.input_scale
create_tensor: loading tensor blk.9.ssm_alpha.input_scale
create_tensor: loading tensor blk.9.ssm_beta.input_scale
create_tensor: loading tensor blk.10.attn_qkv.scale
create_tensor: loading tensor blk.10.attn_gate.scale
create_tensor: loading tensor blk.10.ffn_gate.scale
create_tensor: loading tensor blk.10.ffn_down.scale
create_tensor: loading tensor blk.10.ffn_up.scale
create_tensor: loading tensor blk.10.ssm_out.scale
create_tensor: loading tensor blk.10.ssm_alpha.scale
create_tensor: loading tensor blk.10.ssm_beta.scale
create_tensor: loading tensor blk.10.attn_qkv.input_scale
create_tensor: loading tensor blk.10.attn_gate.input_scale
create_tensor: loading tensor blk.10.ffn_gate.input_scale
create_tensor: loading tensor blk.10.ffn_down.input_scale
create_tensor: loading tensor blk.10.ffn_up.input_scale
create_tensor: loading tensor blk.10.ssm_out.input_scale
create_tensor: loading tensor blk.10.ssm_alpha.input_scale
create_tensor: loading tensor blk.10.ssm_beta.input_scale
create_tensor: loading tensor blk.11.attn_q.scale
create_tensor: loading tensor blk.11.attn_k.scale
create_tensor: loading tensor blk.11.attn_v.scale
create_tensor: loading tensor blk.11.attn_output.scale
create_tensor: loading tensor blk.11.ffn_gate.scale
create_tensor: loading tensor blk.11.ffn_down.scale
create_tensor: loading tensor blk.11.ffn_up.scale
create_tensor: loading tensor blk.11.attn_q.input_scale
create_tensor: loading tensor blk.11.attn_k.input_scale
create_tensor: loading tensor blk.11.attn_v.input_scale
create_tensor: loading tensor blk.11.attn_output.input_scale
create_tensor: loading tensor blk.11.ffn_gate.input_scale
create_tensor: loading tensor blk.11.ffn_down.input_scale
create_tensor: loading tensor blk.11.ffn_up.input_scale
create_tensor: loading tensor blk.12.attn_qkv.scale
create_tensor: loading tensor blk.12.attn_gate.scale
create_tensor: loading tensor blk.12.ffn_gate.scale
create_tensor: loading tensor blk.12.ffn_down.scale
create_tensor: loading tensor blk.12.ffn_up.scale
create_tensor: loading tensor blk.12.ssm_out.scale
create_tensor: loading tensor blk.12.ssm_alpha.scale
create_tensor: loading tensor blk.12.ssm_beta.scale
create_tensor: loading tensor blk.12.attn_qkv.input_scale
create_tensor: loading tensor blk.12.attn_gate.input_scale
create_tensor: loading tensor blk.12.ffn_gate.input_scale
create_tensor: loading tensor blk.12.ffn_down.input_scale
create_tensor: loading tensor blk.12.ffn_up.input_scale
create_tensor: loading tensor blk.12.ssm_out.input_scale
create_tensor: loading tensor blk.12.ssm_alpha.input_scale
create_tensor: loading tensor blk.12.ssm_beta.input_scale
create_tensor: loading tensor blk.13.attn_qkv.scale
create_tensor: loading tensor blk.13.attn_gate.scale
create_tensor: loading tensor blk.13.ffn_gate.scale
create_tensor: loading tensor blk.13.ffn_down.scale
create_tensor: loading tensor blk.13.ffn_up.scale
create_tensor: loading tensor blk.13.ssm_out.scale
create_tensor: loading tensor blk.13.ssm_alpha.scale
create_tensor: loading tensor blk.13.ssm_beta.scale
create_tensor: loading tensor blk.13.attn_qkv.input_scale
create_tensor: loading tensor blk.13.attn_gate.input_scale
create_tensor: loading tensor blk.13.ffn_gate.input_scale
create_tensor: loading tensor blk.13.ffn_down.input_scale
create_tensor: loading tensor blk.13.ffn_up.input_scale
create_tensor: loading tensor blk.13.ssm_out.input_scale
create_tensor: loading tensor blk.13.ssm_alpha.input_scale
create_tensor: loading tensor blk.13.ssm_beta.input_scale
create_tensor: loading tensor blk.14.attn_qkv.scale
create_tensor: loading tensor blk.14.attn_gate.scale
create_tensor: loading tensor blk.14.ffn_gate.scale
create_tensor: loading tensor blk.14.ffn_down.scale
create_tensor: loading tensor blk.14.ffn_up.scale
create_tensor: loading tensor blk.14.ssm_out.scale
create_tensor: loading tensor blk.14.ssm_alpha.scale
create_tensor: loading tensor blk.14.ssm_beta.scale
create_tensor: loading tensor blk.14.attn_qkv.input_scale
create_tensor: loading tensor blk.14.attn_gate.input_scale
create_tensor: loading tensor blk.14.ffn_gate.input_scale
create_tensor: loading tensor blk.14.ffn_down.input_scale
create_tensor: loading tensor blk.14.ffn_up.input_scale
create_tensor: loading tensor blk.14.ssm_out.input_scale
create_tensor: loading tensor blk.14.ssm_alpha.input_scale
create_tensor: loading tensor blk.14.ssm_beta.input_scale
create_tensor: loading tensor blk.15.attn_q.scale
create_tensor: loading tensor blk.15.attn_k.scale
create_tensor: loading tensor blk.15.attn_v.scale
create_tensor: loading tensor blk.15.attn_output.scale
create_tensor: loading tensor blk.15.ffn_gate.scale
create_tensor: loading tensor blk.15.ffn_down.scale
create_tensor: loading tensor blk.15.ffn_up.scale
create_tensor: loading tensor blk.15.attn_q.input_scale
create_tensor: loading tensor blk.15.attn_k.input_scale
create_tensor: loading tensor blk.15.attn_v.input_scale
create_tensor: loading tensor blk.15.attn_output.input_scale
create_tensor: loading tensor blk.15.ffn_gate.input_scale
create_tensor: loading tensor blk.15.ffn_down.input_scale
create_tensor: loading tensor blk.15.ffn_up.input_scale
create_tensor: loading tensor blk.16.attn_qkv.scale
create_tensor: loading tensor blk.16.attn_gate.scale
create_tensor: loading tensor blk.16.ffn_gate.scale
create_tensor: loading tensor blk.16.ffn_down.scale
create_tensor: loading tensor blk.16.ffn_up.scale
create_tensor: loading tensor blk.16.ssm_out.scale
create_tensor: loading tensor blk.16.ssm_alpha.scale
create_tensor: loading tensor blk.16.ssm_beta.scale
create_tensor: loading tensor blk.16.attn_qkv.input_scale
create_tensor: loading tensor blk.16.attn_gate.input_scale
create_tensor: loading tensor blk.16.ffn_gate.input_scale
create_tensor: loading tensor blk.16.ffn_down.input_scale
create_tensor: loading tensor blk.16.ffn_up.input_scale
create_tensor: loading tensor blk.16.ssm_out.input_scale
create_tensor: loading tensor blk.16.ssm_alpha.input_scale
create_tensor: loading tensor blk.16.ssm_beta.input_scale
create_tensor: loading tensor blk.17.attn_qkv.scale
create_tensor: loading tensor blk.17.attn_gate.scale
create_tensor: loading tensor blk.17.ffn_gate.scale
create_tensor: loading tensor blk.17.ffn_down.scale
create_tensor: loading tensor blk.17.ffn_up.scale
create_tensor: loading tensor blk.17.ssm_out.scale
create_tensor: loading tensor blk.17.ssm_alpha.scale
create_tensor: loading tensor blk.17.ssm_beta.scale
create_tensor: loading tensor blk.17.attn_qkv.input_scale
create_tensor: loading tensor blk.17.attn_gate.input_scale
create_tensor: loading tensor blk.17.ffn_gate.input_scale
create_tensor: loading tensor blk.17.ffn_down.input_scale
create_tensor: loading tensor blk.17.ffn_up.input_scale
create_tensor: loading tensor blk.17.ssm_out.input_scale
create_tensor: loading tensor blk.17.ssm_alpha.input_scale
create_tensor: loading tensor blk.17.ssm_beta.input_scale
create_tensor: loading tensor blk.18.attn_qkv.scale
create_tensor: loading tensor blk.18.attn_gate.scale
create_tensor: loading tensor blk.18.ffn_gate.scale
create_tensor: loading tensor blk.18.ffn_down.scale
create_tensor: loading tensor blk.18.ffn_up.scale
create_tensor: loading tensor blk.18.ssm_out.scale
create_tensor: loading tensor blk.18.ssm_alpha.scale
create_tensor: loading tensor blk.18.ssm_beta.scale
create_tensor: loading tensor blk.18.attn_qkv.input_scale
create_tensor: loading tensor blk.18.attn_gate.input_scale
create_tensor: loading tensor blk.18.ffn_gate.input_scale
create_tensor: loading tensor blk.18.ffn_down.input_scale
create_tensor: loading tensor blk.18.ffn_up.input_scale
create_tensor: loading tensor blk.18.ssm_out.input_scale
create_tensor: loading tensor blk.18.ssm_alpha.input_scale
create_tensor: loading tensor blk.18.ssm_beta.input_scale
create_tensor: loading tensor blk.19.attn_q.scale
create_tensor: loading tensor blk.19.attn_k.scale
create_tensor: loading tensor blk.19.attn_v.scale
create_tensor: loading tensor blk.19.attn_output.scale
create_tensor: loading tensor blk.19.ffn_gate.scale
create_tensor: loading tensor blk.19.ffn_down.scale
create_tensor: loading tensor blk.19.ffn_up.scale
create_tensor: loading tensor blk.19.attn_q.input_scale
create_tensor: loading tensor blk.19.attn_k.input_scale
create_tensor: loading tensor blk.19.attn_v.input_scale
create_tensor: loading tensor blk.19.attn_output.input_scale
create_tensor: loading tensor blk.19.ffn_gate.input_scale
create_tensor: loading tensor blk.19.ffn_down.input_scale
create_tensor: loading tensor blk.19.ffn_up.input_scale
create_tensor: loading tensor blk.20.attn_qkv.scale
create_tensor: loading tensor blk.20.attn_gate.scale
create_tensor: loading tensor blk.20.ffn_gate.scale
create_tensor: loading tensor blk.20.ffn_down.scale
create_tensor: loading tensor blk.20.ffn_up.scale
create_tensor: loading tensor blk.20.ssm_out.scale
create_tensor: loading tensor blk.20.ssm_alpha.scale
create_tensor: loading tensor blk.20.ssm_beta.scale
create_tensor: loading tensor blk.20.attn_qkv.input_scale
create_tensor: loading tensor blk.20.attn_gate.input_scale
create_tensor: loading tensor blk.20.ffn_gate.input_scale
create_tensor: loading tensor blk.20.ffn_down.input_scale
create_tensor: loading tensor blk.20.ffn_up.input_scale
create_tensor: loading tensor blk.20.ssm_out.input_scale
create_tensor: loading tensor blk.20.ssm_alpha.input_scale
create_tensor: loading tensor blk.20.ssm_beta.input_scale
create_tensor: loading tensor blk.21.attn_qkv.scale
create_tensor: loading tensor blk.21.attn_gate.scale
create_tensor: loading tensor blk.21.ffn_gate.scale
create_tensor: loading tensor blk.21.ffn_down.scale
create_tensor: loading tensor blk.21.ffn_up.scale
create_tensor: loading tensor blk.21.ssm_out.scale
create_tensor: loading tensor blk.21.ssm_alpha.scale
create_tensor: loading tensor blk.21.ssm_beta.scale
create_tensor: loading tensor blk.21.attn_qkv.input_scale
create_tensor: loading tensor blk.21.attn_gate.input_scale
create_tensor: loading tensor blk.21.ffn_gate.input_scale
create_tensor: loading tensor blk.21.ffn_down.input_scale
create_tensor: loading tensor blk.21.ffn_up.input_scale
create_tensor: loading tensor blk.21.ssm_out.input_scale
create_tensor: loading tensor blk.21.ssm_alpha.input_scale
create_tensor: loading tensor blk.21.ssm_beta.input_scale
create_tensor: loading tensor blk.22.attn_qkv.scale
create_tensor: loading tensor blk.22.attn_gate.scale
create_tensor: loading tensor blk.22.ffn_gate.scale
create_tensor: loading tensor blk.22.ffn_down.scale
create_tensor: loading tensor blk.22.ffn_up.scale
create_tensor: loading tensor blk.22.ssm_out.scale
create_tensor: loading tensor blk.22.ssm_alpha.scale
create_tensor: loading tensor blk.22.ssm_beta.scale
create_tensor: loading tensor blk.22.attn_qkv.input_scale
create_tensor: loading tensor blk.22.attn_gate.input_scale
create_tensor: loading tensor blk.22.ffn_gate.input_scale
create_tensor: loading tensor blk.22.ffn_down.input_scale
create_tensor: loading tensor blk.22.ffn_up.input_scale
create_tensor: loading tensor blk.22.ssm_out.input_scale
create_tensor: loading tensor blk.22.ssm_alpha.input_scale
create_tensor: loading tensor blk.22.ssm_beta.input_scale
create_tensor: loading tensor blk.23.attn_q.scale
create_tensor: loading tensor blk.23.attn_k.scale
create_tensor: loading tensor blk.23.attn_v.scale
create_tensor: loading tensor blk.23.attn_output.scale
create_tensor: loading tensor blk.23.ffn_gate.scale
create_tensor: loading tensor blk.23.ffn_down.scale
create_tensor: loading tensor blk.23.ffn_up.scale
create_tensor: loading tensor blk.23.attn_q.input_scale
create_tensor: loading tensor blk.23.attn_k.input_scale
create_tensor: loading tensor blk.23.attn_v.input_scale
create_tensor: loading tensor blk.23.attn_output.input_scale
create_tensor: loading tensor blk.23.ffn_gate.input_scale
create_tensor: loading tensor blk.23.ffn_down.input_scale
create_tensor: loading tensor blk.23.ffn_up.input_scale
done_getting_tensors: tensor 'token_embd.weight' (q6_K) (and 0 others) cannot be used with preferred buffer type CPU_REPACK, using CPU instead
ggml_metal_log_allocated_size: allocated buffer, size =  1211.06 MiB, ( 1211.75 / 18186.25)
load_tensors: offloading output layer to GPU
load_tensors: offloading 23 repeating layers to GPU
load_tensors: offloaded 25/25 layers to GPU
load_tensors:   CPU_Mapped model buffer size =   397.85 MiB
load_tensors:  MTL0_Mapped model buffer size =  1211.05 MiB
.....................................................
llama_context: constructing llama_context
llama_context: n_seq_max             = 1
llama_context: n_ctx                 = 512
llama_context: n_ctx_seq             = 512
llama_context: n_batch               = 128
llama_context: n_ubatch              = 128
llama_context: causal_attn           = 1
llama_context: flash_attn            = enabled
llama_context: kv_unified            = false
llama_context: freq_base             = 10000000.0
llama_context: freq_scale            = 1
llama_context: n_rs_seq              = 0
llama_context: n_outputs_max         = 128
llama_context: n_outputs_max_per_seq = 1
llama_context: n_ctx_seq (512) < n_ctx_train (262144) -- the full capacity of the model will not be utilized
ggml_metal_init: allocating
ggml_metal_init: found device: Apple M5 Pro
ggml_metal_init: picking default device: Apple M5 Pro
ggml_metal_init: use fusion         = true
ggml_metal_init: use concurrency    = true
ggml_metal_init: use graph optimize = true
set_abort_callback: call
llama_context:        CPU  output buffer size =     0.95 MiB
llama_kv_cache: layer   0: filtered
llama_kv_cache: layer   1: filtered
llama_kv_cache: layer   2: filtered
llama_kv_cache: layer   3: dev = MTL0
llama_kv_cache: layer   4: filtered
llama_kv_cache: layer   5: filtered
llama_kv_cache: layer   6: filtered
llama_kv_cache: layer   7: dev = MTL0
llama_kv_cache: layer   8: filtered
llama_kv_cache: layer   9: filtered
llama_kv_cache: layer  10: filtered
llama_kv_cache: layer  11: dev = MTL0
llama_kv_cache: layer  12: filtered
llama_kv_cache: layer  13: filtered
llama_kv_cache: layer  14: filtered
llama_kv_cache: layer  15: dev = MTL0
llama_kv_cache: layer  16: filtered
llama_kv_cache: layer  17: filtered
llama_kv_cache: layer  18: filtered
llama_kv_cache: layer  19: dev = MTL0
llama_kv_cache: layer  20: filtered
llama_kv_cache: layer  21: filtered
llama_kv_cache: layer  22: filtered
llama_kv_cache: layer  23: dev = MTL0
llama_kv_cache:       MTL0 KV buffer size =     6.00 MiB
llama_kv_cache: size =    6.00 MiB (   512 cells,   6 layers,  1/1 seqs), K (f16):    3.00 MiB, V (f16):    3.00 MiB
llama_kv_cache: attn_rot_k = 0, n_embd_head_k_all = 256
llama_kv_cache: attn_rot_v = 0, n_embd_head_k_all = 256
llama_memory_recurrent, layer   0: dev = MTL0
llama_memory_recurrent, layer   1: dev = MTL0
llama_memory_recurrent, layer   2: dev = MTL0
llama_memory_recurrent: layer   3: skipped
llama_memory_recurrent, layer   4: dev = MTL0
llama_memory_recurrent, layer   5: dev = MTL0
llama_memory_recurrent, layer   6: dev = MTL0
llama_memory_recurrent: layer   7: skipped
llama_memory_recurrent, layer   8: dev = MTL0
llama_memory_recurrent, layer   9: dev = MTL0
llama_memory_recurrent, layer  10: dev = MTL0
llama_memory_recurrent: layer  11: skipped
llama_memory_recurrent, layer  12: dev = MTL0
llama_memory_recurrent, layer  13: dev = MTL0
llama_memory_recurrent, layer  14: dev = MTL0
llama_memory_recurrent: layer  15: skipped
llama_memory_recurrent, layer  16: dev = MTL0
llama_memory_recurrent, layer  17: dev = MTL0
llama_memory_recurrent, layer  18: dev = MTL0
llama_memory_recurrent: layer  19: skipped
llama_memory_recurrent, layer  20: dev = MTL0
llama_memory_recurrent, layer  21: dev = MTL0
llama_memory_recurrent, layer  22: dev = MTL0
llama_memory_recurrent: layer  23: skipped
llama_memory_recurrent:       MTL0 RS buffer size =    19.27 MiB
llama_memory_recurrent: size =   19.27 MiB (     1 cells,  24 layers,  1 seqs  0 rs_seq), R (f32):    1.27 MiB, S (f32):   18.00 MiB, P (f32):    0.00 MiB
llama_context: enumerating backends
llama_context: backend_ptrs.size() = 3
sched_reserve: reserving ...
sched_reserve: max_nodes = 10272
sched_reserve: reserving full memory module
sched_reserve: worst-case: n_tokens = 128, n_seqs = 1, n_outputs = 1
resolve_fused_ops: resolving fused DeepSeek V4 HC support:
graph_reserve: reserving a graph for ubatch with n_tokens =    1, n_seqs =  1, n_outputs =    1
llama_graph_n_input_tensors: input tensor '                attn_inp_kq_mask' [f16, ne = {   512,     1,     1,     1 }] is used by node 'node_222' (FLASH_ATTN_EXT)
llama_graph_n_input_tensors: input tensor '                attn_inp_kq_mask' [f16, ne = {   512,     1,     1,     1 }] is used by node 'node_456' (FLASH_ATTN_EXT)
llama_graph_n_input_tensors: input tensor '                attn_inp_kq_mask' [f16, ne = {   512,     1,     1,     1 }] is used by node 'node_690' (FLASH_ATTN_EXT)
llama_graph_n_input_tensors: input tensor '                attn_inp_kq_mask' [f16, ne = {   512,     1,     1,     1 }] is used by node 'node_924' (FLASH_ATTN_EXT)
llama_graph_n_input_tensors: input tensor '                attn_inp_kq_mask' [f16, ne = {   512,     1,     1,     1 }] is used by node 'node_1158' (FLASH_ATTN_EXT)
llama_graph_n_input_tensors: input tensor '                attn_inp_kq_mask' [f16, ne = {   512,     1,     1,     1 }] is used by node 'node_1392' (FLASH_ATTN_EXT)
llama_graph_n_input_tensors: input tensor '                 attn_inp_v_idxs' [i64, ne = {     1,     1,     1,     1 }] is used by node 'cache_v_l3 (view)' (SET_ROWS)
llama_graph_n_input_tensors: input tensor '                 attn_inp_v_idxs' [i64, ne = {     1,     1,     1,     1 }] is used by node 'cache_v_l7 (view)' (SET_ROWS)
llama_graph_n_input_tensors: input tensor '                 attn_inp_v_idxs' [i64, ne = {     1,     1,     1,     1 }] is used by node 'cache_v_l11 (view)' (SET_ROWS)
llama_graph_n_input_tensors: input tensor '                 attn_inp_v_idxs' [i64, ne = {     1,     1,     1,     1 }] is used by node 'cache_v_l15 (view)' (SET_ROWS)
llama_graph_n_input_tensors: input tensor '                 attn_inp_v_idxs' [i64, ne = {     1,     1,     1,     1 }] is used by node 'cache_v_l19 (view)' (SET_ROWS)
llama_graph_n_input_tensors: input tensor '                 attn_inp_v_idxs' [i64, ne = {     1,     1,     1,     1 }] is used by node 'cache_v_l23 (view)' (SET_ROWS)
llama_graph_n_input_tensors: input tensor '                 attn_inp_k_idxs' [i64, ne = {     1,     1,     1,     1 }] is used by node 'cache_k_l3 (view)' (SET_ROWS)
llama_graph_n_input_tensors: input tensor '                 attn_inp_k_idxs' [i64, ne = {     1,     1,     1,     1 }] is used by node 'cache_k_l7 (view)' (SET_ROWS)
llama_graph_n_input_tensors: input tensor '                 attn_inp_k_idxs' [i64, ne = {     1,     1,     1,     1 }] is used by node 'cache_k_l11 (view)' (SET_ROWS)
llama_graph_n_input_tensors: input tensor '                 attn_inp_k_idxs' [i64, ne = {     1,     1,     1,     1 }] is used by node 'cache_k_l15 (view)' (SET_ROWS)
llama_graph_n_input_tensors: input tensor '                 attn_inp_k_idxs' [i64, ne = {     1,     1,     1,     1 }] is used by node 'cache_k_l19 (view)' (SET_ROWS)
llama_graph_n_input_tensors: input tensor '                 attn_inp_k_idxs' [i64, ne = {     1,     1,     1,     1 }] is used by node 'cache_k_l23 (view)' (SET_ROWS)
llama_graph_n_input_tensors: input tensor '                         inp_pos' [i32, ne = {     4,     1,     1,     1 }] is used by node 'Qcur-3' (ROPE)
llama_graph_n_input_tensors: input tensor '                         inp_pos' [i32, ne = {     4,     1,     1,     1 }] is used by node 'Kcur-3' (ROPE)
llama_graph_n_input_tensors: input tensor '                         inp_pos' [i32, ne = {     4,     1,     1,     1 }] is used by node 'Qcur-7' (ROPE)
llama_graph_n_input_tensors: input tensor '                         inp_pos' [i32, ne = {     4,     1,     1,     1 }] is used by node 'Kcur-7' (ROPE)
llama_graph_n_input_tensors: input tensor '                         inp_pos' [i32, ne = {     4,     1,     1,     1 }] is used by node 'Qcur-11' (ROPE)
llama_graph_n_input_tensors: input tensor '                         inp_pos' [i32, ne = {     4,     1,     1,     1 }] is used by node 'Kcur-11' (ROPE)
llama_graph_n_input_tensors: input tensor '                         inp_pos' [i32, ne = {     4,     1,     1,     1 }] is used by node 'Qcur-15' (ROPE)
llama_graph_n_input_tensors: input tensor '                         inp_pos' [i32, ne = {     4,     1,     1,     1 }] is used by node 'Kcur-15' (ROPE)
llama_graph_n_input_tensors: input tensor '                         inp_pos' [i32, ne = {     4,     1,     1,     1 }] is used by node 'Qcur-19' (ROPE)
llama_graph_n_input_tensors: input tensor '                         inp_pos' [i32, ne = {     4,     1,     1,     1 }] is used by node 'Kcur-19' (ROPE)
llama_graph_n_input_tensors: input tensor '                         inp_pos' [i32, ne = {     4,     1,     1,     1 }] is used by node 'Qcur-23' (ROPE)
llama_graph_n_input_tensors: input tensor '                         inp_pos' [i32, ne = {     4,     1,     1,     1 }] is used by node 'Kcur-23' (ROPE)
llama_graph_n_input_tensors: input tensor '                       rs_s_copy' [i32, ne = {     1,     1,     1,     1 }] is used by node 'rs_s_copy (view)' (VIEW)
llama_graph_n_input_tensors: input tensor '                       rs_s_copy' [i32, ne = {     1,     1,     1,     1 }] is used by node 'rs_s_copy (view)' (VIEW)
llama_graph_n_input_tensors: input tensor '                         out_ids' [i32, ne = {     1,     1,     1,     1 }] is used by node 'result_norm' (GET_ROWS)
llama_graph_n_input_tensors: input tensor '                      inp_tokens' [i32, ne = {     1,     1,     1,     1 }] is used by node 'model.input_embed' (GET_ROWS)
resolve_fused_ops: fused DeepSeek V4 HC pre enabled
graph_reserve: reserving a graph for ubatch with n_tokens =    1, n_seqs =  1, n_outputs =    1
llama_graph_n_input_tensors: input tensor '                attn_inp_kq_mask' [f16, ne = {   512,     1,     1,     1 }] is used by node 'node_222' (FLASH_ATTN_EXT)
llama_graph_n_input_tensors: input tensor '                attn_inp_kq_mask' [f16, ne = {   512,     1,     1,     1 }] is used by node 'node_456' (FLASH_ATTN_EXT)
llama_graph_n_input_tensors: input tensor '                attn_inp_kq_mask' [f16, ne = {   512,     1,     1,     1 }] is used by node 'node_690' (FLASH_ATTN_EXT)
llama_graph_n_input_tensors: input tensor '                attn_inp_kq_mask' [f16, ne = {   512,     1,     1,     1 }] is used by node 'node_924' (FLASH_ATTN_EXT)
llama_graph_n_input_tensors: input tensor '                attn_inp_kq_mask' [f16, ne = {   512,     1,     1,     1 }] is used by node 'node_1158' (FLASH_ATTN_EXT)
llama_graph_n_input_tensors: input tensor '                attn_inp_kq_mask' [f16, ne = {   512,     1,     1,     1 }] is used by node 'node_1392' (FLASH_ATTN_EXT)
llama_graph_n_input_tensors: input tensor '                 attn_inp_v_idxs' [i64, ne = {     1,     1,     1,     1 }] is used by node 'cache_v_l3 (view)' (SET_ROWS)
llama_graph_n_input_tensors: input tensor '                 attn_inp_v_idxs' [i64, ne = {     1,     1,     1,     1 }] is used by node 'cache_v_l7 (view)' (SET_ROWS)
llama_graph_n_input_tensors: input tensor '                 attn_inp_v_idxs' [i64, ne = {     1,     1,     1,     1 }] is used by node 'cache_v_l11 (view)' (SET_ROWS)
llama_graph_n_input_tensors: input tensor '                 attn_inp_v_idxs' [i64, ne = {     1,     1,     1,     1 }] is used by node 'cache_v_l15 (view)' (SET_ROWS)
llama_graph_n_input_tensors: input tensor '                 attn_inp_v_idxs' [i64, ne = {     1,     1,     1,     1 }] is used by node 'cache_v_l19 (view)' (SET_ROWS)
llama_graph_n_input_tensors: input tensor '                 attn_inp_v_idxs' [i64, ne = {     1,     1,     1,     1 }] is used by node 'cache_v_l23 (view)' (SET_ROWS)
llama_graph_n_input_tensors: input tensor '                 attn_inp_k_idxs' [i64, ne = {     1,     1,     1,     1 }] is used by node 'cache_k_l3 (view)' (SET_ROWS)
llama_graph_n_input_tensors: input tensor '                 attn_inp_k_idxs' [i64, ne = {     1,     1,     1,     1 }] is used by node 'cache_k_l7 (view)' (SET_ROWS)
llama_graph_n_input_tensors: input tensor '                 attn_inp_k_idxs' [i64, ne = {     1,     1,     1,     1 }] is used by node 'cache_k_l11 (view)' (SET_ROWS)
llama_graph_n_input_tensors: input tensor '                 attn_inp_k_idxs' [i64, ne = {     1,     1,     1,     1 }] is used by node 'cache_k_l15 (view)' (SET_ROWS)
llama_graph_n_input_tensors: input tensor '                 attn_inp_k_idxs' [i64, ne = {     1,     1,     1,     1 }] is used by node 'cache_k_l19 (view)' (SET_ROWS)
llama_graph_n_input_tensors: input tensor '                 attn_inp_k_idxs' [i64, ne = {     1,     1,     1,     1 }] is used by node 'cache_k_l23 (view)' (SET_ROWS)
llama_graph_n_input_tensors: input tensor '                         inp_pos' [i32, ne = {     4,     1,     1,     1 }] is used by node 'Qcur-3' (ROPE)
llama_graph_n_input_tensors: input tensor '                         inp_pos' [i32, ne = {     4,     1,     1,     1 }] is used by node 'Kcur-3' (ROPE)
llama_graph_n_input_tensors: input tensor '                         inp_pos' [i32, ne = {     4,     1,     1,     1 }] is used by node 'Qcur-7' (ROPE)
llama_graph_n_input_tensors: input tensor '                         inp_pos' [i32, ne = {     4,     1,     1,     1 }] is used by node 'Kcur-7' (ROPE)
llama_graph_n_input_tensors: input tensor '                         inp_pos' [i32, ne = {     4,     1,     1,     1 }] is used by node 'Qcur-11' (ROPE)
llama_graph_n_input_tensors: input tensor '                         inp_pos' [i32, ne = {     4,     1,     1,     1 }] is used by node 'Kcur-11' (ROPE)
llama_graph_n_input_tensors: input tensor '                         inp_pos' [i32, ne = {     4,     1,     1,     1 }] is used by node 'Qcur-15' (ROPE)
llama_graph_n_input_tensors: input tensor '                         inp_pos' [i32, ne = {     4,     1,     1,     1 }] is used by node 'Kcur-15' (ROPE)
llama_graph_n_input_tensors: input tensor '                         inp_pos' [i32, ne = {     4,     1,     1,     1 }] is used by node 'Qcur-19' (ROPE)
llama_graph_n_input_tensors: input tensor '                         inp_pos' [i32, ne = {     4,     1,     1,     1 }] is used by node 'Kcur-19' (ROPE)
llama_graph_n_input_tensors: input tensor '                         inp_pos' [i32, ne = {     4,     1,     1,     1 }] is used by node 'Qcur-23' (ROPE)
llama_graph_n_input_tensors: input tensor '                         inp_pos' [i32, ne = {     4,     1,     1,     1 }] is used by node 'Kcur-23' (ROPE)
llama_graph_n_input_tensors: input tensor '                       rs_s_copy' [i32, ne = {     1,     1,     1,     1 }] is used by node 'rs_s_copy (view)' (VIEW)
llama_graph_n_input_tensors: input tensor '                       rs_s_copy' [i32, ne = {     1,     1,     1,     1 }] is used by node 'rs_s_copy (view)' (VIEW)
llama_graph_n_input_tensors: input tensor '                         out_ids' [i32, ne = {     1,     1,     1,     1 }] is used by node 'result_norm' (GET_ROWS)
llama_graph_n_input_tensors: input tensor '                      inp_tokens' [i32, ne = {     1,     1,     1,     1 }] is used by node 'model.input_embed' (GET_ROWS)
resolve_fused_ops: fused DeepSeek V4 HC comb enabled
graph_reserve: reserving a graph for ubatch with n_tokens =    1, n_seqs =  1, n_outputs =    1
llama_graph_n_input_tensors: input tensor '                attn_inp_kq_mask' [f16, ne = {   512,     1,     1,     1 }] is used by node 'node_222' (FLASH_ATTN_EXT)
llama_graph_n_input_tensors: input tensor '                attn_inp_kq_mask' [f16, ne = {   512,     1,     1,     1 }] is used by node 'node_456' (FLASH_ATTN_EXT)
llama_graph_n_input_tensors: input tensor '                attn_inp_kq_mask' [f16, ne = {   512,     1,     1,     1 }] is used by node 'node_690' (FLASH_ATTN_EXT)
llama_graph_n_input_tensors: input tensor '                attn_inp_kq_mask' [f16, ne = {   512,     1,     1,     1 }] is used by node 'node_924' (FLASH_ATTN_EXT)
llama_graph_n_input_tensors: input tensor '                attn_inp_kq_mask' [f16, ne = {   512,     1,     1,     1 }] is used by node 'node_1158' (FLASH_ATTN_EXT)
llama_graph_n_input_tensors: input tensor '                attn_inp_kq_mask' [f16, ne = {   512,     1,     1,     1 }] is used by node 'node_1392' (FLASH_ATTN_EXT)
llama_graph_n_input_tensors: input tensor '                 attn_inp_v_idxs' [i64, ne = {     1,     1,     1,     1 }] is used by node 'cache_v_l3 (view)' (SET_ROWS)
llama_graph_n_input_tensors: input tensor '                 attn_inp_v_idxs' [i64, ne = {     1,     1,     1,     1 }] is used by node 'cache_v_l7 (view)' (SET_ROWS)
llama_graph_n_input_tensors: input tensor '                 attn_inp_v_idxs' [i64, ne = {     1,     1,     1,     1 }] is used by node 'cache_v_l11 (view)' (SET_ROWS)
llama_graph_n_input_tensors: input tensor '                 attn_inp_v_idxs' [i64, ne = {     1,     1,     1,     1 }] is used by node 'cache_v_l15 (view)' (SET_ROWS)
llama_graph_n_input_tensors: input tensor '                 attn_inp_v_idxs' [i64, ne = {     1,     1,     1,     1 }] is used by node 'cache_v_l19 (view)' (SET_ROWS)
llama_graph_n_input_tensors: input tensor '                 attn_inp_v_idxs' [i64, ne = {     1,     1,     1,     1 }] is used by node 'cache_v_l23 (view)' (SET_ROWS)
llama_graph_n_input_tensors: input tensor '                 attn_inp_k_idxs' [i64, ne = {     1,     1,     1,     1 }] is used by node 'cache_k_l3 (view)' (SET_ROWS)
llama_graph_n_input_tensors: input tensor '                 attn_inp_k_idxs' [i64, ne = {     1,     1,     1,     1 }] is used by node 'cache_k_l7 (view)' (SET_ROWS)
llama_graph_n_input_tensors: input tensor '                 attn_inp_k_idxs' [i64, ne = {     1,     1,     1,     1 }] is used by node 'cache_k_l11 (view)' (SET_ROWS)
llama_graph_n_input_tensors: input tensor '                 attn_inp_k_idxs' [i64, ne = {     1,     1,     1,     1 }] is used by node 'cache_k_l15 (view)' (SET_ROWS)
llama_graph_n_input_tensors: input tensor '                 attn_inp_k_idxs' [i64, ne = {     1,     1,     1,     1 }] is used by node 'cache_k_l19 (view)' (SET_ROWS)
llama_graph_n_input_tensors: input tensor '                 attn_inp_k_idxs' [i64, ne = {     1,     1,     1,     1 }] is used by node 'cache_k_l23 (view)' (SET_ROWS)
llama_graph_n_input_tensors: input tensor '                         inp_pos' [i32, ne = {     4,     1,     1,     1 }] is used by node 'Qcur-3' (ROPE)
llama_graph_n_input_tensors: input tensor '                         inp_pos' [i32, ne = {     4,     1,     1,     1 }] is used by node 'Kcur-3' (ROPE)
llama_graph_n_input_tensors: input tensor '                         inp_pos' [i32, ne = {     4,     1,     1,     1 }] is used by node 'Qcur-7' (ROPE)
llama_graph_n_input_tensors: input tensor '                         inp_pos' [i32, ne = {     4,     1,     1,     1 }] is used by node 'Kcur-7' (ROPE)
llama_graph_n_input_tensors: input tensor '                         inp_pos' [i32, ne = {     4,     1,     1,     1 }] is used by node 'Qcur-11' (ROPE)
llama_graph_n_input_tensors: input tensor '                         inp_pos' [i32, ne = {     4,     1,     1,     1 }] is used by node 'Kcur-11' (ROPE)
llama_graph_n_input_tensors: input tensor '                         inp_pos' [i32, ne = {     4,     1,     1,     1 }] is used by node 'Qcur-15' (ROPE)
llama_graph_n_input_tensors: input tensor '                         inp_pos' [i32, ne = {     4,     1,     1,     1 }] is used by node 'Kcur-15' (ROPE)
llama_graph_n_input_tensors: input tensor '                         inp_pos' [i32, ne = {     4,     1,     1,     1 }] is used by node 'Qcur-19' (ROPE)
llama_graph_n_input_tensors: input tensor '                         inp_pos' [i32, ne = {     4,     1,     1,     1 }] is used by node 'Kcur-19' (ROPE)
llama_graph_n_input_tensors: input tensor '                         inp_pos' [i32, ne = {     4,     1,     1,     1 }] is used by node 'Qcur-23' (ROPE)
llama_graph_n_input_tensors: input tensor '                         inp_pos' [i32, ne = {     4,     1,     1,     1 }] is used by node 'Kcur-23' (ROPE)
llama_graph_n_input_tensors: input tensor '                       rs_s_copy' [i32, ne = {     1,     1,     1,     1 }] is used by node 'rs_s_copy (view)' (VIEW)
llama_graph_n_input_tensors: input tensor '                       rs_s_copy' [i32, ne = {     1,     1,     1,     1 }] is used by node 'rs_s_copy (view)' (VIEW)
llama_graph_n_input_tensors: input tensor '                         out_ids' [i32, ne = {     1,     1,     1,     1 }] is used by node 'result_norm' (GET_ROWS)
llama_graph_n_input_tensors: input tensor '                      inp_tokens' [i32, ne = {     1,     1,     1,     1 }] is used by node 'model.input_embed' (GET_ROWS)
resolve_fused_ops: fused DeepSeek V4 HC post enabled
graph_reserve: reserving a graph for ubatch with n_tokens =  128, n_seqs =  1, n_outputs =  128
llama_graph_n_input_tensors: input tensor '                attn_inp_kq_mask' [f16, ne = {   512,   128,     1,     1 }] is used by node 'node_222' (FLASH_ATTN_EXT)
llama_graph_n_input_tensors: input tensor '                attn_inp_kq_mask' [f16, ne = {   512,   128,     1,     1 }] is used by node 'node_456' (FLASH_ATTN_EXT)
llama_graph_n_input_tensors: input tensor '                attn_inp_kq_mask' [f16, ne = {   512,   128,     1,     1 }] is used by node 'node_690' (FLASH_ATTN_EXT)
llama_graph_n_input_tensors: input tensor '                attn_inp_kq_mask' [f16, ne = {   512,   128,     1,     1 }] is used by node 'node_924' (FLASH_ATTN_EXT)
llama_graph_n_input_tensors: input tensor '                attn_inp_kq_mask' [f16, ne = {   512,   128,     1,     1 }] is used by node 'node_1158' (FLASH_ATTN_EXT)
llama_graph_n_input_tensors: input tensor '                attn_inp_kq_mask' [f16, ne = {   512,   128,     1,     1 }] is used by node 'node_1392' (FLASH_ATTN_EXT)
llama_graph_n_input_tensors: input tensor '                 attn_inp_v_idxs' [i64, ne = {   128,     1,     1,     1 }] is used by node 'cache_v_l3 (view)' (SET_ROWS)
llama_graph_n_input_tensors: input tensor '                 attn_inp_v_idxs' [i64, ne = {   128,     1,     1,     1 }] is used by node 'cache_v_l7 (view)' (SET_ROWS)
llama_graph_n_input_tensors: input tensor '                 attn_inp_v_idxs' [i64, ne = {   128,     1,     1,     1 }] is used by node 'cache_v_l11 (view)' (SET_ROWS)
llama_graph_n_input_tensors: input tensor '                 attn_inp_v_idxs' [i64, ne = {   128,     1,     1,     1 }] is used by node 'cache_v_l15 (view)' (SET_ROWS)
llama_graph_n_input_tensors: input tensor '                 attn_inp_v_idxs' [i64, ne = {   128,     1,     1,     1 }] is used by node 'cache_v_l19 (view)' (SET_ROWS)
llama_graph_n_input_tensors: input tensor '                 attn_inp_v_idxs' [i64, ne = {   128,     1,     1,     1 }] is used by node 'cache_v_l23 (view)' (SET_ROWS)
llama_graph_n_input_tensors: input tensor '                 attn_inp_k_idxs' [i64, ne = {   128,     1,     1,     1 }] is used by node 'cache_k_l3 (view)' (SET_ROWS)
llama_graph_n_input_tensors: input tensor '                 attn_inp_k_idxs' [i64, ne = {   128,     1,     1,     1 }] is used by node 'cache_k_l7 (view)' (SET_ROWS)
llama_graph_n_input_tensors: input tensor '                 attn_inp_k_idxs' [i64, ne = {   128,     1,     1,     1 }] is used by node 'cache_k_l11 (view)' (SET_ROWS)
llama_graph_n_input_tensors: input tensor '                 attn_inp_k_idxs' [i64, ne = {   128,     1,     1,     1 }] is used by node 'cache_k_l15 (view)' (SET_ROWS)
llama_graph_n_input_tensors: input tensor '                 attn_inp_k_idxs' [i64, ne = {   128,     1,     1,     1 }] is used by node 'cache_k_l19 (view)' (SET_ROWS)
llama_graph_n_input_tensors: input tensor '                 attn_inp_k_idxs' [i64, ne = {   128,     1,     1,     1 }] is used by node 'cache_k_l23 (view)' (SET_ROWS)
llama_graph_n_input_tensors: input tensor '                         inp_pos' [i32, ne = {   512,     1,     1,     1 }] is used by node 'Qcur-3' (ROPE)
llama_graph_n_input_tensors: input tensor '                         inp_pos' [i32, ne = {   512,     1,     1,     1 }] is used by node 'Kcur-3' (ROPE)
llama_graph_n_input_tensors: input tensor '                         inp_pos' [i32, ne = {   512,     1,     1,     1 }] is used by node 'Qcur-7' (ROPE)
llama_graph_n_input_tensors: input tensor '                         inp_pos' [i32, ne = {   512,     1,     1,     1 }] is used by node 'Kcur-7' (ROPE)
llama_graph_n_input_tensors: input tensor '                         inp_pos' [i32, ne = {   512,     1,     1,     1 }] is used by node 'Qcur-11' (ROPE)
llama_graph_n_input_tensors: input tensor '                         inp_pos' [i32, ne = {   512,     1,     1,     1 }] is used by node 'Kcur-11' (ROPE)
llama_graph_n_input_tensors: input tensor '                         inp_pos' [i32, ne = {   512,     1,     1,     1 }] is used by node 'Qcur-15' (ROPE)
llama_graph_n_input_tensors: input tensor '                         inp_pos' [i32, ne = {   512,     1,     1,     1 }] is used by node 'Kcur-15' (ROPE)
llama_graph_n_input_tensors: input tensor '                         inp_pos' [i32, ne = {   512,     1,     1,     1 }] is used by node 'Qcur-19' (ROPE)
llama_graph_n_input_tensors: input tensor '                         inp_pos' [i32, ne = {   512,     1,     1,     1 }] is used by node 'Kcur-19' (ROPE)
llama_graph_n_input_tensors: input tensor '                         inp_pos' [i32, ne = {   512,     1,     1,     1 }] is used by node 'Qcur-23' (ROPE)
llama_graph_n_input_tensors: input tensor '                         inp_pos' [i32, ne = {   512,     1,     1,     1 }] is used by node 'Kcur-23' (ROPE)
llama_graph_n_input_tensors: input tensor '                       rs_s_copy' [i32, ne = {     1,     1,     1,     1 }] is used by node 'rs_s_copy (view)' (VIEW)
llama_graph_n_input_tensors: input tensor '                       rs_s_copy' [i32, ne = {     1,     1,     1,     1 }] is used by node 'rs_s_copy (view)' (VIEW)
llama_graph_n_input_tensors: input tensor '                         out_ids' [i32, ne = {   128,     1,     1,     1 }] is used by node 'result_norm' (GET_ROWS)
llama_graph_n_input_tensors: input tensor '                      inp_tokens' [i32, ne = {   128,     1,     1,     1 }] is used by node 'model.input_embed' (GET_ROWS)
graph_reserve: reserving a graph for ubatch with n_tokens =    1, n_seqs =  1, n_outputs =    1
llama_graph_n_input_tensors: input tensor '                attn_inp_kq_mask' [f16, ne = {   512,     1,     1,     1 }] is used by node 'node_222' (FLASH_ATTN_EXT)
llama_graph_n_input_tensors: input tensor '                attn_inp_kq_mask' [f16, ne = {   512,     1,     1,     1 }] is used by node 'node_456' (FLASH_ATTN_EXT)
llama_graph_n_input_tensors: input tensor '                attn_inp_kq_mask' [f16, ne = {   512,     1,     1,     1 }] is used by node 'node_690' (FLASH_ATTN_EXT)
llama_graph_n_input_tensors: input tensor '                attn_inp_kq_mask' [f16, ne = {   512,     1,     1,     1 }] is used by node 'node_924' (FLASH_ATTN_EXT)
llama_graph_n_input_tensors: input tensor '                attn_inp_kq_mask' [f16, ne = {   512,     1,     1,     1 }] is used by node 'node_1158' (FLASH_ATTN_EXT)
llama_graph_n_input_tensors: input tensor '                attn_inp_kq_mask' [f16, ne = {   512,     1,     1,     1 }] is used by node 'node_1392' (FLASH_ATTN_EXT)
llama_graph_n_input_tensors: input tensor '                 attn_inp_v_idxs' [i64, ne = {     1,     1,     1,     1 }] is used by node 'cache_v_l3 (view)' (SET_ROWS)
llama_graph_n_input_tensors: input tensor '                 attn_inp_v_idxs' [i64, ne = {     1,     1,     1,     1 }] is used by node 'cache_v_l7 (view)' (SET_ROWS)
llama_graph_n_input_tensors: input tensor '                 attn_inp_v_idxs' [i64, ne = {     1,     1,     1,     1 }] is used by node 'cache_v_l11 (view)' (SET_ROWS)
llama_graph_n_input_tensors: input tensor '                 attn_inp_v_idxs' [i64, ne = {     1,     1,     1,     1 }] is used by node 'cache_v_l15 (view)' (SET_ROWS)
llama_graph_n_input_tensors: input tensor '                 attn_inp_v_idxs' [i64, ne = {     1,     1,     1,     1 }] is used by node 'cache_v_l19 (view)' (SET_ROWS)
llama_graph_n_input_tensors: input tensor '                 attn_inp_v_idxs' [i64, ne = {     1,     1,     1,     1 }] is used by node 'cache_v_l23 (view)' (SET_ROWS)
llama_graph_n_input_tensors: input tensor '                 attn_inp_k_idxs' [i64, ne = {     1,     1,     1,     1 }] is used by node 'cache_k_l3 (view)' (SET_ROWS)
llama_graph_n_input_tensors: input tensor '                 attn_inp_k_idxs' [i64, ne = {     1,     1,     1,     1 }] is used by node 'cache_k_l7 (view)' (SET_ROWS)
llama_graph_n_input_tensors: input tensor '                 attn_inp_k_idxs' [i64, ne = {     1,     1,     1,     1 }] is used by node 'cache_k_l11 (view)' (SET_ROWS)
llama_graph_n_input_tensors: input tensor '                 attn_inp_k_idxs' [i64, ne = {     1,     1,     1,     1 }] is used by node 'cache_k_l15 (view)' (SET_ROWS)
llama_graph_n_input_tensors: input tensor '                 attn_inp_k_idxs' [i64, ne = {     1,     1,     1,     1 }] is used by node 'cache_k_l19 (view)' (SET_ROWS)
llama_graph_n_input_tensors: input tensor '                 attn_inp_k_idxs' [i64, ne = {     1,     1,     1,     1 }] is used by node 'cache_k_l23 (view)' (SET_ROWS)
llama_graph_n_input_tensors: input tensor '                         inp_pos' [i32, ne = {     4,     1,     1,     1 }] is used by node 'Qcur-3' (ROPE)
llama_graph_n_input_tensors: input tensor '                         inp_pos' [i32, ne = {     4,     1,     1,     1 }] is used by node 'Kcur-3' (ROPE)
llama_graph_n_input_tensors: input tensor '                         inp_pos' [i32, ne = {     4,     1,     1,     1 }] is used by node 'Qcur-7' (ROPE)
llama_graph_n_input_tensors: input tensor '                         inp_pos' [i32, ne = {     4,     1,     1,     1 }] is used by node 'Kcur-7' (ROPE)
llama_graph_n_input_tensors: input tensor '                         inp_pos' [i32, ne = {     4,     1,     1,     1 }] is used by node 'Qcur-11' (ROPE)
llama_graph_n_input_tensors: input tensor '                         inp_pos' [i32, ne = {     4,     1,     1,     1 }] is used by node 'Kcur-11' (ROPE)
llama_graph_n_input_tensors: input tensor '                         inp_pos' [i32, ne = {     4,     1,     1,     1 }] is used by node 'Qcur-15' (ROPE)
llama_graph_n_input_tensors: input tensor '                         inp_pos' [i32, ne = {     4,     1,     1,     1 }] is used by node 'Kcur-15' (ROPE)
llama_graph_n_input_tensors: input tensor '                         inp_pos' [i32, ne = {     4,     1,     1,     1 }] is used by node 'Qcur-19' (ROPE)
llama_graph_n_input_tensors: input tensor '                         inp_pos' [i32, ne = {     4,     1,     1,     1 }] is used by node 'Kcur-19' (ROPE)
llama_graph_n_input_tensors: input tensor '                         inp_pos' [i32, ne = {     4,     1,     1,     1 }] is used by node 'Qcur-23' (ROPE)
llama_graph_n_input_tensors: input tensor '                         inp_pos' [i32, ne = {     4,     1,     1,     1 }] is used by node 'Kcur-23' (ROPE)
llama_graph_n_input_tensors: input tensor '                       rs_s_copy' [i32, ne = {     1,     1,     1,     1 }] is used by node 'rs_s_copy (view)' (VIEW)
llama_graph_n_input_tensors: input tensor '                       rs_s_copy' [i32, ne = {     1,     1,     1,     1 }] is used by node 'rs_s_copy (view)' (VIEW)
llama_graph_n_input_tensors: input tensor '                         out_ids' [i32, ne = {     1,     1,     1,     1 }] is used by node 'result_norm' (GET_ROWS)
llama_graph_n_input_tensors: input tensor '                      inp_tokens' [i32, ne = {     1,     1,     1,     1 }] is used by node 'model.input_embed' (GET_ROWS)
graph_reserve: reserving a graph for ubatch with n_tokens =  128, n_seqs =  1, n_outputs =  128
llama_graph_n_input_tensors: input tensor '                attn_inp_kq_mask' [f16, ne = {   512,   128,     1,     1 }] is used by node 'node_222' (FLASH_ATTN_EXT)
llama_graph_n_input_tensors: input tensor '                attn_inp_kq_mask' [f16, ne = {   512,   128,     1,     1 }] is used by node 'node_456' (FLASH_ATTN_EXT)
llama_graph_n_input_tensors: input tensor '                attn_inp_kq_mask' [f16, ne = {   512,   128,     1,     1 }] is used by node 'node_690' (FLASH_ATTN_EXT)
llama_graph_n_input_tensors: input tensor '                attn_inp_kq_mask' [f16, ne = {   512,   128,     1,     1 }] is used by node 'node_924' (FLASH_ATTN_EXT)
llama_graph_n_input_tensors: input tensor '                attn_inp_kq_mask' [f16, ne = {   512,   128,     1,     1 }] is used by node 'node_1158' (FLASH_ATTN_EXT)
llama_graph_n_input_tensors: input tensor '                attn_inp_kq_mask' [f16, ne = {   512,   128,     1,     1 }] is used by node 'node_1392' (FLASH_ATTN_EXT)
llama_graph_n_input_tensors: input tensor '                 attn_inp_v_idxs' [i64, ne = {   128,     1,     1,     1 }] is used by node 'cache_v_l3 (view)' (SET_ROWS)
llama_graph_n_input_tensors: input tensor '                 attn_inp_v_idxs' [i64, ne = {   128,     1,     1,     1 }] is used by node 'cache_v_l7 (view)' (SET_ROWS)
llama_graph_n_input_tensors: input tensor '                 attn_inp_v_idxs' [i64, ne = {   128,     1,     1,     1 }] is used by node 'cache_v_l11 (view)' (SET_ROWS)
llama_graph_n_input_tensors: input tensor '                 attn_inp_v_idxs' [i64, ne = {   128,     1,     1,     1 }] is used by node 'cache_v_l15 (view)' (SET_ROWS)
llama_graph_n_input_tensors: input tensor '                 attn_inp_v_idxs' [i64, ne = {   128,     1,     1,     1 }] is used by node 'cache_v_l19 (view)' (SET_ROWS)
llama_graph_n_input_tensors: input tensor '                 attn_inp_v_idxs' [i64, ne = {   128,     1,     1,     1 }] is used by node 'cache_v_l23 (view)' (SET_ROWS)
llama_graph_n_input_tensors: input tensor '                 attn_inp_k_idxs' [i64, ne = {   128,     1,     1,     1 }] is used by node 'cache_k_l3 (view)' (SET_ROWS)
llama_graph_n_input_tensors: input tensor '                 attn_inp_k_idxs' [i64, ne = {   128,     1,     1,     1 }] is used by node 'cache_k_l7 (view)' (SET_ROWS)
llama_graph_n_input_tensors: input tensor '                 attn_inp_k_idxs' [i64, ne = {   128,     1,     1,     1 }] is used by node 'cache_k_l11 (view)' (SET_ROWS)
llama_graph_n_input_tensors: input tensor '                 attn_inp_k_idxs' [i64, ne = {   128,     1,     1,     1 }] is used by node 'cache_k_l15 (view)' (SET_ROWS)
llama_graph_n_input_tensors: input tensor '                 attn_inp_k_idxs' [i64, ne = {   128,     1,     1,     1 }] is used by node 'cache_k_l19 (view)' (SET_ROWS)
llama_graph_n_input_tensors: input tensor '                 attn_inp_k_idxs' [i64, ne = {   128,     1,     1,     1 }] is used by node 'cache_k_l23 (view)' (SET_ROWS)
llama_graph_n_input_tensors: input tensor '                         inp_pos' [i32, ne = {   512,     1,     1,     1 }] is used by node 'Qcur-3' (ROPE)
llama_graph_n_input_tensors: input tensor '                         inp_pos' [i32, ne = {   512,     1,     1,     1 }] is used by node 'Kcur-3' (ROPE)
llama_graph_n_input_tensors: input tensor '                         inp_pos' [i32, ne = {   512,     1,     1,     1 }] is used by node 'Qcur-7' (ROPE)
llama_graph_n_input_tensors: input tensor '                         inp_pos' [i32, ne = {   512,     1,     1,     1 }] is used by node 'Kcur-7' (ROPE)
llama_graph_n_input_tensors: input tensor '                         inp_pos' [i32, ne = {   512,     1,     1,     1 }] is used by node 'Qcur-11' (ROPE)
llama_graph_n_input_tensors: input tensor '                         inp_pos' [i32, ne = {   512,     1,     1,     1 }] is used by node 'Kcur-11' (ROPE)
llama_graph_n_input_tensors: input tensor '                         inp_pos' [i32, ne = {   512,     1,     1,     1 }] is used by node 'Qcur-15' (ROPE)
llama_graph_n_input_tensors: input tensor '                         inp_pos' [i32, ne = {   512,     1,     1,     1 }] is used by node 'Kcur-15' (ROPE)
llama_graph_n_input_tensors: input tensor '                         inp_pos' [i32, ne = {   512,     1,     1,     1 }] is used by node 'Qcur-19' (ROPE)
llama_graph_n_input_tensors: input tensor '                         inp_pos' [i32, ne = {   512,     1,     1,     1 }] is used by node 'Kcur-19' (ROPE)
llama_graph_n_input_tensors: input tensor '                         inp_pos' [i32, ne = {   512,     1,     1,     1 }] is used by node 'Qcur-23' (ROPE)
llama_graph_n_input_tensors: input tensor '                         inp_pos' [i32, ne = {   512,     1,     1,     1 }] is used by node 'Kcur-23' (ROPE)
llama_graph_n_input_tensors: input tensor '                       rs_s_copy' [i32, ne = {     1,     1,     1,     1 }] is used by node 'rs_s_copy (view)' (VIEW)
llama_graph_n_input_tensors: input tensor '                       rs_s_copy' [i32, ne = {     1,     1,     1,     1 }] is used by node 'rs_s_copy (view)' (VIEW)
llama_graph_n_input_tensors: input tensor '                         out_ids' [i32, ne = {   128,     1,     1,     1 }] is used by node 'result_norm' (GET_ROWS)
llama_graph_n_input_tensors: input tensor '                      inp_tokens' [i32, ne = {   128,     1,     1,     1 }] is used by node 'model.input_embed' (GET_ROWS)
sched_reserve:       MTL0 compute buffer size =   123.38 MiB
sched_reserve:        CPU compute buffer size =     2.13 MiB
sched_reserve: graph: nodes = 1411, splits = 2, input objects = 4, input tensors = 7
sched_reserve: reserve took 6.19 ms, sched copies = 1
ggml_metal_library_compile_pipeline: compiling pipeline: base = 'kernel_rms_norm_mul_f32_4', name = 'kernel_rms_norm_mul_f32_4'
ggml_metal_library_compile_pipeline: loaded kernel_rms_norm_mul_f32_4                     0x1018161c0 | th_max = 1024 | th_width =   32
ggml_metal_library_compile_pipeline: compiling pipeline: base = 'kernel_unary_f32_f32_4', name = 'kernel_unary_f32_f32_4_op=10_cnt=1'
ggml_metal_library_compile_pipeline: loaded kernel_unary_f32_f32_4_op=10_cnt=1            0x101816a40 | th_max = 1024 | th_width =   32
ggml_metal_library_compile_pipeline: compiling pipeline: base = 'kernel_mul_mm_q5_K_f32', name = 'kernel_mul_mm_q5_K_f32_bci=0_bco=0_ne12=1_ne13=1_r2=1_r3=1'
ggml_metal_library_compile_pipeline: loaded kernel_mul_mm_q5_K_f32_bci=0_bco=0_ne12=1_ne13=1_r2=1_r3=1      0x101816dc0 | th_max = 1024 | th_width =   32
ggml_metal_library_compile_pipeline: compiling pipeline: base = 'kernel_get_rows_f32', name = 'kernel_get_rows_f32'
ggml_metal_library_compile_pipeline: loaded kernel_get_rows_f32                           0x101817140 | th_max = 1024 | th_width =   32
ggml_metal_library_compile_pipeline: compiling pipeline: base = 'kernel_concat_f32', name = 'kernel_concat_f32'
ggml_metal_library_compile_pipeline: loaded kernel_concat_f32                             0xa6899c000 | th_max = 1024 | th_width =   32
ggml_metal_library_compile_pipeline: compiling pipeline: base = 'kernel_mul_mm_q8_0_f32', name = 'kernel_mul_mm_q8_0_f32_bci=0_bco=1_ne12=1_ne13=1_r2=1_r3=1'
ggml_metal_library_compile_pipeline: loaded kernel_mul_mm_q8_0_f32_bci=0_bco=1_ne12=1_ne13=1_r2=1_r3=1      0xa6899c380 | th_max = 1024 | th_width =   32
ggml_metal_library_compile_pipeline: compiling pipeline: base = 'kernel_cpy_f32_f32', name = 'kernel_cpy_f32_f32'
ggml_metal_library_compile_pipeline: loaded kernel_cpy_f32_f32                            0xa6899c700 | th_max = 1024 | th_width =   32
ggml_metal_library_compile_pipeline: compiling pipeline: base = 'kernel_unary_f32_f32_4', name = 'kernel_unary_f32_f32_4_op=10_cnt=0'
ggml_metal_library_compile_pipeline: loaded kernel_unary_f32_f32_4_op=10_cnt=0            0xa6899ca80 | th_max = 1024 | th_width =   32
ggml_metal_library_compile_pipeline: compiling pipeline: base = 'kernel_ssm_conv_f32_f32_batched_4', name = 'kernel_ssm_conv_f32_f32_batched_4_ssm_conv_bs=128_nc=4_silu=1'
ggml_metal_library_compile_pipeline: loaded kernel_ssm_conv_f32_f32_batched_4_ssm_conv_bs=128_nc=4_silu=1      0xa6899ce00 | th_max = 1024 | th_width =   32
ggml_metal_library_compile_pipeline: compiling pipeline: base = 'kernel_rms_norm_mul_f32_4', name = 'kernel_rms_norm_mul_f32_4_use_scale'
ggml_metal_library_compile_pipeline: loaded kernel_rms_norm_mul_f32_4_use_scale           0xa6899d180 | th_max = 1024 | th_width =   32
ggml_metal_library_compile_pipeline: compiling pipeline: base = 'kernel_bin_fuse_f32_f32_f32_4', name = 'kernel_bin_fuse_f32_f32_f32_4_op=0_nf=1_rb=1_cb=0'
ggml_metal_library_compile_pipeline: loaded kernel_bin_fuse_f32_f32_f32_4_op=0_nf=1_rb=1_cb=0      0xa6899d500 | th_max = 1024 | th_width =   32
ggml_metal_library_compile_pipeline: compiling pipeline: base = 'kernel_unary_f32_f32', name = 'kernel_unary_f32_f32_op=102_cnt=1'
ggml_metal_library_compile_pipeline: loaded kernel_unary_f32_f32_op=102_cnt=1             0xa6899d880 | th_max = 1024 | th_width =   32
ggml_metal_library_compile_pipeline: compiling pipeline: base = 'kernel_unary_f32_f32_4', name = 'kernel_unary_f32_f32_4_op=115_cnt=1'
ggml_metal_library_compile_pipeline: loaded kernel_unary_f32_f32_4_op=115_cnt=1           0xa6899dc00 | th_max = 1024 | th_width =   32
ggml_metal_library_compile_pipeline: compiling pipeline: base = 'kernel_bin_fuse_f32_f32_f32_4', name = 'kernel_bin_fuse_f32_f32_f32_4_op=2_nf=1_rb=1_cb=0'
ggml_metal_library_compile_pipeline: loaded kernel_bin_fuse_f32_f32_f32_4_op=2_nf=1_rb=1_cb=0      0xa6899df80 | th_max = 1024 | th_width =   32
ggml_metal_library_compile_pipeline: compiling pipeline: base = 'kernel_mul_mm_q4_K_f32', name = 'kernel_mul_mm_q4_K_f32_bci=0_bco=0_ne12=1_ne13=1_r2=1_r3=1'
ggml_metal_library_compile_pipeline: loaded kernel_mul_mm_q4_K_f32_bci=0_bco=0_ne12=1_ne13=1_r2=1_r3=1      0xa6899e300 | th_max = 1024 | th_width =   32
ggml_metal_library_compile_pipeline: compiling pipeline: base = 'kernel_gated_delta_net_f32_4', name = 'kernel_gated_delta_net_f32_4_ne20=128_ne30=1_K=1'
ggml_metal_library_compile_pipeline: loaded kernel_gated_delta_net_f32_4_ne20=128_ne30=1_K=1      0xa6899e680 | th_max = 1024 | th_width =   32
ggml_metal_library_compile_pipeline: compiling pipeline: base = 'kernel_unary_f32_f32_4', name = 'kernel_unary_f32_f32_4_op=106_cnt=0'
ggml_metal_library_compile_pipeline: loaded kernel_unary_f32_f32_4_op=106_cnt=0           0xa6899ea00 | th_max = 1024 | th_width =   32
ggml_metal_library_compile_pipeline: compiling pipeline: base = 'kernel_bin_fuse_f32_f32_f32_4', name = 'kernel_bin_fuse_f32_f32_f32_4_op=2_nf=1_rb=0_cb=0'
ggml_metal_library_compile_pipeline: loaded kernel_bin_fuse_f32_f32_f32_4_op=2_nf=1_rb=0_cb=0      0xa6899ed80 | th_max = 1024 | th_width =   32
ggml_metal_library_compile_pipeline: compiling pipeline: base = 'kernel_bin_fuse_f32_f32_f32_4', name = 'kernel_bin_fuse_f32_f32_f32_4_op=0_nf=1_rb=0_cb=0'
ggml_metal_library_compile_pipeline: loaded kernel_bin_fuse_f32_f32_f32_4_op=0_nf=1_rb=0_cb=0      0xa6899f100 | th_max = 1024 | th_width =   32
ggml_metal_library_compile_pipeline: compiling pipeline: base = 'kernel_swiglu_f32', name = 'kernel_swiglu_f32'
ggml_metal_library_compile_pipeline: loaded kernel_swiglu_f32                             0xa6899f480 | th_max = 1024 | th_width =   32
ggml_metal_library_compile_pipeline: compiling pipeline: base = 'kernel_mul_mm_q6_K_f32', name = 'kernel_mul_mm_q6_K_f32_bci=0_bco=0_ne12=1_ne13=1_r2=1_r3=1'
ggml_metal_library_compile_pipeline: loaded kernel_mul_mm_q6_K_f32_bci=0_bco=0_ne12=1_ne13=1_r2=1_r3=1      0xa6899f800 | th_max = 1024 | th_width =   32
ggml_metal_library_compile_pipeline: compiling pipeline: base = 'kernel_rms_norm_f32_4', name = 'kernel_rms_norm_f32_4'
ggml_metal_library_compile_pipeline: loaded kernel_rms_norm_f32_4                         0xa6899fb80 | th_max = 1024 | th_width =   32
ggml_metal_library_compile_pipeline: compiling pipeline: base = 'kernel_set_rows_f32_i64_f16', name = 'kernel_set_rows_f32_i64_f16'
ggml_metal_library_compile_pipeline: loaded kernel_set_rows_f32_i64_f16                   0xa689a4380 | th_max = 1024 | th_width =   32
ggml_metal_library_compile_pipeline: compiling pipeline: base = 'kernel_rope_multi_f32', name = 'kernel_rope_multi_f32_imrope=1_is_back=0'
ggml_metal_library_compile_pipeline: loaded kernel_rope_multi_f32_imrope=1_is_back=0      0xa689a4700 | th_max = 1024 | th_width =   32
ggml_metal_library_compile_pipeline: compiling pipeline: base = 'kernel_flash_attn_ext_blk', name = 'kernel_flash_attn_ext_blk_nqptg=8_ncpsg=64'
ggml_metal_library_compile_pipeline: loaded kernel_flash_attn_ext_blk_nqptg=8_ncpsg=64      0xa689a4a80 | th_max = 1024 | th_width =   32
ggml_metal_library_compile_pipeline: compiling pipeline: base = 'kernel_flash_attn_ext_f16_dk256_dv256', name = 'kernel_flash_attn_ext_f16_dk256_dv256_mask=1_sinks=0_bias=0_scap=0_kvpad=0_bcm=0_ns10=512_ns20=512_nsg=4'
ggml_metal_library_compile_pipeline: loaded kernel_flash_attn_ext_f16_dk256_dv256_mask=1_sinks=0_bias=0_scap=0_kvpad=0_bcm=0_ns10=512_ns20=512_nsg=4      0xa689a4e00 | th_max = 1024 | th_width =   32
ggml_metal_library_compile_pipeline: compiling pipeline: base = 'kernel_unary_f32_f32_4', name = 'kernel_unary_f32_f32_4_op=102_cnt=0'
ggml_metal_library_compile_pipeline: loaded kernel_unary_f32_f32_4_op=102_cnt=0           0xa689a5180 | th_max = 1024 | th_width =   32
ggml_metal_library_compile_pipeline: compiling pipeline: base = 'kernel_mul_mv_q6_K_f32', name = 'kernel_mul_mv_q6_K_f32_nsg=2_ne12=1_r2=1_r3=1_split=0'
ggml_metal_library_compile_pipeline: loaded kernel_mul_mv_q6_K_f32_nsg=2_ne12=1_r2=1_r3=1_split=0      0xa689a5500 | th_max = 1024 | th_width =   32
ggml_metal_library_compile_pipeline: compiling pipeline: base = 'kernel_mul_mv_q5_K_f32', name = 'kernel_mul_mv_q5_K_f32_nsg=2_ne12=1_r2=1_r3=1_split=0'
ggml_metal_library_compile_pipeline: loaded kernel_mul_mv_q5_K_f32_nsg=2_ne12=1_r2=1_r3=1_split=0      0xa689a5c00 | th_max = 1024 | th_width =   32
ggml_metal_library_compile_pipeline: compiling pipeline: base = 'kernel_mul_mv_q8_0_f32', name = 'kernel_mul_mv_q8_0_f32_nsg=4_ne12=1_r2=1_r3=1_split=0'
ggml_metal_library_compile_pipeline: loaded kernel_mul_mv_q8_0_f32_nsg=4_ne12=1_r2=1_r3=1_split=0      0xa689a5f80 | th_max = 1024 | th_width =   32
ggml_metal_library_compile_pipeline: compiling pipeline: base = 'kernel_ssm_conv_f32_f32_4', name = 'kernel_ssm_conv_f32_f32_4_nc=4_silu=1'
ggml_metal_library_compile_pipeline: loaded kernel_ssm_conv_f32_f32_4_nc=4_silu=1         0xa689a6300 | th_max = 1024 | th_width =   32
ggml_metal_library_compile_pipeline: compiling pipeline: base = 'kernel_mul_mv_q4_K_f32', name = 'kernel_mul_mv_q4_K_f32_nsg=2_ne12=1_r2=1_r3=1_split=0'
ggml_metal_library_compile_pipeline: loaded kernel_mul_mv_q4_K_f32_nsg=2_ne12=1_r2=1_r3=1_split=0      0xa689a6680 | th_max = 1024 | th_width =   32
ggml_metal_library_compile_pipeline: compiling pipeline: base = 'kernel_unary_f32_f32_4', name = 'kernel_unary_f32_f32_4_op=106_cnt=1'
ggml_metal_library_compile_pipeline: loaded kernel_unary_f32_f32_4_op=106_cnt=1           0xa689a6a00 | th_max = 1024 | th_width =   32
ggml_metal_library_compile_pipeline: compiling pipeline: base = 'kernel_flash_attn_ext_vec_f16_dk256_dv256', name = 'kernel_flash_attn_ext_vec_f16_dk256_dv256_mask=1_sink=0_bias=0_scap=0_kvpad=0_sparse=0_ns10=512_ns20=512_nsg=1_nwg=32'
ggml_metal_library_compile_pipeline: loaded kernel_flash_attn_ext_vec_f16_dk256_dv256_mask=1_sink=0_bias=0_scap=0_kvpad=0_sparse=0_ns10=512_ns20=512_nsg=1_nwg=32      0xa689a4000 | th_max = 1024 | th_width =   32
ggml_metal_library_compile_pipeline: compiling pipeline: base = 'kernel_flash_attn_ext_vec_reduce', name = 'kernel_flash_attn_ext_vec_reduce_dv=256_nwg=32'
ggml_metal_library_compile_pipeline: loaded kernel_flash_attn_ext_vec_reduce_dv=256_nwg=32      0xa689a7100 | th_max = 1024 | th_width =   32
ggml_metal_library_compile_pipeline: compiling pipeline: base = 'kernel_unary_f32_f32_4', name = 'kernel_unary_f32_f32_4_op=102_cnt=1'
ggml_metal_library_compile_pipeline: loaded kernel_unary_f32_f32_4_op=102_cnt=1           0xa689a7480 | th_max = 1024 | th_width =   32
~llama_context:       MTL0 compute buffer size is 123.3794 MiB, matches expectation of 123.3794 MiB
~llama_context:        CPU compute buffer size is   2.1299 MiB, matches expectation of   2.1299 MiB
~llama_context:        CPU compute buffer size is   0.0000 MiB, matches expectation of   0.0000 MiB
ggml_metal_free: deallocating
llama_context: constructing llama_context
llama_context: n_seq_max             = 1
llama_context: n_ctx                 = 1024
llama_context: n_ctx_seq             = 1024
llama_context: n_batch               = 512
llama_context: n_ubatch              = 512
llama_context: causal_attn           = 1
llama_context: flash_attn            = enabled
llama_context: kv_unified            = false
llama_context: freq_base             = 10000000.0
llama_context: freq_scale            = 1
llama_context: n_rs_seq              = 0
llama_context: n_outputs_max         = 512
llama_context: n_outputs_max_per_seq = 1
llama_context: n_ctx_seq (1024) < n_ctx_train (262144) -- the full capacity of the model will not be utilized
ggml_metal_init: allocating
ggml_metal_init: found device: Apple M5 Pro
ggml_metal_init: picking default device: Apple M5 Pro
ggml_metal_init: use fusion         = true
ggml_metal_init: use concurrency    = true
ggml_metal_init: use graph optimize = true
set_abort_callback: call
llama_context:        CPU  output buffer size =     0.95 MiB
llama_kv_cache: layer   0: filtered
llama_kv_cache: layer   1: filtered
llama_kv_cache: layer   2: filtered
llama_kv_cache: layer   3: dev = MTL0
llama_kv_cache: layer   4: filtered
llama_kv_cache: layer   5: filtered
llama_kv_cache: layer   6: filtered
llama_kv_cache: layer   7: dev = MTL0
llama_kv_cache: layer   8: filtered
llama_kv_cache: layer   9: filtered
llama_kv_cache: layer  10: filtered
llama_kv_cache: layer  11: dev = MTL0
llama_kv_cache: layer  12: filtered
llama_kv_cache: layer  13: filtered
llama_kv_cache: layer  14: filtered
llama_kv_cache: layer  15: dev = MTL0
llama_kv_cache: layer  16: filtered
llama_kv_cache: layer  17: filtered
llama_kv_cache: layer  18: filtered
llama_kv_cache: layer  19: dev = MTL0
llama_kv_cache: layer  20: filtered
llama_kv_cache: layer  21: filtered
llama_kv_cache: layer  22: filtered
llama_kv_cache: layer  23: dev = MTL0
llama_kv_cache:       MTL0 KV buffer size =    12.00 MiB
llama_kv_cache: size =   12.00 MiB (  1024 cells,   6 layers,  1/1 seqs), K (f16):    6.00 MiB, V (f16):    6.00 MiB
llama_kv_cache: attn_rot_k = 0, n_embd_head_k_all = 256
llama_kv_cache: attn_rot_v = 0, n_embd_head_k_all = 256
llama_memory_recurrent, layer   0: dev = MTL0
llama_memory_recurrent, layer   1: dev = MTL0
llama_memory_recurrent, layer   2: dev = MTL0
llama_memory_recurrent: layer   3: skipped
llama_memory_recurrent, layer   4: dev = MTL0
llama_memory_recurrent, layer   5: dev = MTL0
llama_memory_recurrent, layer   6: dev = MTL0
llama_memory_recurrent: layer   7: skipped
llama_memory_recurrent, layer   8: dev = MTL0
llama_memory_recurrent, layer   9: dev = MTL0
llama_memory_recurrent, layer  10: dev = MTL0
llama_memory_recurrent: layer  11: skipped
llama_memory_recurrent, layer  12: dev = MTL0
llama_memory_recurrent, layer  13: dev = MTL0
llama_memory_recurrent, layer  14: dev = MTL0
llama_memory_recurrent: layer  15: skipped
llama_memory_recurrent, layer  16: dev = MTL0
llama_memory_recurrent, layer  17: dev = MTL0
llama_memory_recurrent, layer  18: dev = MTL0
llama_memory_recurrent: layer  19: skipped
llama_memory_recurrent, layer  20: dev = MTL0
llama_memory_recurrent, layer  21: dev = MTL0
llama_memory_recurrent, layer  22: dev = MTL0
llama_memory_recurrent: layer  23: skipped
llama_memory_recurrent:       MTL0 RS buffer size =    19.27 MiB
llama_memory_recurrent: size =   19.27 MiB (     1 cells,  24 layers,  1 seqs  0 rs_seq), R (f32):    1.27 MiB, S (f32):   18.00 MiB, P (f32):    0.00 MiB
llama_context: enumerating backends
llama_context: backend_ptrs.size() = 3
sched_reserve: reserving ...
sched_reserve: max_nodes = 20480
sched_reserve: reserving full memory module
sched_reserve: worst-case: n_tokens = 512, n_seqs = 1, n_outputs = 1
resolve_fused_ops: resolving fused DeepSeek V4 HC support:
graph_reserve: reserving a graph for ubatch with n_tokens =    1, n_seqs =  1, n_outputs =    1
llama_graph_n_input_tensors: input tensor '                attn_inp_kq_mask' [f16, ne = {  1024,     1,     1,     1 }] is used by node 'node_222' (FLASH_ATTN_EXT)
llama_graph_n_input_tensors: input tensor '                attn_inp_kq_mask' [f16, ne = {  1024,     1,     1,     1 }] is used by node 'node_456' (FLASH_ATTN_EXT)
llama_graph_n_input_tensors: input tensor '                attn_inp_kq_mask' [f16, ne = {  1024,     1,     1,     1 }] is used by node 'node_690' (FLASH_ATTN_EXT)
llama_graph_n_input_tensors: input tensor '                attn_inp_kq_mask' [f16, ne = {  1024,     1,     1,     1 }] is used by node 'node_924' (FLASH_ATTN_EXT)
llama_graph_n_input_tensors: input tensor '                attn_inp_kq_mask' [f16, ne = {  1024,     1,     1,     1 }] is used by node 'node_1158' (FLASH_ATTN_EXT)
llama_graph_n_input_tensors: input tensor '                attn_inp_kq_mask' [f16, ne = {  1024,     1,     1,     1 }] is used by node 'node_1392' (FLASH_ATTN_EXT)
llama_graph_n_input_tensors: input tensor '                      inp_tokens' [i32, ne = {     1,     1,     1,     1 }] is used by node 'model.input_embed' (GET_ROWS)
llama_graph_n_input_tensors: input tensor '                 attn_inp_v_idxs' [i64, ne = {     1,     1,     1,     1 }] is used by node 'cache_v_l3 (view)' (SET_ROWS)
llama_graph_n_input_tensors: input tensor '                 attn_inp_v_idxs' [i64, ne = {     1,     1,     1,     1 }] is used by node 'cache_v_l7 (view)' (SET_ROWS)
llama_graph_n_input_tensors: input tensor '                 attn_inp_v_idxs' [i64, ne = {     1,     1,     1,     1 }] is used by node 'cache_v_l11 (view)' (SET_ROWS)
llama_graph_n_input_tensors: input tensor '                 attn_inp_v_idxs' [i64, ne = {     1,     1,     1,     1 }] is used by node 'cache_v_l15 (view)' (SET_ROWS)
llama_graph_n_input_tensors: input tensor '                 attn_inp_v_idxs' [i64, ne = {     1,     1,     1,     1 }] is used by node 'cache_v_l19 (view)' (SET_ROWS)
llama_graph_n_input_tensors: input tensor '                 attn_inp_v_idxs' [i64, ne = {     1,     1,     1,     1 }] is used by node 'cache_v_l23 (view)' (SET_ROWS)
llama_graph_n_input_tensors: input tensor '                         inp_pos' [i32, ne = {     4,     1,     1,     1 }] is used by node 'Qcur-3' (ROPE)
llama_graph_n_input_tensors: input tensor '                         inp_pos' [i32, ne = {     4,     1,     1,     1 }] is used by node 'Kcur-3' (ROPE)
llama_graph_n_input_tensors: input tensor '                         inp_pos' [i32, ne = {     4,     1,     1,     1 }] is used by node 'Qcur-7' (ROPE)
llama_graph_n_input_tensors: input tensor '                         inp_pos' [i32, ne = {     4,     1,     1,     1 }] is used by node 'Kcur-7' (ROPE)
llama_graph_n_input_tensors: input tensor '                         inp_pos' [i32, ne = {     4,     1,     1,     1 }] is used by node 'Qcur-11' (ROPE)
llama_graph_n_input_tensors: input tensor '                         inp_pos' [i32, ne = {     4,     1,     1,     1 }] is used by node 'Kcur-11' (ROPE)
llama_graph_n_input_tensors: input tensor '                         inp_pos' [i32, ne = {     4,     1,     1,     1 }] is used by node 'Qcur-15' (ROPE)
llama_graph_n_input_tensors: input tensor '                         inp_pos' [i32, ne = {     4,     1,     1,     1 }] is used by node 'Kcur-15' (ROPE)
llama_graph_n_input_tensors: input tensor '                         inp_pos' [i32, ne = {     4,     1,     1,     1 }] is used by node 'Qcur-19' (ROPE)
llama_graph_n_input_tensors: input tensor '                         inp_pos' [i32, ne = {     4,     1,     1,     1 }] is used by node 'Kcur-19' (ROPE)
llama_graph_n_input_tensors: input tensor '                         inp_pos' [i32, ne = {     4,     1,     1,     1 }] is used by node 'Qcur-23' (ROPE)
llama_graph_n_input_tensors: input tensor '                         inp_pos' [i32, ne = {     4,     1,     1,     1 }] is used by node 'Kcur-23' (ROPE)
llama_graph_n_input_tensors: input tensor '                 attn_inp_k_idxs' [i64, ne = {     1,     1,     1,     1 }] is used by node 'cache_k_l3 (view)' (SET_ROWS)
llama_graph_n_input_tensors: input tensor '                 attn_inp_k_idxs' [i64, ne = {     1,     1,     1,     1 }] is used by node 'cache_k_l7 (view)' (SET_ROWS)
llama_graph_n_input_tensors: input tensor '                 attn_inp_k_idxs' [i64, ne = {     1,     1,     1,     1 }] is used by node 'cache_k_l11 (view)' (SET_ROWS)
llama_graph_n_input_tensors: input tensor '                 attn_inp_k_idxs' [i64, ne = {     1,     1,     1,     1 }] is used by node 'cache_k_l15 (view)' (SET_ROWS)
llama_graph_n_input_tensors: input tensor '                 attn_inp_k_idxs' [i64, ne = {     1,     1,     1,     1 }] is used by node 'cache_k_l19 (view)' (SET_ROWS)
llama_graph_n_input_tensors: input tensor '                 attn_inp_k_idxs' [i64, ne = {     1,     1,     1,     1 }] is used by node 'cache_k_l23 (view)' (SET_ROWS)
llama_graph_n_input_tensors: input tensor '                         out_ids' [i32, ne = {     1,     1,     1,     1 }] is used by node 'result_norm' (GET_ROWS)
llama_graph_n_input_tensors: input tensor '                       rs_s_copy' [i32, ne = {     1,     1,     1,     1 }] is used by node 'rs_s_copy (view)' (VIEW)
llama_graph_n_input_tensors: input tensor '                       rs_s_copy' [i32, ne = {     1,     1,     1,     1 }] is used by node 'rs_s_copy (view)' (VIEW)
resolve_fused_ops: fused DeepSeek V4 HC pre enabled
graph_reserve: reserving a graph for ubatch with n_tokens =    1, n_seqs =  1, n_outputs =    1
llama_graph_n_input_tensors: input tensor '                attn_inp_kq_mask' [f16, ne = {  1024,     1,     1,     1 }] is used by node 'node_222' (FLASH_ATTN_EXT)
llama_graph_n_input_tensors: input tensor '                attn_inp_kq_mask' [f16, ne = {  1024,     1,     1,     1 }] is used by node 'node_456' (FLASH_ATTN_EXT)
llama_graph_n_input_tensors: input tensor '                attn_inp_kq_mask' [f16, ne = {  1024,     1,     1,     1 }] is used by node 'node_690' (FLASH_ATTN_EXT)
llama_graph_n_input_tensors: input tensor '                attn_inp_kq_mask' [f16, ne = {  1024,     1,     1,     1 }] is used by node 'node_924' (FLASH_ATTN_EXT)
llama_graph_n_input_tensors: input tensor '                attn_inp_kq_mask' [f16, ne = {  1024,     1,     1,     1 }] is used by node 'node_1158' (FLASH_ATTN_EXT)
llama_graph_n_input_tensors: input tensor '                attn_inp_kq_mask' [f16, ne = {  1024,     1,     1,     1 }] is used by node 'node_1392' (FLASH_ATTN_EXT)
llama_graph_n_input_tensors: input tensor '                      inp_tokens' [i32, ne = {     1,     1,     1,     1 }] is used by node 'model.input_embed' (GET_ROWS)
llama_graph_n_input_tensors: input tensor '                 attn_inp_v_idxs' [i64, ne = {     1,     1,     1,     1 }] is used by node 'cache_v_l3 (view)' (SET_ROWS)
llama_graph_n_input_tensors: input tensor '                 attn_inp_v_idxs' [i64, ne = {     1,     1,     1,     1 }] is used by node 'cache_v_l7 (view)' (SET_ROWS)
llama_graph_n_input_tensors: input tensor '                 attn_inp_v_idxs' [i64, ne = {     1,     1,     1,     1 }] is used by node 'cache_v_l11 (view)' (SET_ROWS)
llama_graph_n_input_tensors: input tensor '                 attn_inp_v_idxs' [i64, ne = {     1,     1,     1,     1 }] is used by node 'cache_v_l15 (view)' (SET_ROWS)
llama_graph_n_input_tensors: input tensor '                 attn_inp_v_idxs' [i64, ne = {     1,     1,     1,     1 }] is used by node 'cache_v_l19 (view)' (SET_ROWS)
llama_graph_n_input_tensors: input tensor '                 attn_inp_v_idxs' [i64, ne = {     1,     1,     1,     1 }] is used by node 'cache_v_l23 (view)' (SET_ROWS)
llama_graph_n_input_tensors: input tensor '                         inp_pos' [i32, ne = {     4,     1,     1,     1 }] is used by node 'Qcur-3' (ROPE)
llama_graph_n_input_tensors: input tensor '                         inp_pos' [i32, ne = {     4,     1,     1,     1 }] is used by node 'Kcur-3' (ROPE)
llama_graph_n_input_tensors: input tensor '                         inp_pos' [i32, ne = {     4,     1,     1,     1 }] is used by node 'Qcur-7' (ROPE)
llama_graph_n_input_tensors: input tensor '                         inp_pos' [i32, ne = {     4,     1,     1,     1 }] is used by node 'Kcur-7' (ROPE)
llama_graph_n_input_tensors: input tensor '                         inp_pos' [i32, ne = {     4,     1,     1,     1 }] is used by node 'Qcur-11' (ROPE)
llama_graph_n_input_tensors: input tensor '                         inp_pos' [i32, ne = {     4,     1,     1,     1 }] is used by node 'Kcur-11' (ROPE)
llama_graph_n_input_tensors: input tensor '                         inp_pos' [i32, ne = {     4,     1,     1,     1 }] is used by node 'Qcur-15' (ROPE)
llama_graph_n_input_tensors: input tensor '                         inp_pos' [i32, ne = {     4,     1,     1,     1 }] is used by node 'Kcur-15' (ROPE)
llama_graph_n_input_tensors: input tensor '                         inp_pos' [i32, ne = {     4,     1,     1,     1 }] is used by node 'Qcur-19' (ROPE)
llama_graph_n_input_tensors: input tensor '                         inp_pos' [i32, ne = {     4,     1,     1,     1 }] is used by node 'Kcur-19' (ROPE)
llama_graph_n_input_tensors: input tensor '                         inp_pos' [i32, ne = {     4,     1,     1,     1 }] is used by node 'Qcur-23' (ROPE)
llama_graph_n_input_tensors: input tensor '                         inp_pos' [i32, ne = {     4,     1,     1,     1 }] is used by node 'Kcur-23' (ROPE)
llama_graph_n_input_tensors: input tensor '                 attn_inp_k_idxs' [i64, ne = {     1,     1,     1,     1 }] is used by node 'cache_k_l3 (view)' (SET_ROWS)
llama_graph_n_input_tensors: input tensor '                 attn_inp_k_idxs' [i64, ne = {     1,     1,     1,     1 }] is used by node 'cache_k_l7 (view)' (SET_ROWS)
llama_graph_n_input_tensors: input tensor '                 attn_inp_k_idxs' [i64, ne = {     1,     1,     1,     1 }] is used by node 'cache_k_l11 (view)' (SET_ROWS)
llama_graph_n_input_tensors: input tensor '                 attn_inp_k_idxs' [i64, ne = {     1,     1,     1,     1 }] is used by node 'cache_k_l15 (view)' (SET_ROWS)
llama_graph_n_input_tensors: input tensor '                 attn_inp_k_idxs' [i64, ne = {     1,     1,     1,     1 }] is used by node 'cache_k_l19 (view)' (SET_ROWS)
llama_graph_n_input_tensors: input tensor '                 attn_inp_k_idxs' [i64, ne = {     1,     1,     1,     1 }] is used by node 'cache_k_l23 (view)' (SET_ROWS)
llama_graph_n_input_tensors: input tensor '                         out_ids' [i32, ne = {     1,     1,     1,     1 }] is used by node 'result_norm' (GET_ROWS)
llama_graph_n_input_tensors: input tensor '                       rs_s_copy' [i32, ne = {     1,     1,     1,     1 }] is used by node 'rs_s_copy (view)' (VIEW)
llama_graph_n_input_tensors: input tensor '                       rs_s_copy' [i32, ne = {     1,     1,     1,     1 }] is used by node 'rs_s_copy (view)' (VIEW)
resolve_fused_ops: fused DeepSeek V4 HC comb enabled
graph_reserve: reserving a graph for ubatch with n_tokens =    1, n_seqs =  1, n_outputs =    1
llama_graph_n_input_tensors: input tensor '                attn_inp_kq_mask' [f16, ne = {  1024,     1,     1,     1 }] is used by node 'node_222' (FLASH_ATTN_EXT)
llama_graph_n_input_tensors: input tensor '                attn_inp_kq_mask' [f16, ne = {  1024,     1,     1,     1 }] is used by node 'node_456' (FLASH_ATTN_EXT)
llama_graph_n_input_tensors: input tensor '                attn_inp_kq_mask' [f16, ne = {  1024,     1,     1,     1 }] is used by node 'node_690' (FLASH_ATTN_EXT)
llama_graph_n_input_tensors: input tensor '                attn_inp_kq_mask' [f16, ne = {  1024,     1,     1,     1 }] is used by node 'node_924' (FLASH_ATTN_EXT)
llama_graph_n_input_tensors: input tensor '                attn_inp_kq_mask' [f16, ne = {  1024,     1,     1,     1 }] is used by node 'node_1158' (FLASH_ATTN_EXT)
llama_graph_n_input_tensors: input tensor '                attn_inp_kq_mask' [f16, ne = {  1024,     1,     1,     1 }] is used by node 'node_1392' (FLASH_ATTN_EXT)
llama_graph_n_input_tensors: input tensor '                      inp_tokens' [i32, ne = {     1,     1,     1,     1 }] is used by node 'model.input_embed' (GET_ROWS)
llama_graph_n_input_tensors: input tensor '                 attn_inp_v_idxs' [i64, ne = {     1,     1,     1,     1 }] is used by node 'cache_v_l3 (view)' (SET_ROWS)
llama_graph_n_input_tensors: input tensor '                 attn_inp_v_idxs' [i64, ne = {     1,     1,     1,     1 }] is used by node 'cache_v_l7 (view)' (SET_ROWS)
llama_graph_n_input_tensors: input tensor '                 attn_inp_v_idxs' [i64, ne = {     1,     1,     1,     1 }] is used by node 'cache_v_l11 (view)' (SET_ROWS)
llama_graph_n_input_tensors: input tensor '                 attn_inp_v_idxs' [i64, ne = {     1,     1,     1,     1 }] is used by node 'cache_v_l15 (view)' (SET_ROWS)
llama_graph_n_input_tensors: input tensor '                 attn_inp_v_idxs' [i64, ne = {     1,     1,     1,     1 }] is used by node 'cache_v_l19 (view)' (SET_ROWS)
llama_graph_n_input_tensors: input tensor '                 attn_inp_v_idxs' [i64, ne = {     1,     1,     1,     1 }] is used by node 'cache_v_l23 (view)' (SET_ROWS)
llama_graph_n_input_tensors: input tensor '                         inp_pos' [i32, ne = {     4,     1,     1,     1 }] is used by node 'Qcur-3' (ROPE)
llama_graph_n_input_tensors: input tensor '                         inp_pos' [i32, ne = {     4,     1,     1,     1 }] is used by node 'Kcur-3' (ROPE)
llama_graph_n_input_tensors: input tensor '                         inp_pos' [i32, ne = {     4,     1,     1,     1 }] is used by node 'Qcur-7' (ROPE)
llama_graph_n_input_tensors: input tensor '                         inp_pos' [i32, ne = {     4,     1,     1,     1 }] is used by node 'Kcur-7' (ROPE)
llama_graph_n_input_tensors: input tensor '                         inp_pos' [i32, ne = {     4,     1,     1,     1 }] is used by node 'Qcur-11' (ROPE)
llama_graph_n_input_tensors: input tensor '                         inp_pos' [i32, ne = {     4,     1,     1,     1 }] is used by node 'Kcur-11' (ROPE)
llama_graph_n_input_tensors: input tensor '                         inp_pos' [i32, ne = {     4,     1,     1,     1 }] is used by node 'Qcur-15' (ROPE)
llama_graph_n_input_tensors: input tensor '                         inp_pos' [i32, ne = {     4,     1,     1,     1 }] is used by node 'Kcur-15' (ROPE)
llama_graph_n_input_tensors: input tensor '                         inp_pos' [i32, ne = {     4,     1,     1,     1 }] is used by node 'Qcur-19' (ROPE)
llama_graph_n_input_tensors: input tensor '                         inp_pos' [i32, ne = {     4,     1,     1,     1 }] is used by node 'Kcur-19' (ROPE)
llama_graph_n_input_tensors: input tensor '                         inp_pos' [i32, ne = {     4,     1,     1,     1 }] is used by node 'Qcur-23' (ROPE)
llama_graph_n_input_tensors: input tensor '                         inp_pos' [i32, ne = {     4,     1,     1,     1 }] is used by node 'Kcur-23' (ROPE)
llama_graph_n_input_tensors: input tensor '                 attn_inp_k_idxs' [i64, ne = {     1,     1,     1,     1 }] is used by node 'cache_k_l3 (view)' (SET_ROWS)
llama_graph_n_input_tensors: input tensor '                 attn_inp_k_idxs' [i64, ne = {     1,     1,     1,     1 }] is used by node 'cache_k_l7 (view)' (SET_ROWS)
llama_graph_n_input_tensors: input tensor '                 attn_inp_k_idxs' [i64, ne = {     1,     1,     1,     1 }] is used by node 'cache_k_l11 (view)' (SET_ROWS)
llama_graph_n_input_tensors: input tensor '                 attn_inp_k_idxs' [i64, ne = {     1,     1,     1,     1 }] is used by node 'cache_k_l15 (view)' (SET_ROWS)
llama_graph_n_input_tensors: input tensor '                 attn_inp_k_idxs' [i64, ne = {     1,     1,     1,     1 }] is used by node 'cache_k_l19 (view)' (SET_ROWS)
llama_graph_n_input_tensors: input tensor '                 attn_inp_k_idxs' [i64, ne = {     1,     1,     1,     1 }] is used by node 'cache_k_l23 (view)' (SET_ROWS)
llama_graph_n_input_tensors: input tensor '                         out_ids' [i32, ne = {     1,     1,     1,     1 }] is used by node 'result_norm' (GET_ROWS)
llama_graph_n_input_tensors: input tensor '                       rs_s_copy' [i32, ne = {     1,     1,     1,     1 }] is used by node 'rs_s_copy (view)' (VIEW)
llama_graph_n_input_tensors: input tensor '                       rs_s_copy' [i32, ne = {     1,     1,     1,     1 }] is used by node 'rs_s_copy (view)' (VIEW)
resolve_fused_ops: fused DeepSeek V4 HC post enabled
graph_reserve: reserving a graph for ubatch with n_tokens =  512, n_seqs =  1, n_outputs =  512
llama_graph_n_input_tensors: input tensor '                attn_inp_kq_mask' [f16, ne = {  1024,   512,     1,     1 }] is used by node 'node_222' (FLASH_ATTN_EXT)
llama_graph_n_input_tensors: input tensor '                attn_inp_kq_mask' [f16, ne = {  1024,   512,     1,     1 }] is used by node 'node_456' (FLASH_ATTN_EXT)
llama_graph_n_input_tensors: input tensor '                attn_inp_kq_mask' [f16, ne = {  1024,   512,     1,     1 }] is used by node 'node_690' (FLASH_ATTN_EXT)
llama_graph_n_input_tensors: input tensor '                attn_inp_kq_mask' [f16, ne = {  1024,   512,     1,     1 }] is used by node 'node_924' (FLASH_ATTN_EXT)
llama_graph_n_input_tensors: input tensor '                attn_inp_kq_mask' [f16, ne = {  1024,   512,     1,     1 }] is used by node 'node_1158' (FLASH_ATTN_EXT)
llama_graph_n_input_tensors: input tensor '                attn_inp_kq_mask' [f16, ne = {  1024,   512,     1,     1 }] is used by node 'node_1392' (FLASH_ATTN_EXT)
llama_graph_n_input_tensors: input tensor '                      inp_tokens' [i32, ne = {   512,     1,     1,     1 }] is used by node 'model.input_embed' (GET_ROWS)
llama_graph_n_input_tensors: input tensor '                 attn_inp_v_idxs' [i64, ne = {   512,     1,     1,     1 }] is used by node 'cache_v_l3 (view)' (SET_ROWS)
llama_graph_n_input_tensors: input tensor '                 attn_inp_v_idxs' [i64, ne = {   512,     1,     1,     1 }] is used by node 'cache_v_l7 (view)' (SET_ROWS)
llama_graph_n_input_tensors: input tensor '                 attn_inp_v_idxs' [i64, ne = {   512,     1,     1,     1 }] is used by node 'cache_v_l11 (view)' (SET_ROWS)
llama_graph_n_input_tensors: input tensor '                 attn_inp_v_idxs' [i64, ne = {   512,     1,     1,     1 }] is used by node 'cache_v_l15 (view)' (SET_ROWS)
llama_graph_n_input_tensors: input tensor '                 attn_inp_v_idxs' [i64, ne = {   512,     1,     1,     1 }] is used by node 'cache_v_l19 (view)' (SET_ROWS)
llama_graph_n_input_tensors: input tensor '                 attn_inp_v_idxs' [i64, ne = {   512,     1,     1,     1 }] is used by node 'cache_v_l23 (view)' (SET_ROWS)
llama_graph_n_input_tensors: input tensor '                         inp_pos' [i32, ne = {  2048,     1,     1,     1 }] is used by node 'Qcur-3' (ROPE)
llama_graph_n_input_tensors: input tensor '                         inp_pos' [i32, ne = {  2048,     1,     1,     1 }] is used by node 'Kcur-3' (ROPE)
llama_graph_n_input_tensors: input tensor '                         inp_pos' [i32, ne = {  2048,     1,     1,     1 }] is used by node 'Qcur-7' (ROPE)
llama_graph_n_input_tensors: input tensor '                         inp_pos' [i32, ne = {  2048,     1,     1,     1 }] is used by node 'Kcur-7' (ROPE)
llama_graph_n_input_tensors: input tensor '                         inp_pos' [i32, ne = {  2048,     1,     1,     1 }] is used by node 'Qcur-11' (ROPE)
llama_graph_n_input_tensors: input tensor '                         inp_pos' [i32, ne = {  2048,     1,     1,     1 }] is used by node 'Kcur-11' (ROPE)
llama_graph_n_input_tensors: input tensor '                         inp_pos' [i32, ne = {  2048,     1,     1,     1 }] is used by node 'Qcur-15' (ROPE)
llama_graph_n_input_tensors: input tensor '                         inp_pos' [i32, ne = {  2048,     1,     1,     1 }] is used by node 'Kcur-15' (ROPE)
llama_graph_n_input_tensors: input tensor '                         inp_pos' [i32, ne = {  2048,     1,     1,     1 }] is used by node 'Qcur-19' (ROPE)
llama_graph_n_input_tensors: input tensor '                         inp_pos' [i32, ne = {  2048,     1,     1,     1 }] is used by node 'Kcur-19' (ROPE)
llama_graph_n_input_tensors: input tensor '                         inp_pos' [i32, ne = {  2048,     1,     1,     1 }] is used by node 'Qcur-23' (ROPE)
llama_graph_n_input_tensors: input tensor '                         inp_pos' [i32, ne = {  2048,     1,     1,     1 }] is used by node 'Kcur-23' (ROPE)
llama_graph_n_input_tensors: input tensor '                 attn_inp_k_idxs' [i64, ne = {   512,     1,     1,     1 }] is used by node 'cache_k_l3 (view)' (SET_ROWS)
llama_graph_n_input_tensors: input tensor '                 attn_inp_k_idxs' [i64, ne = {   512,     1,     1,     1 }] is used by node 'cache_k_l7 (view)' (SET_ROWS)
llama_graph_n_input_tensors: input tensor '                 attn_inp_k_idxs' [i64, ne = {   512,     1,     1,     1 }] is used by node 'cache_k_l11 (view)' (SET_ROWS)
llama_graph_n_input_tensors: input tensor '                 attn_inp_k_idxs' [i64, ne = {   512,     1,     1,     1 }] is used by node 'cache_k_l15 (view)' (SET_ROWS)
llama_graph_n_input_tensors: input tensor '                 attn_inp_k_idxs' [i64, ne = {   512,     1,     1,     1 }] is used by node 'cache_k_l19 (view)' (SET_ROWS)
llama_graph_n_input_tensors: input tensor '                 attn_inp_k_idxs' [i64, ne = {   512,     1,     1,     1 }] is used by node 'cache_k_l23 (view)' (SET_ROWS)
llama_graph_n_input_tensors: input tensor '                         out_ids' [i32, ne = {   512,     1,     1,     1 }] is used by node 'result_norm' (GET_ROWS)
llama_graph_n_input_tensors: input tensor '                       rs_s_copy' [i32, ne = {     1,     1,     1,     1 }] is used by node 'rs_s_copy (view)' (VIEW)
llama_graph_n_input_tensors: input tensor '                       rs_s_copy' [i32, ne = {     1,     1,     1,     1 }] is used by node 'rs_s_copy (view)' (VIEW)
graph_reserve: reserving a graph for ubatch with n_tokens =    1, n_seqs =  1, n_outputs =    1
llama_graph_n_input_tensors: input tensor '                attn_inp_kq_mask' [f16, ne = {  1024,     1,     1,     1 }] is used by node 'node_222' (FLASH_ATTN_EXT)
llama_graph_n_input_tensors: input tensor '                attn_inp_kq_mask' [f16, ne = {  1024,     1,     1,     1 }] is used by node 'node_456' (FLASH_ATTN_EXT)
llama_graph_n_input_tensors: input tensor '                attn_inp_kq_mask' [f16, ne = {  1024,     1,     1,     1 }] is used by node 'node_690' (FLASH_ATTN_EXT)
llama_graph_n_input_tensors: input tensor '                attn_inp_kq_mask' [f16, ne = {  1024,     1,     1,     1 }] is used by node 'node_924' (FLASH_ATTN_EXT)
llama_graph_n_input_tensors: input tensor '                attn_inp_kq_mask' [f16, ne = {  1024,     1,     1,     1 }] is used by node 'node_1158' (FLASH_ATTN_EXT)
llama_graph_n_input_tensors: input tensor '                attn_inp_kq_mask' [f16, ne = {  1024,     1,     1,     1 }] is used by node 'node_1392' (FLASH_ATTN_EXT)
llama_graph_n_input_tensors: input tensor '                      inp_tokens' [i32, ne = {     1,     1,     1,     1 }] is used by node 'model.input_embed' (GET_ROWS)
llama_graph_n_input_tensors: input tensor '                 attn_inp_v_idxs' [i64, ne = {     1,     1,     1,     1 }] is used by node 'cache_v_l3 (view)' (SET_ROWS)
llama_graph_n_input_tensors: input tensor '                 attn_inp_v_idxs' [i64, ne = {     1,     1,     1,     1 }] is used by node 'cache_v_l7 (view)' (SET_ROWS)
llama_graph_n_input_tensors: input tensor '                 attn_inp_v_idxs' [i64, ne = {     1,     1,     1,     1 }] is used by node 'cache_v_l11 (view)' (SET_ROWS)
llama_graph_n_input_tensors: input tensor '                 attn_inp_v_idxs' [i64, ne = {     1,     1,     1,     1 }] is used by node 'cache_v_l15 (view)' (SET_ROWS)
llama_graph_n_input_tensors: input tensor '                 attn_inp_v_idxs' [i64, ne = {     1,     1,     1,     1 }] is used by node 'cache_v_l19 (view)' (SET_ROWS)
llama_graph_n_input_tensors: input tensor '                 attn_inp_v_idxs' [i64, ne = {     1,     1,     1,     1 }] is used by node 'cache_v_l23 (view)' (SET_ROWS)
llama_graph_n_input_tensors: input tensor '                         inp_pos' [i32, ne = {     4,     1,     1,     1 }] is used by node 'Qcur-3' (ROPE)
llama_graph_n_input_tensors: input tensor '                         inp_pos' [i32, ne = {     4,     1,     1,     1 }] is used by node 'Kcur-3' (ROPE)
llama_graph_n_input_tensors: input tensor '                         inp_pos' [i32, ne = {     4,     1,     1,     1 }] is used by node 'Qcur-7' (ROPE)
llama_graph_n_input_tensors: input tensor '                         inp_pos' [i32, ne = {     4,     1,     1,     1 }] is used by node 'Kcur-7' (ROPE)
llama_graph_n_input_tensors: input tensor '                         inp_pos' [i32, ne = {     4,     1,     1,     1 }] is used by node 'Qcur-11' (ROPE)
llama_graph_n_input_tensors: input tensor '                         inp_pos' [i32, ne = {     4,     1,     1,     1 }] is used by node 'Kcur-11' (ROPE)
llama_graph_n_input_tensors: input tensor '                         inp_pos' [i32, ne = {     4,     1,     1,     1 }] is used by node 'Qcur-15' (ROPE)
llama_graph_n_input_tensors: input tensor '                         inp_pos' [i32, ne = {     4,     1,     1,     1 }] is used by node 'Kcur-15' (ROPE)
llama_graph_n_input_tensors: input tensor '                         inp_pos' [i32, ne = {     4,     1,     1,     1 }] is used by node 'Qcur-19' (ROPE)
llama_graph_n_input_tensors: input tensor '                         inp_pos' [i32, ne = {     4,     1,     1,     1 }] is used by node 'Kcur-19' (ROPE)
llama_graph_n_input_tensors: input tensor '                         inp_pos' [i32, ne = {     4,     1,     1,     1 }] is used by node 'Qcur-23' (ROPE)
llama_graph_n_input_tensors: input tensor '                         inp_pos' [i32, ne = {     4,     1,     1,     1 }] is used by node 'Kcur-23' (ROPE)
llama_graph_n_input_tensors: input tensor '                 attn_inp_k_idxs' [i64, ne = {     1,     1,     1,     1 }] is used by node 'cache_k_l3 (view)' (SET_ROWS)
llama_graph_n_input_tensors: input tensor '                 attn_inp_k_idxs' [i64, ne = {     1,     1,     1,     1 }] is used by node 'cache_k_l7 (view)' (SET_ROWS)
llama_graph_n_input_tensors: input tensor '                 attn_inp_k_idxs' [i64, ne = {     1,     1,     1,     1 }] is used by node 'cache_k_l11 (view)' (SET_ROWS)
llama_graph_n_input_tensors: input tensor '                 attn_inp_k_idxs' [i64, ne = {     1,     1,     1,     1 }] is used by node 'cache_k_l15 (view)' (SET_ROWS)
llama_graph_n_input_tensors: input tensor '                 attn_inp_k_idxs' [i64, ne = {     1,     1,     1,     1 }] is used by node 'cache_k_l19 (view)' (SET_ROWS)
llama_graph_n_input_tensors: input tensor '                 attn_inp_k_idxs' [i64, ne = {     1,     1,     1,     1 }] is used by node 'cache_k_l23 (view)' (SET_ROWS)
llama_graph_n_input_tensors: input tensor '                         out_ids' [i32, ne = {     1,     1,     1,     1 }] is used by node 'result_norm' (GET_ROWS)
llama_graph_n_input_tensors: input tensor '                       rs_s_copy' [i32, ne = {     1,     1,     1,     1 }] is used by node 'rs_s_copy (view)' (VIEW)
llama_graph_n_input_tensors: input tensor '                       rs_s_copy' [i32, ne = {     1,     1,     1,     1 }] is used by node 'rs_s_copy (view)' (VIEW)
graph_reserve: reserving a graph for ubatch with n_tokens =  512, n_seqs =  1, n_outputs =  512
llama_graph_n_input_tensors: input tensor '                attn_inp_kq_mask' [f16, ne = {  1024,   512,     1,     1 }] is used by node 'node_222' (FLASH_ATTN_EXT)
llama_graph_n_input_tensors: input tensor '                attn_inp_kq_mask' [f16, ne = {  1024,   512,     1,     1 }] is used by node 'node_456' (FLASH_ATTN_EXT)
llama_graph_n_input_tensors: input tensor '                attn_inp_kq_mask' [f16, ne = {  1024,   512,     1,     1 }] is used by node 'node_690' (FLASH_ATTN_EXT)
llama_graph_n_input_tensors: input tensor '                attn_inp_kq_mask' [f16, ne = {  1024,   512,     1,     1 }] is used by node 'node_924' (FLASH_ATTN_EXT)
llama_graph_n_input_tensors: input tensor '                attn_inp_kq_mask' [f16, ne = {  1024,   512,     1,     1 }] is used by node 'node_1158' (FLASH_ATTN_EXT)
llama_graph_n_input_tensors: input tensor '                attn_inp_kq_mask' [f16, ne = {  1024,   512,     1,     1 }] is used by node 'node_1392' (FLASH_ATTN_EXT)
llama_graph_n_input_tensors: input tensor '                      inp_tokens' [i32, ne = {   512,     1,     1,     1 }] is used by node 'model.input_embed' (GET_ROWS)
llama_graph_n_input_tensors: input tensor '                 attn_inp_v_idxs' [i64, ne = {   512,     1,     1,     1 }] is used by node 'cache_v_l3 (view)' (SET_ROWS)
llama_graph_n_input_tensors: input tensor '                 attn_inp_v_idxs' [i64, ne = {   512,     1,     1,     1 }] is used by node 'cache_v_l7 (view)' (SET_ROWS)
llama_graph_n_input_tensors: input tensor '                 attn_inp_v_idxs' [i64, ne = {   512,     1,     1,     1 }] is used by node 'cache_v_l11 (view)' (SET_ROWS)
llama_graph_n_input_tensors: input tensor '                 attn_inp_v_idxs' [i64, ne = {   512,     1,     1,     1 }] is used by node 'cache_v_l15 (view)' (SET_ROWS)
llama_graph_n_input_tensors: input tensor '                 attn_inp_v_idxs' [i64, ne = {   512,     1,     1,     1 }] is used by node 'cache_v_l19 (view)' (SET_ROWS)
llama_graph_n_input_tensors: input tensor '                 attn_inp_v_idxs' [i64, ne = {   512,     1,     1,     1 }] is used by node 'cache_v_l23 (view)' (SET_ROWS)
llama_graph_n_input_tensors: input tensor '                         inp_pos' [i32, ne = {  2048,     1,     1,     1 }] is used by node 'Qcur-3' (ROPE)
llama_graph_n_input_tensors: input tensor '                         inp_pos' [i32, ne = {  2048,     1,     1,     1 }] is used by node 'Kcur-3' (ROPE)
llama_graph_n_input_tensors: input tensor '                         inp_pos' [i32, ne = {  2048,     1,     1,     1 }] is used by node 'Qcur-7' (ROPE)
llama_graph_n_input_tensors: input tensor '                         inp_pos' [i32, ne = {  2048,     1,     1,     1 }] is used by node 'Kcur-7' (ROPE)
llama_graph_n_input_tensors: input tensor '                         inp_pos' [i32, ne = {  2048,     1,     1,     1 }] is used by node 'Qcur-11' (ROPE)
llama_graph_n_input_tensors: input tensor '                         inp_pos' [i32, ne = {  2048,     1,     1,     1 }] is used by node 'Kcur-11' (ROPE)
llama_graph_n_input_tensors: input tensor '                         inp_pos' [i32, ne = {  2048,     1,     1,     1 }] is used by node 'Qcur-15' (ROPE)
llama_graph_n_input_tensors: input tensor '                         inp_pos' [i32, ne = {  2048,     1,     1,     1 }] is used by node 'Kcur-15' (ROPE)
llama_graph_n_input_tensors: input tensor '                         inp_pos' [i32, ne = {  2048,     1,     1,     1 }] is used by node 'Qcur-19' (ROPE)
llama_graph_n_input_tensors: input tensor '                         inp_pos' [i32, ne = {  2048,     1,     1,     1 }] is used by node 'Kcur-19' (ROPE)
llama_graph_n_input_tensors: input tensor '                         inp_pos' [i32, ne = {  2048,     1,     1,     1 }] is used by node 'Qcur-23' (ROPE)
llama_graph_n_input_tensors: input tensor '                         inp_pos' [i32, ne = {  2048,     1,     1,     1 }] is used by node 'Kcur-23' (ROPE)
llama_graph_n_input_tensors: input tensor '                 attn_inp_k_idxs' [i64, ne = {   512,     1,     1,     1 }] is used by node 'cache_k_l3 (view)' (SET_ROWS)
llama_graph_n_input_tensors: input tensor '                 attn_inp_k_idxs' [i64, ne = {   512,     1,     1,     1 }] is used by node 'cache_k_l7 (view)' (SET_ROWS)
llama_graph_n_input_tensors: input tensor '                 attn_inp_k_idxs' [i64, ne = {   512,     1,     1,     1 }] is used by node 'cache_k_l11 (view)' (SET_ROWS)
llama_graph_n_input_tensors: input tensor '                 attn_inp_k_idxs' [i64, ne = {   512,     1,     1,     1 }] is used by node 'cache_k_l15 (view)' (SET_ROWS)
llama_graph_n_input_tensors: input tensor '                 attn_inp_k_idxs' [i64, ne = {   512,     1,     1,     1 }] is used by node 'cache_k_l19 (view)' (SET_ROWS)
llama_graph_n_input_tensors: input tensor '                 attn_inp_k_idxs' [i64, ne = {   512,     1,     1,     1 }] is used by node 'cache_k_l23 (view)' (SET_ROWS)
llama_graph_n_input_tensors: input tensor '                         out_ids' [i32, ne = {   512,     1,     1,     1 }] is used by node 'result_norm' (GET_ROWS)
llama_graph_n_input_tensors: input tensor '                       rs_s_copy' [i32, ne = {     1,     1,     1,     1 }] is used by node 'rs_s_copy (view)' (VIEW)
llama_graph_n_input_tensors: input tensor '                       rs_s_copy' [i32, ne = {     1,     1,     1,     1 }] is used by node 'rs_s_copy (view)' (VIEW)
sched_reserve:       MTL0 compute buffer size =   494.02 MiB
sched_reserve:        CPU compute buffer size =     9.02 MiB
sched_reserve: graph: nodes = 1411, splits = 2, input objects = 4, input tensors = 7
sched_reserve: reserve took 15.84 ms, sched copies = 1
ggml_metal_library_compile_pipeline: compiling pipeline: base = 'kernel_ssm_conv_f32_f32_batched_4', name = 'kernel_ssm_conv_f32_f32_batched_4_ssm_conv_bs=256_nc=4_silu=1'
ggml_metal_library_compile_pipeline: loaded kernel_ssm_conv_f32_f32_batched_4_ssm_conv_bs=256_nc=4_silu=1      0xa689a5880 | th_max = 1024 | th_width =   32
~llama_context:       MTL0 compute buffer size is 494.0176 MiB, matches expectation of 494.0176 MiB
~llama_context:        CPU compute buffer size is   9.0196 MiB, matches expectation of   9.0196 MiB
~llama_context:        CPU compute buffer size is   0.0000 MiB, matches expectation of   0.0000 MiB
ggml_metal_free: deallocating
llama_context: constructing llama_context
llama_context: n_seq_max             = 1
llama_context: n_ctx                 = 2560
llama_context: n_ctx_seq             = 2560
llama_context: n_batch               = 2048
llama_context: n_ubatch              = 512
llama_context: causal_attn           = 1
llama_context: flash_attn            = enabled
llama_context: kv_unified            = false
llama_context: freq_base             = 10000000.0
llama_context: freq_scale            = 1
llama_context: n_rs_seq              = 0
llama_context: n_outputs_max         = 2048
llama_context: n_outputs_max_per_seq = 1
llama_context: n_ctx_seq (2560) < n_ctx_train (262144) -- the full capacity of the model will not be utilized
ggml_metal_init: allocating
ggml_metal_init: found device: Apple M5 Pro
ggml_metal_init: picking default device: Apple M5 Pro
ggml_metal_init: use fusion         = true
ggml_metal_init: use concurrency    = true
ggml_metal_init: use graph optimize = true
set_abort_callback: call
llama_context:        CPU  output buffer size =     0.95 MiB
llama_kv_cache: layer   0: filtered
llama_kv_cache: layer   1: filtered
llama_kv_cache: layer   2: filtered
llama_kv_cache: layer   3: dev = MTL0
llama_kv_cache: layer   4: filtered
llama_kv_cache: layer   5: filtered
llama_kv_cache: layer   6: filtered
llama_kv_cache: layer   7: dev = MTL0
llama_kv_cache: layer   8: filtered
llama_kv_cache: layer   9: filtered
llama_kv_cache: layer  10: filtered
llama_kv_cache: layer  11: dev = MTL0
llama_kv_cache: layer  12: filtered
llama_kv_cache: layer  13: filtered
llama_kv_cache: layer  14: filtered
llama_kv_cache: layer  15: dev = MTL0
llama_kv_cache: layer  16: filtered
llama_kv_cache: layer  17: filtered
llama_kv_cache: layer  18: filtered
llama_kv_cache: layer  19: dev = MTL0
llama_kv_cache: layer  20: filtered
llama_kv_cache: layer  21: filtered
llama_kv_cache: layer  22: filtered
llama_kv_cache: layer  23: dev = MTL0
llama_kv_cache:       MTL0 KV buffer size =    30.00 MiB
llama_kv_cache: size =   30.00 MiB (  2560 cells,   6 layers,  1/1 seqs), K (f16):   15.00 MiB, V (f16):   15.00 MiB
llama_kv_cache: attn_rot_k = 0, n_embd_head_k_all = 256
llama_kv_cache: attn_rot_v = 0, n_embd_head_k_all = 256
llama_memory_recurrent, layer   0: dev = MTL0
llama_memory_recurrent, layer   1: dev = MTL0
llama_memory_recurrent, layer   2: dev = MTL0
llama_memory_recurrent: layer   3: skipped
llama_memory_recurrent, layer   4: dev = MTL0
llama_memory_recurrent, layer   5: dev = MTL0
llama_memory_recurrent, layer   6: dev = MTL0
llama_memory_recurrent: layer   7: skipped
llama_memory_recurrent, layer   8: dev = MTL0
llama_memory_recurrent, layer   9: dev = MTL0
llama_memory_recurrent, layer  10: dev = MTL0
llama_memory_recurrent: layer  11: skipped
llama_memory_recurrent, layer  12: dev = MTL0
llama_memory_recurrent, layer  13: dev = MTL0
llama_memory_recurrent, layer  14: dev = MTL0
llama_memory_recurrent: layer  15: skipped
llama_memory_recurrent, layer  16: dev = MTL0
llama_memory_recurrent, layer  17: dev = MTL0
llama_memory_recurrent, layer  18: dev = MTL0
llama_memory_recurrent: layer  19: skipped
llama_memory_recurrent, layer  20: dev = MTL0
llama_memory_recurrent, layer  21: dev = MTL0
llama_memory_recurrent, layer  22: dev = MTL0
llama_memory_recurrent: layer  23: skipped
llama_memory_recurrent:       MTL0 RS buffer size =    19.27 MiB
llama_memory_recurrent: size =   19.27 MiB (     1 cells,  24 layers,  1 seqs  0 rs_seq), R (f32):    1.27 MiB, S (f32):   18.00 MiB, P (f32):    0.00 MiB
llama_context: enumerating backends
llama_context: backend_ptrs.size() = 3
sched_reserve: reserving ...
sched_reserve: max_nodes = 20480
sched_reserve: reserving full memory module
sched_reserve: worst-case: n_tokens = 512, n_seqs = 1, n_outputs = 1
resolve_fused_ops: resolving fused DeepSeek V4 HC support:
graph_reserve: reserving a graph for ubatch with n_tokens =    1, n_seqs =  1, n_outputs =    1
llama_graph_n_input_tensors: input tensor '                         out_ids' [i32, ne = {     1,     1,     1,     1 }] is used by node 'result_norm' (GET_ROWS)
llama_graph_n_input_tensors: input tensor '                attn_inp_kq_mask' [f16, ne = {  2560,     1,     1,     1 }] is used by node 'node_222' (FLASH_ATTN_EXT)
llama_graph_n_input_tensors: input tensor '                attn_inp_kq_mask' [f16, ne = {  2560,     1,     1,     1 }] is used by node 'node_456' (FLASH_ATTN_EXT)
llama_graph_n_input_tensors: input tensor '                attn_inp_kq_mask' [f16, ne = {  2560,     1,     1,     1 }] is used by node 'node_690' (FLASH_ATTN_EXT)
llama_graph_n_input_tensors: input tensor '                attn_inp_kq_mask' [f16, ne = {  2560,     1,     1,     1 }] is used by node 'node_924' (FLASH_ATTN_EXT)
llama_graph_n_input_tensors: input tensor '                attn_inp_kq_mask' [f16, ne = {  2560,     1,     1,     1 }] is used by node 'node_1158' (FLASH_ATTN_EXT)
llama_graph_n_input_tensors: input tensor '                attn_inp_kq_mask' [f16, ne = {  2560,     1,     1,     1 }] is used by node 'node_1392' (FLASH_ATTN_EXT)
llama_graph_n_input_tensors: input tensor '                      inp_tokens' [i32, ne = {     1,     1,     1,     1 }] is used by node 'model.input_embed' (GET_ROWS)
llama_graph_n_input_tensors: input tensor '                 attn_inp_k_idxs' [i64, ne = {     1,     1,     1,     1 }] is used by node 'cache_k_l3 (view)' (SET_ROWS)
llama_graph_n_input_tensors: input tensor '                 attn_inp_k_idxs' [i64, ne = {     1,     1,     1,     1 }] is used by node 'cache_k_l7 (view)' (SET_ROWS)
llama_graph_n_input_tensors: input tensor '                 attn_inp_k_idxs' [i64, ne = {     1,     1,     1,     1 }] is used by node 'cache_k_l11 (view)' (SET_ROWS)
llama_graph_n_input_tensors: input tensor '                 attn_inp_k_idxs' [i64, ne = {     1,     1,     1,     1 }] is used by node 'cache_k_l15 (view)' (SET_ROWS)
llama_graph_n_input_tensors: input tensor '                 attn_inp_k_idxs' [i64, ne = {     1,     1,     1,     1 }] is used by node 'cache_k_l19 (view)' (SET_ROWS)
llama_graph_n_input_tensors: input tensor '                 attn_inp_k_idxs' [i64, ne = {     1,     1,     1,     1 }] is used by node 'cache_k_l23 (view)' (SET_ROWS)
llama_graph_n_input_tensors: input tensor '                         inp_pos' [i32, ne = {     4,     1,     1,     1 }] is used by node 'Qcur-3' (ROPE)
llama_graph_n_input_tensors: input tensor '                         inp_pos' [i32, ne = {     4,     1,     1,     1 }] is used by node 'Kcur-3' (ROPE)
llama_graph_n_input_tensors: input tensor '                         inp_pos' [i32, ne = {     4,     1,     1,     1 }] is used by node 'Qcur-7' (ROPE)
llama_graph_n_input_tensors: input tensor '                         inp_pos' [i32, ne = {     4,     1,     1,     1 }] is used by node 'Kcur-7' (ROPE)
llama_graph_n_input_tensors: input tensor '                         inp_pos' [i32, ne = {     4,     1,     1,     1 }] is used by node 'Qcur-11' (ROPE)
llama_graph_n_input_tensors: input tensor '                         inp_pos' [i32, ne = {     4,     1,     1,     1 }] is used by node 'Kcur-11' (ROPE)
llama_graph_n_input_tensors: input tensor '                         inp_pos' [i32, ne = {     4,     1,     1,     1 }] is used by node 'Qcur-15' (ROPE)
llama_graph_n_input_tensors: input tensor '                         inp_pos' [i32, ne = {     4,     1,     1,     1 }] is used by node 'Kcur-15' (ROPE)
llama_graph_n_input_tensors: input tensor '                         inp_pos' [i32, ne = {     4,     1,     1,     1 }] is used by node 'Qcur-19' (ROPE)
llama_graph_n_input_tensors: input tensor '                         inp_pos' [i32, ne = {     4,     1,     1,     1 }] is used by node 'Kcur-19' (ROPE)
llama_graph_n_input_tensors: input tensor '                         inp_pos' [i32, ne = {     4,     1,     1,     1 }] is used by node 'Qcur-23' (ROPE)
llama_graph_n_input_tensors: input tensor '                         inp_pos' [i32, ne = {     4,     1,     1,     1 }] is used by node 'Kcur-23' (ROPE)
llama_graph_n_input_tensors: input tensor '                 attn_inp_v_idxs' [i64, ne = {     1,     1,     1,     1 }] is used by node 'cache_v_l3 (view)' (SET_ROWS)
llama_graph_n_input_tensors: input tensor '                 attn_inp_v_idxs' [i64, ne = {     1,     1,     1,     1 }] is used by node 'cache_v_l7 (view)' (SET_ROWS)
llama_graph_n_input_tensors: input tensor '                 attn_inp_v_idxs' [i64, ne = {     1,     1,     1,     1 }] is used by node 'cache_v_l11 (view)' (SET_ROWS)
llama_graph_n_input_tensors: input tensor '                 attn_inp_v_idxs' [i64, ne = {     1,     1,     1,     1 }] is used by node 'cache_v_l15 (view)' (SET_ROWS)
llama_graph_n_input_tensors: input tensor '                 attn_inp_v_idxs' [i64, ne = {     1,     1,     1,     1 }] is used by node 'cache_v_l19 (view)' (SET_ROWS)
llama_graph_n_input_tensors: input tensor '                 attn_inp_v_idxs' [i64, ne = {     1,     1,     1,     1 }] is used by node 'cache_v_l23 (view)' (SET_ROWS)
llama_graph_n_input_tensors: input tensor '                       rs_s_copy' [i32, ne = {     1,     1,     1,     1 }] is used by node 'rs_s_copy (view)' (VIEW)
llama_graph_n_input_tensors: input tensor '                       rs_s_copy' [i32, ne = {     1,     1,     1,     1 }] is used by node 'rs_s_copy (view)' (VIEW)
resolve_fused_ops: fused DeepSeek V4 HC pre enabled
graph_reserve: reserving a graph for ubatch with n_tokens =    1, n_seqs =  1, n_outputs =    1
llama_graph_n_input_tensors: input tensor '                         out_ids' [i32, ne = {     1,     1,     1,     1 }] is used by node 'result_norm' (GET_ROWS)
llama_graph_n_input_tensors: input tensor '                attn_inp_kq_mask' [f16, ne = {  2560,     1,     1,     1 }] is used by node 'node_222' (FLASH_ATTN_EXT)
llama_graph_n_input_tensors: input tensor '                attn_inp_kq_mask' [f16, ne = {  2560,     1,     1,     1 }] is used by node 'node_456' (FLASH_ATTN_EXT)
llama_graph_n_input_tensors: input tensor '                attn_inp_kq_mask' [f16, ne = {  2560,     1,     1,     1 }] is used by node 'node_690' (FLASH_ATTN_EXT)
llama_graph_n_input_tensors: input tensor '                attn_inp_kq_mask' [f16, ne = {  2560,     1,     1,     1 }] is used by node 'node_924' (FLASH_ATTN_EXT)
llama_graph_n_input_tensors: input tensor '                attn_inp_kq_mask' [f16, ne = {  2560,     1,     1,     1 }] is used by node 'node_1158' (FLASH_ATTN_EXT)
llama_graph_n_input_tensors: input tensor '                attn_inp_kq_mask' [f16, ne = {  2560,     1,     1,     1 }] is used by node 'node_1392' (FLASH_ATTN_EXT)
llama_graph_n_input_tensors: input tensor '                      inp_tokens' [i32, ne = {     1,     1,     1,     1 }] is used by node 'model.input_embed' (GET_ROWS)
llama_graph_n_input_tensors: input tensor '                 attn_inp_k_idxs' [i64, ne = {     1,     1,     1,     1 }] is used by node 'cache_k_l3 (view)' (SET_ROWS)
llama_graph_n_input_tensors: input tensor '                 attn_inp_k_idxs' [i64, ne = {     1,     1,     1,     1 }] is used by node 'cache_k_l7 (view)' (SET_ROWS)
llama_graph_n_input_tensors: input tensor '                 attn_inp_k_idxs' [i64, ne = {     1,     1,     1,     1 }] is used by node 'cache_k_l11 (view)' (SET_ROWS)
llama_graph_n_input_tensors: input tensor '                 attn_inp_k_idxs' [i64, ne = {     1,     1,     1,     1 }] is used by node 'cache_k_l15 (view)' (SET_ROWS)
llama_graph_n_input_tensors: input tensor '                 attn_inp_k_idxs' [i64, ne = {     1,     1,     1,     1 }] is used by node 'cache_k_l19 (view)' (SET_ROWS)
llama_graph_n_input_tensors: input tensor '                 attn_inp_k_idxs' [i64, ne = {     1,     1,     1,     1 }] is used by node 'cache_k_l23 (view)' (SET_ROWS)
llama_graph_n_input_tensors: input tensor '                         inp_pos' [i32, ne = {     4,     1,     1,     1 }] is used by node 'Qcur-3' (ROPE)
llama_graph_n_input_tensors: input tensor '                         inp_pos' [i32, ne = {     4,     1,     1,     1 }] is used by node 'Kcur-3' (ROPE)
llama_graph_n_input_tensors: input tensor '                         inp_pos' [i32, ne = {     4,     1,     1,     1 }] is used by node 'Qcur-7' (ROPE)
llama_graph_n_input_tensors: input tensor '                         inp_pos' [i32, ne = {     4,     1,     1,     1 }] is used by node 'Kcur-7' (ROPE)
llama_graph_n_input_tensors: input tensor '                         inp_pos' [i32, ne = {     4,     1,     1,     1 }] is used by node 'Qcur-11' (ROPE)
llama_graph_n_input_tensors: input tensor '                         inp_pos' [i32, ne = {     4,     1,     1,     1 }] is used by node 'Kcur-11' (ROPE)
llama_graph_n_input_tensors: input tensor '                         inp_pos' [i32, ne = {     4,     1,     1,     1 }] is used by node 'Qcur-15' (ROPE)
llama_graph_n_input_tensors: input tensor '                         inp_pos' [i32, ne = {     4,     1,     1,     1 }] is used by node 'Kcur-15' (ROPE)
llama_graph_n_input_tensors: input tensor '                         inp_pos' [i32, ne = {     4,     1,     1,     1 }] is used by node 'Qcur-19' (ROPE)
llama_graph_n_input_tensors: input tensor '                         inp_pos' [i32, ne = {     4,     1,     1,     1 }] is used by node 'Kcur-19' (ROPE)
llama_graph_n_input_tensors: input tensor '                         inp_pos' [i32, ne = {     4,     1,     1,     1 }] is used by node 'Qcur-23' (ROPE)
llama_graph_n_input_tensors: input tensor '                         inp_pos' [i32, ne = {     4,     1,     1,     1 }] is used by node 'Kcur-23' (ROPE)
llama_graph_n_input_tensors: input tensor '                 attn_inp_v_idxs' [i64, ne = {     1,     1,     1,     1 }] is used by node 'cache_v_l3 (view)' (SET_ROWS)
llama_graph_n_input_tensors: input tensor '                 attn_inp_v_idxs' [i64, ne = {     1,     1,     1,     1 }] is used by node 'cache_v_l7 (view)' (SET_ROWS)
llama_graph_n_input_tensors: input tensor '                 attn_inp_v_idxs' [i64, ne = {     1,     1,     1,     1 }] is used by node 'cache_v_l11 (view)' (SET_ROWS)
llama_graph_n_input_tensors: input tensor '                 attn_inp_v_idxs' [i64, ne = {     1,     1,     1,     1 }] is used by node 'cache_v_l15 (view)' (SET_ROWS)
llama_graph_n_input_tensors: input tensor '                 attn_inp_v_idxs' [i64, ne = {     1,     1,     1,     1 }] is used by node 'cache_v_l19 (view)' (SET_ROWS)
llama_graph_n_input_tensors: input tensor '                 attn_inp_v_idxs' [i64, ne = {     1,     1,     1,     1 }] is used by node 'cache_v_l23 (view)' (SET_ROWS)
llama_graph_n_input_tensors: input tensor '                       rs_s_copy' [i32, ne = {     1,     1,     1,     1 }] is used by node 'rs_s_copy (view)' (VIEW)
llama_graph_n_input_tensors: input tensor '                       rs_s_copy' [i32, ne = {     1,     1,     1,     1 }] is used by node 'rs_s_copy (view)' (VIEW)
resolve_fused_ops: fused DeepSeek V4 HC comb enabled
graph_reserve: reserving a graph for ubatch with n_tokens =    1, n_seqs =  1, n_outputs =    1
llama_graph_n_input_tensors: input tensor '                         out_ids' [i32, ne = {     1,     1,     1,     1 }] is used by node 'result_norm' (GET_ROWS)
llama_graph_n_input_tensors: input tensor '                attn_inp_kq_mask' [f16, ne = {  2560,     1,     1,     1 }] is used by node 'node_222' (FLASH_ATTN_EXT)
llama_graph_n_input_tensors: input tensor '                attn_inp_kq_mask' [f16, ne = {  2560,     1,     1,     1 }] is used by node 'node_456' (FLASH_ATTN_EXT)
llama_graph_n_input_tensors: input tensor '                attn_inp_kq_mask' [f16, ne = {  2560,     1,     1,     1 }] is used by node 'node_690' (FLASH_ATTN_EXT)
llama_graph_n_input_tensors: input tensor '                attn_inp_kq_mask' [f16, ne = {  2560,     1,     1,     1 }] is used by node 'node_924' (FLASH_ATTN_EXT)
llama_graph_n_input_tensors: input tensor '                attn_inp_kq_mask' [f16, ne = {  2560,     1,     1,     1 }] is used by node 'node_1158' (FLASH_ATTN_EXT)
llama_graph_n_input_tensors: input tensor '                attn_inp_kq_mask' [f16, ne = {  2560,     1,     1,     1 }] is used by node 'node_1392' (FLASH_ATTN_EXT)
llama_graph_n_input_tensors: input tensor '                      inp_tokens' [i32, ne = {     1,     1,     1,     1 }] is used by node 'model.input_embed' (GET_ROWS)
llama_graph_n_input_tensors: input tensor '                 attn_inp_k_idxs' [i64, ne = {     1,     1,     1,     1 }] is used by node 'cache_k_l3 (view)' (SET_ROWS)
llama_graph_n_input_tensors: input tensor '                 attn_inp_k_idxs' [i64, ne = {     1,     1,     1,     1 }] is used by node 'cache_k_l7 (view)' (SET_ROWS)
llama_graph_n_input_tensors: input tensor '                 attn_inp_k_idxs' [i64, ne = {     1,     1,     1,     1 }] is used by node 'cache_k_l11 (view)' (SET_ROWS)
llama_graph_n_input_tensors: input tensor '                 attn_inp_k_idxs' [i64, ne = {     1,     1,     1,     1 }] is used by node 'cache_k_l15 (view)' (SET_ROWS)
llama_graph_n_input_tensors: input tensor '                 attn_inp_k_idxs' [i64, ne = {     1,     1,     1,     1 }] is used by node 'cache_k_l19 (view)' (SET_ROWS)
llama_graph_n_input_tensors: input tensor '                 attn_inp_k_idxs' [i64, ne = {     1,     1,     1,     1 }] is used by node 'cache_k_l23 (view)' (SET_ROWS)
llama_graph_n_input_tensors: input tensor '                         inp_pos' [i32, ne = {     4,     1,     1,     1 }] is used by node 'Qcur-3' (ROPE)
llama_graph_n_input_tensors: input tensor '                         inp_pos' [i32, ne = {     4,     1,     1,     1 }] is used by node 'Kcur-3' (ROPE)
llama_graph_n_input_tensors: input tensor '                         inp_pos' [i32, ne = {     4,     1,     1,     1 }] is used by node 'Qcur-7' (ROPE)
llama_graph_n_input_tensors: input tensor '                         inp_pos' [i32, ne = {     4,     1,     1,     1 }] is used by node 'Kcur-7' (ROPE)
llama_graph_n_input_tensors: input tensor '                         inp_pos' [i32, ne = {     4,     1,     1,     1 }] is used by node 'Qcur-11' (ROPE)
llama_graph_n_input_tensors: input tensor '                         inp_pos' [i32, ne = {     4,     1,     1,     1 }] is used by node 'Kcur-11' (ROPE)
llama_graph_n_input_tensors: input tensor '                         inp_pos' [i32, ne = {     4,     1,     1,     1 }] is used by node 'Qcur-15' (ROPE)
llama_graph_n_input_tensors: input tensor '                         inp_pos' [i32, ne = {     4,     1,     1,     1 }] is used by node 'Kcur-15' (ROPE)
llama_graph_n_input_tensors: input tensor '                         inp_pos' [i32, ne = {     4,     1,     1,     1 }] is used by node 'Qcur-19' (ROPE)
llama_graph_n_input_tensors: input tensor '                         inp_pos' [i32, ne = {     4,     1,     1,     1 }] is used by node 'Kcur-19' (ROPE)
llama_graph_n_input_tensors: input tensor '                         inp_pos' [i32, ne = {     4,     1,     1,     1 }] is used by node 'Qcur-23' (ROPE)
llama_graph_n_input_tensors: input tensor '                         inp_pos' [i32, ne = {     4,     1,     1,     1 }] is used by node 'Kcur-23' (ROPE)
llama_graph_n_input_tensors: input tensor '                 attn_inp_v_idxs' [i64, ne = {     1,     1,     1,     1 }] is used by node 'cache_v_l3 (view)' (SET_ROWS)
llama_graph_n_input_tensors: input tensor '                 attn_inp_v_idxs' [i64, ne = {     1,     1,     1,     1 }] is used by node 'cache_v_l7 (view)' (SET_ROWS)
llama_graph_n_input_tensors: input tensor '                 attn_inp_v_idxs' [i64, ne = {     1,     1,     1,     1 }] is used by node 'cache_v_l11 (view)' (SET_ROWS)
llama_graph_n_input_tensors: input tensor '                 attn_inp_v_idxs' [i64, ne = {     1,     1,     1,     1 }] is used by node 'cache_v_l15 (view)' (SET_ROWS)
llama_graph_n_input_tensors: input tensor '                 attn_inp_v_idxs' [i64, ne = {     1,     1,     1,     1 }] is used by node 'cache_v_l19 (view)' (SET_ROWS)
llama_graph_n_input_tensors: input tensor '                 attn_inp_v_idxs' [i64, ne = {     1,     1,     1,     1 }] is used by node 'cache_v_l23 (view)' (SET_ROWS)
llama_graph_n_input_tensors: input tensor '                       rs_s_copy' [i32, ne = {     1,     1,     1,     1 }] is used by node 'rs_s_copy (view)' (VIEW)
llama_graph_n_input_tensors: input tensor '                       rs_s_copy' [i32, ne = {     1,     1,     1,     1 }] is used by node 'rs_s_copy (view)' (VIEW)
resolve_fused_ops: fused DeepSeek V4 HC post enabled
graph_reserve: reserving a graph for ubatch with n_tokens =  512, n_seqs =  1, n_outputs =  512
llama_graph_n_input_tensors: input tensor '                         out_ids' [i32, ne = {   512,     1,     1,     1 }] is used by node 'result_norm' (GET_ROWS)
llama_graph_n_input_tensors: input tensor '                attn_inp_kq_mask' [f16, ne = {  2560,   512,     1,     1 }] is used by node 'node_222' (FLASH_ATTN_EXT)
llama_graph_n_input_tensors: input tensor '                attn_inp_kq_mask' [f16, ne = {  2560,   512,     1,     1 }] is used by node 'node_456' (FLASH_ATTN_EXT)
llama_graph_n_input_tensors: input tensor '                attn_inp_kq_mask' [f16, ne = {  2560,   512,     1,     1 }] is used by node 'node_690' (FLASH_ATTN_EXT)
llama_graph_n_input_tensors: input tensor '                attn_inp_kq_mask' [f16, ne = {  2560,   512,     1,     1 }] is used by node 'node_924' (FLASH_ATTN_EXT)
llama_graph_n_input_tensors: input tensor '                attn_inp_kq_mask' [f16, ne = {  2560,   512,     1,     1 }] is used by node 'node_1158' (FLASH_ATTN_EXT)
llama_graph_n_input_tensors: input tensor '                attn_inp_kq_mask' [f16, ne = {  2560,   512,     1,     1 }] is used by node 'node_1392' (FLASH_ATTN_EXT)
llama_graph_n_input_tensors: input tensor '                      inp_tokens' [i32, ne = {   512,     1,     1,     1 }] is used by node 'model.input_embed' (GET_ROWS)
llama_graph_n_input_tensors: input tensor '                 attn_inp_k_idxs' [i64, ne = {   512,     1,     1,     1 }] is used by node 'cache_k_l3 (view)' (SET_ROWS)
llama_graph_n_input_tensors: input tensor '                 attn_inp_k_idxs' [i64, ne = {   512,     1,     1,     1 }] is used by node 'cache_k_l7 (view)' (SET_ROWS)
llama_graph_n_input_tensors: input tensor '                 attn_inp_k_idxs' [i64, ne = {   512,     1,     1,     1 }] is used by node 'cache_k_l11 (view)' (SET_ROWS)
llama_graph_n_input_tensors: input tensor '                 attn_inp_k_idxs' [i64, ne = {   512,     1,     1,     1 }] is used by node 'cache_k_l15 (view)' (SET_ROWS)
llama_graph_n_input_tensors: input tensor '                 attn_inp_k_idxs' [i64, ne = {   512,     1,     1,     1 }] is used by node 'cache_k_l19 (view)' (SET_ROWS)
llama_graph_n_input_tensors: input tensor '                 attn_inp_k_idxs' [i64, ne = {   512,     1,     1,     1 }] is used by node 'cache_k_l23 (view)' (SET_ROWS)
llama_graph_n_input_tensors: input tensor '                         inp_pos' [i32, ne = {  2048,     1,     1,     1 }] is used by node 'Qcur-3' (ROPE)
llama_graph_n_input_tensors: input tensor '                         inp_pos' [i32, ne = {  2048,     1,     1,     1 }] is used by node 'Kcur-3' (ROPE)
llama_graph_n_input_tensors: input tensor '                         inp_pos' [i32, ne = {  2048,     1,     1,     1 }] is used by node 'Qcur-7' (ROPE)
llama_graph_n_input_tensors: input tensor '                         inp_pos' [i32, ne = {  2048,     1,     1,     1 }] is used by node 'Kcur-7' (ROPE)
llama_graph_n_input_tensors: input tensor '                         inp_pos' [i32, ne = {  2048,     1,     1,     1 }] is used by node 'Qcur-11' (ROPE)
llama_graph_n_input_tensors: input tensor '                         inp_pos' [i32, ne = {  2048,     1,     1,     1 }] is used by node 'Kcur-11' (ROPE)
llama_graph_n_input_tensors: input tensor '                         inp_pos' [i32, ne = {  2048,     1,     1,     1 }] is used by node 'Qcur-15' (ROPE)
llama_graph_n_input_tensors: input tensor '                         inp_pos' [i32, ne = {  2048,     1,     1,     1 }] is used by node 'Kcur-15' (ROPE)
llama_graph_n_input_tensors: input tensor '                         inp_pos' [i32, ne = {  2048,     1,     1,     1 }] is used by node 'Qcur-19' (ROPE)
llama_graph_n_input_tensors: input tensor '                         inp_pos' [i32, ne = {  2048,     1,     1,     1 }] is used by node 'Kcur-19' (ROPE)
llama_graph_n_input_tensors: input tensor '                         inp_pos' [i32, ne = {  2048,     1,     1,     1 }] is used by node 'Qcur-23' (ROPE)
llama_graph_n_input_tensors: input tensor '                         inp_pos' [i32, ne = {  2048,     1,     1,     1 }] is used by node 'Kcur-23' (ROPE)
llama_graph_n_input_tensors: input tensor '                 attn_inp_v_idxs' [i64, ne = {   512,     1,     1,     1 }] is used by node 'cache_v_l3 (view)' (SET_ROWS)
llama_graph_n_input_tensors: input tensor '                 attn_inp_v_idxs' [i64, ne = {   512,     1,     1,     1 }] is used by node 'cache_v_l7 (view)' (SET_ROWS)
llama_graph_n_input_tensors: input tensor '                 attn_inp_v_idxs' [i64, ne = {   512,     1,     1,     1 }] is used by node 'cache_v_l11 (view)' (SET_ROWS)
llama_graph_n_input_tensors: input tensor '                 attn_inp_v_idxs' [i64, ne = {   512,     1,     1,     1 }] is used by node 'cache_v_l15 (view)' (SET_ROWS)
llama_graph_n_input_tensors: input tensor '                 attn_inp_v_idxs' [i64, ne = {   512,     1,     1,     1 }] is used by node 'cache_v_l19 (view)' (SET_ROWS)
llama_graph_n_input_tensors: input tensor '                 attn_inp_v_idxs' [i64, ne = {   512,     1,     1,     1 }] is used by node 'cache_v_l23 (view)' (SET_ROWS)
llama_graph_n_input_tensors: input tensor '                       rs_s_copy' [i32, ne = {     1,     1,     1,     1 }] is used by node 'rs_s_copy (view)' (VIEW)
llama_graph_n_input_tensors: input tensor '                       rs_s_copy' [i32, ne = {     1,     1,     1,     1 }] is used by node 'rs_s_copy (view)' (VIEW)
graph_reserve: reserving a graph for ubatch with n_tokens =    1, n_seqs =  1, n_outputs =    1
llama_graph_n_input_tensors: input tensor '                         out_ids' [i32, ne = {     1,     1,     1,     1 }] is used by node 'result_norm' (GET_ROWS)
llama_graph_n_input_tensors: input tensor '                attn_inp_kq_mask' [f16, ne = {  2560,     1,     1,     1 }] is used by node 'node_222' (FLASH_ATTN_EXT)
llama_graph_n_input_tensors: input tensor '                attn_inp_kq_mask' [f16, ne = {  2560,     1,     1,     1 }] is used by node 'node_456' (FLASH_ATTN_EXT)
llama_graph_n_input_tensors: input tensor '                attn_inp_kq_mask' [f16, ne = {  2560,     1,     1,     1 }] is used by node 'node_690' (FLASH_ATTN_EXT)
llama_graph_n_input_tensors: input tensor '                attn_inp_kq_mask' [f16, ne = {  2560,     1,     1,     1 }] is used by node 'node_924' (FLASH_ATTN_EXT)
llama_graph_n_input_tensors: input tensor '                attn_inp_kq_mask' [f16, ne = {  2560,     1,     1,     1 }] is used by node 'node_1158' (FLASH_ATTN_EXT)
llama_graph_n_input_tensors: input tensor '                attn_inp_kq_mask' [f16, ne = {  2560,     1,     1,     1 }] is used by node 'node_1392' (FLASH_ATTN_EXT)
llama_graph_n_input_tensors: input tensor '                      inp_tokens' [i32, ne = {     1,     1,     1,     1 }] is used by node 'model.input_embed' (GET_ROWS)
llama_graph_n_input_tensors: input tensor '                 attn_inp_k_idxs' [i64, ne = {     1,     1,     1,     1 }] is used by node 'cache_k_l3 (view)' (SET_ROWS)
llama_graph_n_input_tensors: input tensor '                 attn_inp_k_idxs' [i64, ne = {     1,     1,     1,     1 }] is used by node 'cache_k_l7 (view)' (SET_ROWS)
llama_graph_n_input_tensors: input tensor '                 attn_inp_k_idxs' [i64, ne = {     1,     1,     1,     1 }] is used by node 'cache_k_l11 (view)' (SET_ROWS)
llama_graph_n_input_tensors: input tensor '                 attn_inp_k_idxs' [i64, ne = {     1,     1,     1,     1 }] is used by node 'cache_k_l15 (view)' (SET_ROWS)
llama_graph_n_input_tensors: input tensor '                 attn_inp_k_idxs' [i64, ne = {     1,     1,     1,     1 }] is used by node 'cache_k_l19 (view)' (SET_ROWS)
llama_graph_n_input_tensors: input tensor '                 attn_inp_k_idxs' [i64, ne = {     1,     1,     1,     1 }] is used by node 'cache_k_l23 (view)' (SET_ROWS)
llama_graph_n_input_tensors: input tensor '                         inp_pos' [i32, ne = {     4,     1,     1,     1 }] is used by node 'Qcur-3' (ROPE)
llama_graph_n_input_tensors: input tensor '                         inp_pos' [i32, ne = {     4,     1,     1,     1 }] is used by node 'Kcur-3' (ROPE)
llama_graph_n_input_tensors: input tensor '                         inp_pos' [i32, ne = {     4,     1,     1,     1 }] is used by node 'Qcur-7' (ROPE)
llama_graph_n_input_tensors: input tensor '                         inp_pos' [i32, ne = {     4,     1,     1,     1 }] is used by node 'Kcur-7' (ROPE)
llama_graph_n_input_tensors: input tensor '                         inp_pos' [i32, ne = {     4,     1,     1,     1 }] is used by node 'Qcur-11' (ROPE)
llama_graph_n_input_tensors: input tensor '                         inp_pos' [i32, ne = {     4,     1,     1,     1 }] is used by node 'Kcur-11' (ROPE)
llama_graph_n_input_tensors: input tensor '                         inp_pos' [i32, ne = {     4,     1,     1,     1 }] is used by node 'Qcur-15' (ROPE)
llama_graph_n_input_tensors: input tensor '                         inp_pos' [i32, ne = {     4,     1,     1,     1 }] is used by node 'Kcur-15' (ROPE)
llama_graph_n_input_tensors: input tensor '                         inp_pos' [i32, ne = {     4,     1,     1,     1 }] is used by node 'Qcur-19' (ROPE)
llama_graph_n_input_tensors: input tensor '                         inp_pos' [i32, ne = {     4,     1,     1,     1 }] is used by node 'Kcur-19' (ROPE)
llama_graph_n_input_tensors: input tensor '                         inp_pos' [i32, ne = {     4,     1,     1,     1 }] is used by node 'Qcur-23' (ROPE)
llama_graph_n_input_tensors: input tensor '                         inp_pos' [i32, ne = {     4,     1,     1,     1 }] is used by node 'Kcur-23' (ROPE)
llama_graph_n_input_tensors: input tensor '                 attn_inp_v_idxs' [i64, ne = {     1,     1,     1,     1 }] is used by node 'cache_v_l3 (view)' (SET_ROWS)
llama_graph_n_input_tensors: input tensor '                 attn_inp_v_idxs' [i64, ne = {     1,     1,     1,     1 }] is used by node 'cache_v_l7 (view)' (SET_ROWS)
llama_graph_n_input_tensors: input tensor '                 attn_inp_v_idxs' [i64, ne = {     1,     1,     1,     1 }] is used by node 'cache_v_l11 (view)' (SET_ROWS)
llama_graph_n_input_tensors: input tensor '                 attn_inp_v_idxs' [i64, ne = {     1,     1,     1,     1 }] is used by node 'cache_v_l15 (view)' (SET_ROWS)
llama_graph_n_input_tensors: input tensor '                 attn_inp_v_idxs' [i64, ne = {     1,     1,     1,     1 }] is used by node 'cache_v_l19 (view)' (SET_ROWS)
llama_graph_n_input_tensors: input tensor '                 attn_inp_v_idxs' [i64, ne = {     1,     1,     1,     1 }] is used by node 'cache_v_l23 (view)' (SET_ROWS)
llama_graph_n_input_tensors: input tensor '                       rs_s_copy' [i32, ne = {     1,     1,     1,     1 }] is used by node 'rs_s_copy (view)' (VIEW)
llama_graph_n_input_tensors: input tensor '                       rs_s_copy' [i32, ne = {     1,     1,     1,     1 }] is used by node 'rs_s_copy (view)' (VIEW)
graph_reserve: reserving a graph for ubatch with n_tokens =  512, n_seqs =  1, n_outputs =  512
llama_graph_n_input_tensors: input tensor '                         out_ids' [i32, ne = {   512,     1,     1,     1 }] is used by node 'result_norm' (GET_ROWS)
llama_graph_n_input_tensors: input tensor '                attn_inp_kq_mask' [f16, ne = {  2560,   512,     1,     1 }] is used by node 'node_222' (FLASH_ATTN_EXT)
llama_graph_n_input_tensors: input tensor '                attn_inp_kq_mask' [f16, ne = {  2560,   512,     1,     1 }] is used by node 'node_456' (FLASH_ATTN_EXT)
llama_graph_n_input_tensors: input tensor '                attn_inp_kq_mask' [f16, ne = {  2560,   512,     1,     1 }] is used by node 'node_690' (FLASH_ATTN_EXT)
llama_graph_n_input_tensors: input tensor '                attn_inp_kq_mask' [f16, ne = {  2560,   512,     1,     1 }] is used by node 'node_924' (FLASH_ATTN_EXT)
llama_graph_n_input_tensors: input tensor '                attn_inp_kq_mask' [f16, ne = {  2560,   512,     1,     1 }] is used by node 'node_1158' (FLASH_ATTN_EXT)
llama_graph_n_input_tensors: input tensor '                attn_inp_kq_mask' [f16, ne = {  2560,   512,     1,     1 }] is used by node 'node_1392' (FLASH_ATTN_EXT)
llama_graph_n_input_tensors: input tensor '                      inp_tokens' [i32, ne = {   512,     1,     1,     1 }] is used by node 'model.input_embed' (GET_ROWS)
llama_graph_n_input_tensors: input tensor '                 attn_inp_k_idxs' [i64, ne = {   512,     1,     1,     1 }] is used by node 'cache_k_l3 (view)' (SET_ROWS)
llama_graph_n_input_tensors: input tensor '                 attn_inp_k_idxs' [i64, ne = {   512,     1,     1,     1 }] is used by node 'cache_k_l7 (view)' (SET_ROWS)
llama_graph_n_input_tensors: input tensor '                 attn_inp_k_idxs' [i64, ne = {   512,     1,     1,     1 }] is used by node 'cache_k_l11 (view)' (SET_ROWS)
llama_graph_n_input_tensors: input tensor '                 attn_inp_k_idxs' [i64, ne = {   512,     1,     1,     1 }] is used by node 'cache_k_l15 (view)' (SET_ROWS)
llama_graph_n_input_tensors: input tensor '                 attn_inp_k_idxs' [i64, ne = {   512,     1,     1,     1 }] is used by node 'cache_k_l19 (view)' (SET_ROWS)
llama_graph_n_input_tensors: input tensor '                 attn_inp_k_idxs' [i64, ne = {   512,     1,     1,     1 }] is used by node 'cache_k_l23 (view)' (SET_ROWS)
llama_graph_n_input_tensors: input tensor '                         inp_pos' [i32, ne = {  2048,     1,     1,     1 }] is used by node 'Qcur-3' (ROPE)
llama_graph_n_input_tensors: input tensor '                         inp_pos' [i32, ne = {  2048,     1,     1,     1 }] is used by node 'Kcur-3' (ROPE)
llama_graph_n_input_tensors: input tensor '                         inp_pos' [i32, ne = {  2048,     1,     1,     1 }] is used by node 'Qcur-7' (ROPE)
llama_graph_n_input_tensors: input tensor '                         inp_pos' [i32, ne = {  2048,     1,     1,     1 }] is used by node 'Kcur-7' (ROPE)
llama_graph_n_input_tensors: input tensor '                         inp_pos' [i32, ne = {  2048,     1,     1,     1 }] is used by node 'Qcur-11' (ROPE)
llama_graph_n_input_tensors: input tensor '                         inp_pos' [i32, ne = {  2048,     1,     1,     1 }] is used by node 'Kcur-11' (ROPE)
llama_graph_n_input_tensors: input tensor '                         inp_pos' [i32, ne = {  2048,     1,     1,     1 }] is used by node 'Qcur-15' (ROPE)
llama_graph_n_input_tensors: input tensor '                         inp_pos' [i32, ne = {  2048,     1,     1,     1 }] is used by node 'Kcur-15' (ROPE)
llama_graph_n_input_tensors: input tensor '                         inp_pos' [i32, ne = {  2048,     1,     1,     1 }] is used by node 'Qcur-19' (ROPE)
llama_graph_n_input_tensors: input tensor '                         inp_pos' [i32, ne = {  2048,     1,     1,     1 }] is used by node 'Kcur-19' (ROPE)
llama_graph_n_input_tensors: input tensor '                         inp_pos' [i32, ne = {  2048,     1,     1,     1 }] is used by node 'Qcur-23' (ROPE)
llama_graph_n_input_tensors: input tensor '                         inp_pos' [i32, ne = {  2048,     1,     1,     1 }] is used by node 'Kcur-23' (ROPE)
llama_graph_n_input_tensors: input tensor '                 attn_inp_v_idxs' [i64, ne = {   512,     1,     1,     1 }] is used by node 'cache_v_l3 (view)' (SET_ROWS)
llama_graph_n_input_tensors: input tensor '                 attn_inp_v_idxs' [i64, ne = {   512,     1,     1,     1 }] is used by node 'cache_v_l7 (view)' (SET_ROWS)
llama_graph_n_input_tensors: input tensor '                 attn_inp_v_idxs' [i64, ne = {   512,     1,     1,     1 }] is used by node 'cache_v_l11 (view)' (SET_ROWS)
llama_graph_n_input_tensors: input tensor '                 attn_inp_v_idxs' [i64, ne = {   512,     1,     1,     1 }] is used by node 'cache_v_l15 (view)' (SET_ROWS)
llama_graph_n_input_tensors: input tensor '                 attn_inp_v_idxs' [i64, ne = {   512,     1,     1,     1 }] is used by node 'cache_v_l19 (view)' (SET_ROWS)
llama_graph_n_input_tensors: input tensor '                 attn_inp_v_idxs' [i64, ne = {   512,     1,     1,     1 }] is used by node 'cache_v_l23 (view)' (SET_ROWS)
llama_graph_n_input_tensors: input tensor '                       rs_s_copy' [i32, ne = {     1,     1,     1,     1 }] is used by node 'rs_s_copy (view)' (VIEW)
llama_graph_n_input_tensors: input tensor '                       rs_s_copy' [i32, ne = {     1,     1,     1,     1 }] is used by node 'rs_s_copy (view)' (VIEW)
sched_reserve:       MTL0 compute buffer size =   495.52 MiB
sched_reserve:        CPU compute buffer size =    10.52 MiB
sched_reserve: graph: nodes = 1411, splits = 2, input objects = 4, input tensors = 7
sched_reserve: reserve took 15.01 ms, sched copies = 1
ggml_metal_library_compile_pipeline: compiling pipeline: base = 'kernel_flash_attn_ext_vec_f16_dk256_dv256_q1_ne2', name = 'kernel_flash_attn_ext_vec_f16_dk256_dv256_q1_ne2_mask=1_sink=0_bias=0_scap=0_kvpad=0_sparse=0_ns10=512_ns20=512_nsg=2_nwg=32'
ggml_metal_library_compile_pipeline: loaded kernel_flash_attn_ext_vec_f16_dk256_dv256_q1_ne2_mask=1_sink=0_bias=0_scap=0_kvpad=0_sparse=0_ns10=512_ns20=512_nsg=2_nwg=32      0xa689a7b80 | th_max = 1024 | th_width =   32
~llama_context:       MTL0 compute buffer size is 495.5176 MiB, matches expectation of 495.5176 MiB
~llama_context:        CPU compute buffer size is  10.5196 MiB, matches expectation of  10.5196 MiB
~llama_context:        CPU compute buffer size is   0.0000 MiB, matches expectation of   0.0000 MiB
ggml_metal_free: deallocating
